id,duration_s,label,reason,delta_power_w,delta_hr_bpm,hr_bell,group,image
250708171459__laps_021-022,61.0,Ambiguo,Potenza in calo; HR piatta o crescente,-344.9230769230769,8.0,False,1,G1_ambigui_08.png
250729173622__laps_010-011,61.0,Ambiguo,Potenza in calo; HR piatta o crescente,-375.38461538461536,16.0,False,1,G1_ambigui_08.png
260407082440__laps_005-006,50.0,Ambiguo,Potenza in salita; HR non concorde,138.0909090909091,-1.0,False,1,G1_ambigui_07.png
260407082440__laps_009-010,47.0,Ambiguo,Potenza in salita; HR non concorde,182.8,-3.5,False,1,G1_ambigui_03.png
260407082440__laps_011-012,46.0,Ambiguo,Potenza in salita; HR non concorde,207.10000000000002,-4.0,False,1,G1_ambigui_02.png
260407082440__laps_013-014,46.0,Ambiguo,Potenza in salita; HR non concorde,204.2,0.0,False,1,G1_ambigui_02.png
260407082440__laps_015-016,50.0,Ambiguo,Potenza in salita; HR non concorde,59.0,-3.0,False,1,G1_ambigui_07.png
260407082440__laps_017-018,45.0,Ambiguo,Potenza in salita; HR non concorde,276.8,2.5,False,1,G1_ambigui_01.png
260407082440__laps_019-020,46.0,Ambiguo,Potenza in salita; HR non concorde,214.8,-3.0,False,1,G1_ambigui_02.png
260407082440__laps_021-022,47.0,Ambiguo,Potenza in salita; HR non concorde,235.7,-5.0,False,1,G1_ambigui_03.png
260407082440__laps_023-024,46.0,Ambiguo,Potenza in salita; HR non concorde,221.6,1.0,False,1,G1_ambigui_02.png
260407082440__laps_025-026,48.0,Ambiguo,Potenza in salita; HR non concorde,81.7,-2.5,False,1,G1_ambigui_05.png
260407082440__laps_031-032,48.0,Ambiguo,Potenza in calo; HR piatta o crescente,-338.4,35.5,False,1,G1_ambigui_05.png
260407082440__laps_033-034,51.0,Ambiguo,Potenza in calo; HR piatta o crescente,-318.0,8.0,False,1,G1_ambigui_08.png
260407082440__laps_035-036,47.0,Ambiguo,Potenza in calo; HR piatta o crescente,-337.09999999999997,11.5,False,1,G1_ambigui_03.png
260407082440__laps_037-038,46.0,Ambiguo,Potenza in calo; HR piatta o crescente,-293.8,8.5,False,1,G1_ambigui_02.png
260407082440__laps_039-040,47.0,Ambiguo,Potenza in calo; HR piatta o crescente,-306.1,4.5,False,1,G1_ambigui_03.png
260407082440__laps_041-042,45.0,Ambiguo,Potenza in calo; HR piatta o crescente,-308.9,5.5,False,1,G1_ambigui_01.png
260407082440__laps_043-044,47.0,Ambiguo,Potenza in calo; HR piatta o crescente,-273.29999999999995,2.5,False,1,G1_ambigui_04.png
260407082440__laps_045-046,47.0,Ambiguo,Potenza in calo; HR piatta o crescente,-293.90000000000003,7.0,False,1,G1_ambigui_04.png
260407082440__laps_047-048,47.0,Ambiguo,Potenza in calo; HR piatta o crescente,-338.3,6.5,False,1,G1_ambigui_04.png
260407082440__laps_049-050,47.0,Ambiguo,Potenza in calo; HR piatta o crescente,-342.9,4.0,False,1,G1_ambigui_04.png
260407082440__laps_051-052,47.0,Ambiguo,Potenza in calo; HR piatta o crescente,-356.9,12.0,False,1,G1_ambigui_04.png
260407082440__laps_053-054,45.0,Ambiguo,Potenza in calo; HR piatta o crescente,-309.0,4.5,False,1,G1_ambigui_01.png
260407082440__laps_055-056,48.0,Ambiguo,Potenza in calo; HR piatta o crescente,-290.5,3.5,False,1,G1_ambigui_05.png
260407082440__laps_060-061,50.0,Ambiguo,Potenza in calo; HR piatta o crescente,-343.6363636363636,29.0,False,1,G1_ambigui_07.png
260407082440__laps_062-063,62.0,Ambiguo,Potenza in calo; HR piatta o crescente,-169.0769230769231,17.0,False,1,G1_ambigui_08.png
260407082440__laps_064-065,46.0,Ambiguo,Potenza in calo; HR piatta o crescente,-63.50000000000003,5.5,False,1,G1_ambigui_02.png
260407082440__laps_066-067,48.0,Ambiguo,Potenza in calo; HR piatta o crescente,-281.0,2.5,False,1,G1_ambigui_06.png
260407082440__laps_068-069,48.0,Ambiguo,Potenza in calo; HR piatta o crescente,-270.4,4.0,False,1,G1_ambigui_06.png
260407082440__laps_070-071,48.0,Ambiguo,Potenza in calo; HR piatta o crescente,-293.1,3.5,False,1,G1_ambigui_06.png
260407082440__laps_072-073,45.0,Ambiguo,Potenza in calo; HR piatta o crescente,-270.3,0.5,False,1,G1_ambigui_01.png
260407082440__laps_074-075,47.0,Ambiguo,Potenza in calo; HR piatta o crescente,-235.3,9.0,False,1,G1_ambigui_04.png
260407082440__laps_078-079,47.0,Ambiguo,Potenza in calo; HR piatta o crescente,-315.8,7.5,False,1,G1_ambigui_04.png
260407082440__laps_080-083,98.0,Ambiguo,Potenza in calo; HR piatta o crescente,-229.2,12.0,False,1,G1_ambigui_09.png
260424160919__laps_008-009,46.0,Ambiguo,Potenza in calo; HR piatta o crescente,-282.59999999999997,10.0,False,1,G1_ambigui_02.png
260424160919__laps_012-013,47.0,Ambiguo,Potenza in calo; HR piatta o crescente,-313.59999999999997,6.5,False,1,G1_ambigui_04.png
260424160919__laps_016-017,45.0,Ambiguo,Potenza in calo; HR piatta o crescente,-395.2,9.5,False,1,G1_ambigui_01.png
260424160919__laps_018-019,46.0,Ambiguo,Potenza in calo; HR piatta o crescente,-238.2,6.0,False,1,G1_ambigui_02.png
260424160919__laps_020-021,46.0,Ambiguo,Potenza in calo; HR piatta o crescente,-466.1,12.5,False,1,G1_ambigui_02.png
260424160919__laps_024-025,47.0,Ambiguo,Potenza in calo; HR piatta o crescente,-171.2,8.0,False,1,G1_ambigui_04.png
260424160919__laps_031-032,47.0,Ambiguo,Potenza in calo; HR piatta o crescente,-355.4,33.0,False,1,G1_ambigui_04.png
260424160919__laps_033-034,47.0,Ambiguo,Potenza in calo; HR piatta o crescente,-223.10000000000002,8.0,False,1,G1_ambigui_05.png
260424160919__laps_037-038,48.0,Ambiguo,Potenza in calo; HR piatta o crescente,-226.2,3.0,False,1,G1_ambigui_06.png
260424160919__laps_039-040,46.0,Ambiguo,Potenza in calo; HR piatta o crescente,-304.1,7.5,False,1,G1_ambigui_02.png
260424160919__laps_041-042,45.0,Ambiguo,Potenza in calo; HR piatta o crescente,-338.4,6.0,False,1,G1_ambigui_01.png
260424160919__laps_045-046,45.0,Ambiguo,Potenza in calo; HR piatta o crescente,-367.70000000000005,29.0,False,1,G1_ambigui_01.png
260424160919__laps_047-048,45.0,Ambiguo,Potenza in calo; HR piatta o crescente,-284.09999999999997,9.5,False,1,G1_ambigui_01.png
260424160919__laps_049-050,46.0,Ambiguo,Potenza in calo; HR piatta o crescente,-323.0,10.0,False,1,G1_ambigui_03.png
260424160919__laps_051-052,47.0,Ambiguo,Potenza in calo; HR piatta o crescente,-332.2,5.5,False,1,G1_ambigui_05.png
260424160919__laps_053-054,48.0,Ambiguo,Potenza in calo; HR piatta o crescente,-321.5,6.0,False,1,G1_ambigui_06.png
260424160919__laps_055-056,48.0,Ambiguo,Potenza in calo; HR piatta o crescente,-305.4,3.5,False,1,G1_ambigui_06.png
260424160919__laps_057-058,50.0,Ambiguo,Potenza in calo; HR piatta o crescente,-328.0,13.0,False,1,G1_ambigui_08.png
260424160919__laps_060-061,48.0,Ambiguo,Potenza in calo; HR piatta o crescente,-298.2,38.5,False,1,G1_ambigui_06.png
260424160919__laps_064-065,48.0,Ambiguo,Potenza in calo; HR piatta o crescente,-257.0,8.0,False,1,G1_ambigui_06.png
260424160919__laps_072-073,50.0,Ambiguo,Potenza in calo; HR piatta o crescente,-204.54545454545456,9.0,False,1,G1_ambigui_08.png
260424160919__laps_078-079,53.0,Ambiguo,Potenza in calo; HR piatta o crescente,-201.09090909090912,3.0,False,1,G1_ambigui_08.png
260424160919__laps_080-081,48.0,Ambiguo,Potenza in calo; HR piatta o crescente,-210.1,10.5,False,1,G1_ambigui_06.png
260424160919__laps_082-083,47.0,Ambiguo,Potenza in calo; HR piatta o crescente,-289.4,8.5,False,1,G1_ambigui_05.png
260427170343__laps_004-005,48.0,Ambiguo,Potenza in calo; HR piatta o crescente,-338.90000000000003,31.5,False,1,G1_ambigui_06.png
260427170343__laps_012-013,51.0,Ambiguo,Potenza in calo; HR piatta o crescente,-275.5454545454545,8.0,False,1,G1_ambigui_08.png
260427170343__laps_014-015,46.0,Ambiguo,Potenza in calo; HR piatta o crescente,-242.40000000000003,8.0,False,1,G1_ambigui_03.png
260427170343__laps_024-025,45.0,Ambiguo,Potenza in calo; HR piatta o crescente,-383.8,13.0,False,1,G1_ambigui_01.png
260427170343__laps_026-027,47.0,Ambiguo,Potenza in calo; HR piatta o crescente,-301.09999999999997,4.5,False,1,G1_ambigui_05.png
260427170343__laps_031-032,48.0,Ambiguo,Potenza in calo; HR piatta o crescente,-306.2,23.0,False,1,G1_ambigui_07.png
260427170343__laps_033-034,50.0,Ambiguo,Potenza in calo; HR piatta o crescente,-246.27272727272725,7.0,False,1,G1_ambigui_08.png
260427170343__laps_037-038,46.0,Ambiguo,Potenza in calo; HR piatta o crescente,-237.0,7.0,False,1,G1_ambigui_03.png
260427170343__laps_045-046,48.0,Ambiguo,Potenza in calo; HR piatta o crescente,-386.5,14.0,False,1,G1_ambigui_07.png
260427170343__laps_049-050,47.0,Ambiguo,Potenza in calo; HR piatta o crescente,-243.6,8.0,False,1,G1_ambigui_05.png
260427170343__laps_053-054,47.0,Ambiguo,Potenza in calo; HR piatta o crescente,-276.0,6.5,False,1,G1_ambigui_05.png
260427170343__laps_060-061,47.0,Ambiguo,Potenza in calo; HR piatta o crescente,-287.8,19.0,False,1,G1_ambigui_05.png
260427170343__laps_062-063,46.0,Ambiguo,Potenza in calo; HR piatta o crescente,-347.5,7.0,False,1,G1_ambigui_03.png
260427170343__laps_066-067,46.0,Ambiguo,Potenza in calo; HR piatta o crescente,-333.7,8.0,False,1,G1_ambigui_03.png
260427170343__laps_068-069,48.0,Ambiguo,Potenza in calo; HR piatta o crescente,-283.20000000000005,4.5,False,1,G1_ambigui_07.png
260427170343__laps_070-071,50.0,Ambiguo,Potenza in calo; HR piatta o crescente,-296.4545454545455,11.0,False,1,G1_ambigui_08.png
260427170343__laps_074-075,48.0,Ambiguo,Potenza in calo; HR piatta o crescente,-127.39999999999998,34.0,False,1,G1_ambigui_07.png
260427170343__laps_076-077,109.0,Ambiguo,Potenza in salita; HR non concorde,222.54545454545453,-21.0,False,1,G1_ambigui_09.png
260427170343__laps_078-079,45.0,Ambiguo,Potenza in salita; HR non concorde,215.6,1.5,False,1,G1_ambigui_01.png
260427170343__laps_080-081,46.0,Ambiguo,Potenza in salita; HR non concorde,262.7,-2.0,False,1,G1_ambigui_03.png
260427170343__laps_082-083,48.0,Ambiguo,Potenza in salita; HR non concorde,226.6,-8.5,False,1,G1_ambigui_07.png
260427170343__laps_084-085,48.0,Ambiguo,Potenza in salita; HR non concorde,224.2,1.5,False,1,G1_ambigui_07.png
260427170343__laps_086-087,48.0,Ambiguo,Potenza in salita; HR non concorde,212.10000000000002,-0.5,False,1,G1_ambigui_07.png
250611110321__laps_015-016,222.0,Ambiguo,Potenza senza direzione netta,8.51111111111112,-2.0,True,2,G2_ambigui_01.png
250729173622__laps_020-025,180.0,Ambiguo,Potenza in calo; HR piatta o crescente,-261.21621621621625,17.0,False,2,G2_ambigui_01.png
260428165622__laps_002-002,181.0,Ambiguo,Potenza in calo; HR piatta o crescente,-70.81081081081084,30.0,False,2,G2_ambigui_01.png
260428165622__laps_004-004,180.0,Ambiguo,Potenza in calo; HR piatta o crescente,-45.70270270270271,15.0,False,2,G2_ambigui_01.png
260428165622__laps_007-007,180.0,Ambiguo,Potenza in calo; HR piatta o crescente,-82.7837837837838,18.0,False,2,G2_ambigui_01.png
260428165622__laps_009-009,181.0,Ambiguo,Potenza senza direzione netta,21.513513513513544,15.0,True,2,G2_ambigui_01.png
260716153012__laps_009-009,301.0,Ambiguo,Potenza in salita; HR non concorde,20.13114754098359,-36.0,False,2,G2_ambigui_01.png
260904062108__laps_005-005,186.0,Ambiguo,Potenza senza direzione netta,-1.3684210526315894,-31.0,False,2,G2_ambigui_01.png
260407082440__laps_007-008,45.0,DtU,HR in salita,162.2,6.0,False,1,G1_UtD_DtU_01.png
260427170343__laps_088-089,47.0,DtU,HR in salita,489.2,10.5,False,1,G1_UtD_DtU_01.png
250708171459__laps_017-018,62.0,UtD,HR a campana,-296.0,14.0,True,1,G1_UtD_DtU_09.png
250708171459__laps_019-020,72.0,UtD,HR a campana,-314.66666666666663,3.0,True,1,G1_UtD_DtU_11.png
250708171459__laps_023-024,62.0,UtD,HR a campana,-355.7692307692307,16.0,True,1,G1_UtD_DtU_09.png
250715165154__laps_011-012,60.0,UtD,HR a campana,-278.9230769230769,22.0,True,1,G1_UtD_DtU_07.png
250715165154__laps_013-014,63.0,UtD,HR a campana,-248.15384615384613,-1.0,True,1,G1_UtD_DtU_10.png
250715165154__laps_015-016,61.0,UtD,HR a campana,-358.69230769230774,7.0,True,1,G1_UtD_DtU_08.png
250715165154__laps_017-018,61.0,UtD,HR a campana,-417.46153846153845,17.0,True,1,G1_UtD_DtU_08.png
250715165154__laps_019-020,62.0,UtD,HR a campana,-406.2307692307692,8.0,True,1,G1_UtD_DtU_09.png
250715165154__laps_021-023,90.0,UtD,HR a campana,-234.0,19.0,True,1,G1_UtD_DtU_11.png
250715165154__laps_024-025,62.0,UtD,HR a campana,-387.61538461538464,17.0,True,1,G1_UtD_DtU_10.png
250729173622__laps_002-003,61.0,UtD,HR a campana,-425.1538461538462,19.0,True,1,G1_UtD_DtU_08.png
250729173622__laps_004-005,60.0,UtD,HR in discesa,-309.53846153846155,-8.0,False,1,G1_UtD_DtU_07.png
250729173622__laps_006-007,73.0,UtD,HR a campana,-576.7333333333333,2.0,True,1,G1_UtD_DtU_11.png
250729173622__laps_008-009,61.0,UtD,HR a campana,-496.3076923076924,25.0,True,1,G1_UtD_DtU_08.png
250729173622__laps_020-021,60.0,UtD,HR a campana,-442.53846153846155,33.0,True,1,G1_UtD_DtU_07.png
250729173622__laps_022-023,61.0,UtD,HR a campana,-359.6923076923077,10.0,True,1,G1_UtD_DtU_09.png
250729173622__laps_024-025,60.0,UtD,HR a campana,-325.0,19.0,True,1,G1_UtD_DtU_08.png
250729173622__laps_026-027,61.0,UtD,HR a campana,-332.15384615384613,10.0,True,1,G1_UtD_DtU_09.png
250729173622__laps_028-029,62.0,UtD,HR a campana,-315.61538461538464,10.0,True,1,G1_UtD_DtU_10.png
260407082440__laps_057-058,51.0,UtD,HR a campana,-272.27272727272725,4.0,True,1,G1_UtD_DtU_05.png
260407082440__laps_076-077,46.0,UtD,HR a campana,-231.29999999999998,3.0,True,1,G1_UtD_DtU_01.png
260424160919__laps_006-007,48.0,UtD,HR a campana,-306.0,5.0,True,1,G1_UtD_DtU_03.png
260424160919__laps_010-011,46.0,UtD,HR a campana,-318.5,9.0,True,1,G1_UtD_DtU_02.png
260424160919__laps_014-015,46.0,UtD,HR a campana,-293.4,5.0,True,1,G1_UtD_DtU_02.png
260424160919__laps_022-023,45.0,UtD,HR a campana,-337.29999999999995,5.0,True,1,G1_UtD_DtU_01.png
260424160919__laps_026-027,45.0,UtD,HR a campana,-427.8,6.0,True,1,G1_UtD_DtU_01.png
260424160919__laps_028-029,47.0,UtD,HR a campana,-412.50000000000006,6.5,True,1,G1_UtD_DtU_02.png
260424160919__laps_035-036,44.0,UtD,HR a campana,-305.1111111111111,4.0,True,1,G1_UtD_DtU_01.png
260424160919__laps_062-063,51.0,UtD,HR a campana,-168.81818181818184,7.0,True,1,G1_UtD_DtU_06.png
260424160919__laps_066-067,48.0,UtD,HR a campana,-252.4,5.0,True,1,G1_UtD_DtU_03.png
260424160919__laps_068-069,49.0,UtD,HR a campana,-282.1,3.5,True,1,G1_UtD_DtU_04.png
260424160919__laps_070-071,49.0,UtD,HR a campana,-250.8,9.5,True,1,G1_UtD_DtU_04.png
260424160919__laps_074-075,49.0,UtD,HR a campana,-244.4,4.5,True,1,G1_UtD_DtU_04.png
260424160919__laps_076-077,49.0,UtD,HR a campana,-249.3,5.5,True,1,G1_UtD_DtU_05.png
260424160919__laps_084-085,47.0,UtD,HR a campana,-372.40000000000003,6.0,True,1,G1_UtD_DtU_02.png
260424160919__laps_086-087,82.0,UtD,HR a campana,-355.2352941176471,-12.0,True,1,G1_UtD_DtU_11.png
260427170343__laps_006-007,48.0,UtD,HR a campana,-151.60000000000002,10.0,True,1,G1_UtD_DtU_03.png
260427170343__laps_008-009,54.0,UtD,HR a campana,-211.00000000000003,-3.0,True,1,G1_UtD_DtU_06.png
260427170343__laps_010-011,44.0,UtD,HR a campana,-331.22222222222223,4.0,True,1,G1_UtD_DtU_01.png
260427170343__laps_016-017,46.0,UtD,HR a campana,-160.59999999999997,1.5,True,1,G1_UtD_DtU_02.png
260427170343__laps_018-019,47.0,UtD,HR a campana,-343.5,13.0,True,1,G1_UtD_DtU_03.png
260427170343__laps_020-021,50.0,UtD,HR a campana,-232.0909090909091,2.0,True,1,G1_UtD_DtU_05.png
260427170343__laps_022-023,54.0,UtD,HR a campana,-312.81818181818187,2.0,True,1,G1_UtD_DtU_07.png
260427170343__laps_028-029,53.0,UtD,HR a campana,-271.0,0.0,True,1,G1_UtD_DtU_06.png
260427170343__laps_035-036,51.0,UtD,HR a campana,-223.27272727272728,3.0,True,1,G1_UtD_DtU_06.png
260427170343__laps_039-040,50.0,UtD,HR a campana,-284.6363636363636,8.0,True,1,G1_UtD_DtU_05.png
260427170343__laps_041-042,48.0,UtD,HR a campana,-271.3,7.0,True,1,G1_UtD_DtU_04.png
260427170343__laps_043-044,69.0,UtD,HR a campana,-295.2142857142857,-2.5,True,1,G1_UtD_DtU_10.png
260427170343__laps_047-048,48.0,UtD,HR a campana,-270.59999999999997,6.0,True,1,G1_UtD_DtU_04.png
260427170343__laps_051-052,49.0,UtD,HR a campana,-253.09999999999997,4.0,True,1,G1_UtD_DtU_05.png
260427170343__laps_055-056,47.0,UtD,HR a campana,-248.89999999999998,6.5,True,1,G1_UtD_DtU_03.png
260427170343__laps_058-059,58.0,UtD,HR a campana,-321.75,24.0,True,1,G1_UtD_DtU_07.png
260427170343__laps_064-065,51.0,UtD,HR a campana,-195.9090909090909,6.0,True,1,G1_UtD_DtU_06.png
260427170343__laps_072-073,100.0,UtD,HR a campana,-207.09523809523807,-29.0,True,1,G1_UtD_DtU_12.png
260427170343__laps_089-090,68.0,UtD,HR a campana,-506.14285714285717,4.0,True,1,G1_UtD_DtU_10.png
260501094312__laps_016-017,86.0,UtD,HR a campana,-521.5555555555555,22.5,True,1,G1_UtD_DtU_11.png
250604173939__laps_003-004,200.0,UtD,HR a campana,-203.5121951219512,-15.0,True,2,G2_UtD_DtU_02.png
250604173939__laps_005-006,201.0,UtD,HR a campana,-167.4878048780488,-15.0,True,2,G2_UtD_DtU_02.png
250604173939__laps_007-008,202.0,UtD,HR a campana,-159.1951219512195,-15.0,True,2,G2_UtD_DtU_04.png
250604173939__laps_009-010,201.0,UtD,HR a campana,-214.24390243902442,-17.0,True,2,G2_UtD_DtU_03.png
250604173939__laps_011-012,202.0,UtD,HR a campana,-143.46341463414637,-2.0,True,2,G2_UtD_DtU_04.png
250604173939__laps_013-014,202.0,UtD,HR a campana,-354.63414634146346,-23.0,True,2,G2_UtD_DtU_04.png
250604173939__laps_015-016,201.0,UtD,HR a campana,-119.87804878048777,14.0,True,2,G2_UtD_DtU_03.png
250604173939__laps_017-018,202.0,UtD,HR a campana,-68.60975609756093,-17.0,True,2,G2_UtD_DtU_04.png
250604173939__laps_019-020,201.0,UtD,HR in discesa,-76.56097560975607,-20.0,False,2,G2_UtD_DtU_03.png
250611110321__laps_003-004,221.0,UtD,HR a campana,-173.53333333333333,-20.0,True,2,G2_UtD_DtU_05.png
250611110321__laps_005-006,221.0,UtD,HR a campana,-188.04444444444448,-14.0,True,2,G2_UtD_DtU_05.png
250611110321__laps_007-008,222.0,UtD,HR a campana,-180.71111111111114,-10.0,True,2,G2_UtD_DtU_06.png
250611110321__laps_009-010,221.0,UtD,HR a campana,-136.79999999999998,2.0,True,2,G2_UtD_DtU_06.png
250611110321__laps_011-012,222.0,UtD,HR a campana,-109.04444444444448,-11.0,True,2,G2_UtD_DtU_06.png
250611110321__laps_013-014,221.0,UtD,HR a campana,-139.1777777777778,-8.0,True,2,G2_UtD_DtU_06.png
250611110321__laps_017-018,221.0,UtD,HR a campana,-142.64444444444445,-3.0,True,2,G2_UtD_DtU_06.png
250611110321__laps_019-020,222.0,UtD,HR a campana,-196.33333333333334,-19.0,True,2,G2_UtD_DtU_07.png
250625105513__laps_009-012,559.0,UtD,HR a campana,-75.51785714285714,-5.0,True,2,G2_UtD_DtU_14.png
250625105513__laps_013-016,558.0,UtD,HR a campana,-67.77678571428575,-15.0,True,2,G2_UtD_DtU_13.png
250625105513__laps_018-020,378.0,UtD,HR a campana,-108.11842105263159,-32.0,True,2,G2_UtD_DtU_11.png
250625105513__laps_023-024,256.0,UtD,HR in discesa,-136.96153846153845,-37.0,False,2,G2_UtD_DtU_08.png
250708171459__laps_002-003,361.0,UtD,HR a campana,-347.5342465753425,-67.0,True,2,G2_UtD_DtU_10.png
250708171459__laps_004-005,363.0,UtD,HR a campana,-354.3424657534247,-60.0,True,2,G2_UtD_DtU_11.png
250708171459__laps_006-007,361.0,UtD,HR a campana,-354.24657534246575,-58.0,True,2,G2_UtD_DtU_11.png
250708171459__laps_008-009,367.0,UtD,HR a campana,-294.6621621621622,-37.0,True,2,G2_UtD_DtU_11.png
250709173010__laps_003-004,199.0,UtD,HR a campana,-166.025,-24.0,True,2,G2_UtD_DtU_02.png
250709173010__laps_007-008,198.0,UtD,HR a campana,-131.4,-24.0,True,2,G2_UtD_DtU_01.png
250709173010__laps_009-010,201.0,UtD,HR a campana,-181.31707317073167,-19.0,True,2,G2_UtD_DtU_03.png
250709173010__laps_011-012,200.0,UtD,HR a campana,-135.6341463414634,-22.0,True,2,G2_UtD_DtU_02.png
250709173010__laps_013-014,202.0,UtD,HR a campana,-143.60975609756096,-18.0,True,2,G2_UtD_DtU_04.png
250709173010__laps_015-016,199.0,UtD,HR a campana,-135.09999999999997,-17.0,True,2,G2_UtD_DtU_02.png
250709173010__laps_017-018,201.0,UtD,HR a campana,-134.2439024390244,-21.0,True,2,G2_UtD_DtU_03.png
250709173010__laps_019-020,202.0,UtD,HR a campana,-138.58536585365852,-21.0,True,2,G2_UtD_DtU_05.png
250709173010__laps_023-024,193.0,UtD,HR a campana,-187.30769230769232,-7.0,True,2,G2_UtD_DtU_01.png
250709173010__laps_025-026,194.0,UtD,HR a campana,-198.51282051282053,-3.0,True,2,G2_UtD_DtU_01.png
250709173010__laps_027-028,202.0,UtD,HR a campana,-208.8048780487805,-30.0,True,2,G2_UtD_DtU_05.png
250715165154__laps_002-003,434.0,UtD,HR a campana,-335.9770114942529,-57.0,True,2,G2_UtD_DtU_12.png
250715165154__laps_004-005,421.0,UtD,HR a campana,-357.9764705882353,-57.0,True,2,G2_UtD_DtU_12.png
250715165154__laps_006-007,435.0,UtD,HR a campana,-306.9090909090909,-49.5,True,2,G2_UtD_DtU_12.png
250715165154__laps_008-009,478.0,UtD,HR a campana,-236.18749999999997,-49.0,True,2,G2_UtD_DtU_13.png
260321102409__laps_004-005,418.0,UtD,HR a campana,-137.66666666666666,-32.0,True,2,G2_UtD_DtU_12.png
260321102409__laps_006-007,335.0,UtD,HR in discesa,-141.26470588235293,-41.5,False,2,G2_UtD_DtU_10.png
260321102409__laps_008-009,471.0,UtD,HR in discesa,-99.82105263157897,-29.0,False,2,G2_UtD_DtU_12.png
260321102409__laps_010-011,241.0,UtD,HR a campana,-73.89795918367349,-18.0,True,2,G2_UtD_DtU_07.png
260321102409__laps_012-013,333.0,UtD,HR in discesa,-66.46268656716418,-33.0,False,2,G2_UtD_DtU_10.png
260501094312__laps_002-003,241.0,UtD,HR a campana,-197.6938775510204,-35.0,True,2,G2_UtD_DtU_07.png
260501094312__laps_004-005,242.0,UtD,HR a campana,-220.48979591836732,-25.0,True,2,G2_UtD_DtU_07.png
260501094312__laps_006-007,262.0,UtD,HR a campana,-229.4150943396226,-23.0,True,2,G2_UtD_DtU_09.png
260501094312__laps_008-010,346.0,UtD,HR a campana,-148.05714285714285,-21.5,True,2,G2_UtD_DtU_10.png
260501094312__laps_012-013,219.0,UtD,HR a campana,-186.47727272727272,-43.0,True,2,G2_UtD_DtU_05.png
260501094312__laps_014-015,257.0,UtD,HR a campana,-222.21153846153848,-41.0,True,2,G2_UtD_DtU_08.png
260523080618__laps_002-003,265.0,UtD,HR a campana,-204.37037037037035,-14.5,True,2,G2_UtD_DtU_09.png
260523080618__laps_004-005,363.0,UtD,HR a campana,-133.24061941631922,-25.0,True,2,G2_UtD_DtU_11.png
260523080618__laps_008-009,198.0,UtD,HR a campana,-162.37499999999997,-36.5,True,2,G2_UtD_DtU_01.png
260523080618__laps_010-011,198.0,UtD,HR a campana,-124.57499999999999,-38.5,True,2,G2_UtD_DtU_01.png
260716153012__laps_004-005,496.0,UtD,HR a campana,-157.06,-39.5,True,2,G2_UtD_DtU_13.png
260716153012__laps_006-007,496.0,UtD,HR a campana,-167.32,-41.5,True,2,G2_UtD_DtU_13.png
260716153012__laps_008-009,482.0,UtD,HR a campana,-186.48453608247422,-42.0,True,2,G2_UtD_DtU_13.png
260716153012__laps_010-011,601.0,UtD,HR a campana,-204.8677685950413,-48.0,True,2,G2_UtD_DtU_14.png
260904062108__laps_002-003,240.0,UtD,HR a campana,-142.3061224489796,-12.0,True,2,G2_UtD_DtU_07.png
260904062108__laps_004-005,246.0,UtD,HR a campana,-166.27999999999997,-20.0,True,2,G2_UtD_DtU_08.png
260904062108__laps_006-007,245.0,UtD,HR a campana,-152.35999999999999,-4.5,True,2,G2_UtD_DtU_08.png
260904062108__laps_010-011,256.0,UtD,HR in discesa,-181.6538461538462,-29.0,False,2,G2_UtD_DtU_08.png
260904062108__laps_012-013,275.0,UtD,HR a campana,-175.99999999999997,-16.5,True,2,G2_UtD_DtU_09.png
260904062108__laps_014-015,298.0,UtD,HR a campana,-92.10238095238094,-37.0,True,2,G2_UtD_DtU_09.png
260919065417__laps_002-003,301.0,UtD,HR a campana,-184.78688524590163,-16.0,True,2,G2_UtD_DtU_09.png
260919065417__laps_004-005,310.0,UtD,HR a campana,-159.30158730158732,-24.0,True,2,G2_UtD_DtU_10.png
