field,session_observed_count,session_denominator,session_fraction,record_observed_count,record_denominator,record_fraction
altitude,169,169,1.0,1206840,1206840,1.0
cadence,167,169,0.9881656804733728,1196667,1206840,0.9915705478771005
distance,169,169,1.0,1206840,1206840,1.0
enhanced_altitude,169,169,1.0,1206840,1206840,1.0
enhanced_speed,169,169,1.0,1205785,1206840,0.9991258161811011
heart_rate,169,169,1.0,1206004,1206840,0.9993072818269199
position_lat,169,169,1.0,1205836,1206840,0.9991680753041
position_long,169,169,1.0,1205836,1206840,0.9991680753041
power,164,169,0.9704142011834319,1183597,1206840,0.9807406118458122
speed,169,169,1.0,1205785,1206840,0.9991258161811011
temperature,169,169,1.0,1206840,1206840,1.0
timestamp,169,169,1.0,1206840,1206840,1.0
unknown_66,169,169,1.0,1206605,1206840,0.9998052765901031
