filename,row_index,elapsed_seconds,column,original,interpolated,left_anchor_s,right_anchor_s
010_250608073054.csv,86,86.0,power_w,,0.0,85.0,89.0
010_250608073054.csv,87,87.0,power_w,,0.0,85.0,89.0
010_250608073054.csv,88,88.0,power_w,,0.0,85.0,89.0
010_250608073054.csv,104,104.0,power_w,,268.66666666666663,103.0,106.0
010_250608073054.csv,105,105.0,power_w,,137.33333333333331,103.0,106.0
010_250608073054.csv,599,599.0,power_w,,227.66666666666666,598.0,601.0
010_250608073054.csv,600,600.0,power_w,,209.33333333333334,598.0,601.0
010_250608073054.csv,1198,1198.0,power_w,,184.33333333333334,1197.0,1200.0
010_250608073054.csv,1199,1199.0,power_w,,181.66666666666666,1197.0,1200.0
010_250608073054.csv,1579,1579.0,power_w,,0.0,1578.0,1581.0
010_250608073054.csv,1580,1580.0,power_w,,0.0,1578.0,1581.0
010_250608073054.csv,1800,1800.0,power_w,,166.0,1799.0,1803.0
010_250608073054.csv,1801,1801.0,power_w,,162.0,1799.0,1803.0
010_250608073054.csv,1802,1802.0,power_w,,158.0,1799.0,1803.0
029_250718101116.csv,2195,2195.0,power_w,,242.33333333333334,2194.0,2197.0
029_250718101116.csv,2196,2196.0,power_w,,240.66666666666666,2194.0,2197.0
055_260110082743.csv,3151,3151.0,heart_rate_bpm,,146.33333333333334,3150.0,3153.0
055_260110082743.csv,3152,3152.0,heart_rate_bpm,,145.66666666666666,3150.0,3153.0
071_260502130449.csv,738,738.0,power_w,,210.5,737.0,739.0
106_260728062911.csv,3598,3623.0,power_w,,73.0,3622.0,3624.0
121_260830104514.csv,1087,1087.0,power_w,,0.0,1086.0,1088.0
121_260830104514.csv,1141,1141.0,power_w,,0.0,1140.0,1143.0
121_260830104514.csv,1142,1142.0,power_w,,0.0,1140.0,1143.0
121_260830104514.csv,4321,4321.0,power_w,,84.5,4320.0,4322.0
121_260830104514.csv,4447,4447.0,power_w,,132.75,4446.0,4450.0
121_260830104514.csv,4448,4448.0,power_w,,129.5,4446.0,4450.0
121_260830104514.csv,4449,4449.0,power_w,,126.25,4446.0,4450.0
121_260830104514.csv,4465,4465.0,power_w,,0.0,4464.0,4467.0
121_260830104514.csv,4466,4466.0,power_w,,0.0,4464.0,4467.0
121_260830104514.csv,4619,4619.0,power_w,,13.666666666666666,4618.0,4621.0
121_260830104514.csv,4620,4620.0,power_w,,13.333333333333334,4618.0,4621.0
121_260830104514.csv,4632,4632.0,power_w,,142.5,4631.0,4633.0
121_260830104514.csv,4985,4985.0,power_w,,326.5,4984.0,4986.0
121_260830104514.csv,5180,5180.0,power_w,,332.3333333333333,5179.0,5182.0
121_260830104514.csv,5181,5181.0,power_w,,325.6666666666667,5179.0,5182.0
121_260830104514.csv,5207,5207.0,power_w,,123.5,5206.0,5210.0
121_260830104514.csv,5208,5208.0,power_w,,247.0,5206.0,5210.0
121_260830104514.csv,5209,5209.0,power_w,,370.5,5206.0,5210.0
