activity_id,source_file,source_path,file_size_bytes,parse_error,record_count,start_time,end_time,observed_span_s,fit_total_elapsed_time_s,fit_total_timer_time_s,fit_total_distance_m,fit_total_ascent_m,fit_total_descent_m,fit_avg_speed_m_s,fit_max_speed_m_s,fit_avg_power_w,fit_max_power_w,fit_avg_heart_rate_bpm,fit_max_heart_rate_bpm,fit_avg_cadence_rpm,fit_max_cadence_rpm,derived_work_kj,sport,sub_sport,record_field_count,power_observed_count,heart_rate_observed_count,heart_rate_longest_run_samples,heart_rate_longest_run_value,heart_rate_longest_run_start,heart_rate_longest_run_end,altitude_alias_pair_count,altitude_alias_mismatch_count,speed_alias_pair_count,speed_alias_mismatch_count,joint_observed_count,joint_observed_fraction
250511145356,250511145356.fit,dataset\cleaned\only_road_activities\250511145356.fit,211310,,7511,2025-05-11T12:53:57Z,2025-05-11T15:03:46Z,7789.0,7795.0,7505.0,63279.28,42,31,8.432,11.608,168,627,119,145,90,110,1268.009,cycling,generic,14,7511,7511,24,123.0,2025-05-11T13:41:00Z,2025-05-11T13:41:23Z,7511,0,7511,0,7511,1.0
250518083010,250518083010.fit,dataset\cleaned\only_road_activities\250518083010.fit,285228,,10133,2025-05-18T06:30:16Z,2025-05-18T09:19:08Z,10132.0,10160.0,10134.0,91944.29,1472,1475,9.073,20.257,250,1085,160,188,78,116,2535.644,cycling,generic,14,10068,10117,39,185.0,2025-05-18T07:20:47Z,2025-05-18T07:21:25Z,10133,0,10133,0,10052,0.9920063159972368
250524075639,250524075639.fit,dataset\cleaned\only_road_activities\250524075639.fit,103798,,3676,2025-05-24T05:56:40Z,2025-05-24T06:57:55Z,3675.0,3714.0,3677.0,30496.95,43,47,8.295,14.028,177,975,126,176,86,116,654.261,cycling,generic,14,3676,3676,24,133.0,2025-05-24T06:44:11Z,2025-05-24T06:44:34Z,3676,0,3676,0,3676,1.0
250525093943,250525093943.fit,dataset\cleaned\only_road_activities\250525093943.fit,71518,,2520,2025-05-25T07:39:44Z,2025-05-25T08:39:33Z,3589.0,3653.0,2518.0,20281.34,6,4,8.054,10.674,180,756,132,165,88,106,454.572,cycling,generic,14,2520,2520,19,115.0,2025-05-25T08:13:19Z,2025-05-25T08:13:37Z,2520,0,2520,0,2520,1.0
250525105224,250525105224.fit,dataset\cleaned\only_road_activities\250525105224.fit,175086,,6222,2025-05-25T08:52:25Z,2025-05-25T10:36:11Z,6226.0,6233.0,6223.0,71025.72,93,87,11.415,15.249,281,1007,173,195,86,112,1751.527,cycling,generic,14,6216,6216,32,180.0,2025-05-25T10:14:58Z,2025-05-25T10:15:29Z,6222,0,6222,0,6210,0.9980713596914176
250601090758,250601090758.fit,dataset\cleaned\only_road_activities\250601090758.fit,39674,,1383,2025-06-01T07:07:58Z,2025-06-01T07:35:31Z,1653.0,1978.0,1377.0,10155.19,43,44,7.374,11.377,137,751,114,158,83,116,189.538,cycling,generic,14,1383,1383,18,151.0,2025-06-01T07:10:08Z,2025-06-01T07:10:25Z,1383,0,1383,0,1383,1.0
250601095058,250601095058.fit,dataset\cleaned\only_road_activities\250601095058.fit,167448,,5950,2025-06-01T07:50:59Z,2025-06-01T09:30:08Z,5949.0,5956.0,5951.0,73292.72,365,366,12.318,17.056,272,1016,172,193,88,118,1622.082,cycling,generic,14,5933,5943,32,179.0,2025-06-01T08:00:41Z,2025-06-01T08:01:12Z,5950,0,5950,0,5926,0.9959663865546219
250604173939,250604173939.fit,dataset\cleaned\only_road_activities\250604173939.fit,107839,,3716,2025-06-04T15:39:39Z,2025-06-04T16:41:34Z,3715.0,3720.0,3716.0,36136.9,58,58,9.724,15.659,235,806,149,180,91,119,876.283,cycling,generic,14,3716,3716,44,142.0,2025-06-04T16:30:29Z,2025-06-04T16:31:12Z,3716,0,3716,0,3716,1.0
250607081806,250607081806.fit,dataset\cleaned\only_road_activities\250607081806.fit,101910,,3607,2025-06-07T06:18:07Z,2025-06-07T07:19:07Z,3660.0,3686.0,3606.0,31003.81,57,57,8.6,10.819,185,579,127,148,92,115,670.129,cycling,generic,14,3607,3607,25,131.0,2025-06-07T07:02:26Z,2025-06-07T07:02:50Z,3607,0,3607,0,3607,1.0
250608073054,250608073054.fit,dataset\cleaned\only_road_activities\250608073054.fit,232620,,8276,2025-06-08T05:30:55Z,2025-06-08T07:48:54Z,8279.0,8287.0,8276.0,71825.61,1308,1307,8.678,18.963,247,891,166,190,83,129,2048.933,cycling,generic,14,8262,8276,43,179.0,2025-06-08T06:17:35Z,2025-06-08T06:18:17Z,8276,0,8268,0,8262,0.9983083615273078
250611110321,250611110321.fit,dataset\cleaned\only_road_activities\250611110321.fit,109491,,3775,2025-06-11T09:03:22Z,2025-06-11T10:06:16Z,3774.0,3786.0,3776.0,37330.57,77,72,9.886,14.035,237,842,149,175,88,112,897.035,cycling,generic,14,3775,3775,58,160.0,2025-06-11T09:46:10Z,2025-06-11T09:47:07Z,3775,0,3775,0,3775,1.0
250615095052,250615095052.fit,dataset\cleaned\only_road_activities\250615095052.fit,21098,,718,2025-06-15T07:50:52Z,2025-06-15T08:14:43Z,1431.0,1657.0,710.0,3910.67,6,4,5.507,8.834,95,359,100,128,72,99,68.326,cycling,generic,14,718,718,14,101.0,2025-06-15T07:52:48Z,2025-06-15T07:53:01Z,718,0,718,0,718,1.0
250615104019,250615104019.fit,dataset\cleaned\only_road_activities\250615104019.fit,235760,,8374,2025-06-15T08:40:20Z,2025-06-15T10:59:53Z,8373.0,8390.0,8375.0,95835.55,749,740,11.443,19.145,241,973,168,195,84,122,2023.26,cycling,generic,14,8324,8348,36,180.0,2025-06-15T08:42:02Z,2025-06-15T08:42:37Z,8374,0,8374,0,8298,0.9909242894673991
250618105426,250618105426.fit,dataset\cleaned\only_road_activities\250618105426.fit,12211,,220,2025-06-18T08:54:26Z,2025-06-18T08:58:05Z,219.0,4117.0,4111.0,8124.6,4,4,1.976,12.27,204,755,141,178,94,121,39.025,cycling,generic,14,219,220,22,127.0,2025-06-18T08:56:03Z,2025-06-18T08:56:24Z,220,0,220,0,219,0.9954545454545455
250622100132,250622100132.fit,dataset\cleaned\only_road_activities\250622100132.fit,43472,,1521,2025-06-22T08:01:32Z,2025-06-22T08:28:00Z,1588.0,1598.0,1517.0,13006.24,8,8,8.579,11.024,200,578,137,168,90,107,304.286,cycling,generic,14,1521,1521,19,157.0,2025-06-22T08:15:34Z,2025-06-22T08:15:52Z,1521,0,1521,0,1521,1.0
250622105241,250622105241.fit,dataset\cleaned\only_road_activities\250622105241.fit,187510,,6666,2025-06-22T08:52:41Z,2025-06-22T10:43:46Z,6665.0,6671.0,6665.0,81071.61,97,93,12.163,16.563,262,1077,175,193,88,125,1751.624,cycling,generic,14,6664,6666,30,186.0,2025-06-22T09:02:40Z,2025-06-22T09:03:09Z,6666,0,6666,0,6664,0.9996999699969997
250625105513,250625105513.fit,dataset\cleaned\only_road_activities\250625105513.fit,127072,,4371,2025-06-25T08:55:14Z,2025-06-25T10:08:04Z,4370.0,4374.0,4374.0,39383.5,46,39,9.004,13.305,210,696,145,179,90,134,921.341,cycling,generic,14,4371,4371,31,169.0,2025-06-25T09:41:49Z,2025-06-25T09:42:19Z,4371,0,4371,0,4371,1.0
250628080614,250628080614.fit,dataset\cleaned\only_road_activities\250628080614.fit,94356,,3338,2025-06-28T06:06:15Z,2025-06-28T07:02:01Z,3346.0,3367.0,3339.0,28865.13,39,38,8.645,11.552,183,552,125,154,89,107,613.712,cycling,generic,14,3337,3338,22,129.0,2025-06-28T06:41:35Z,2025-06-28T06:41:56Z,3338,0,3338,0,3337,0.9997004194128221
250629080321,250629080321.fit,dataset\cleaned\only_road_activities\250629080321.fit,29802,,1032,2025-06-29T06:03:21Z,2025-06-29T06:29:49Z,1588.0,1673.0,1028.0,8054.08,18,19,7.834,10.062,166,548,123,150,89,110,172.09,cycling,generic,14,1031,1032,16,133.0,2025-06-29T06:18:44Z,2025-06-29T06:18:59Z,1032,0,1032,0,1031,0.999031007751938
250629084934,250629084934.fit,dataset\cleaned\only_road_activities\250629084934.fit,398222,,14193,2025-06-29T06:49:35Z,2025-06-29T10:46:32Z,14217.0,14224.0,14193.0,136018.27,1425,1337,9.584,18.74,220,1061,159,188,83,161,3125.949,cycling,generic,14,14153,14154,39,173.0,2025-06-29T09:41:10Z,2025-06-29T09:41:48Z,14193,0,14105,0,14114,0.9944338758542943
250701180337,250701180337.fit,dataset\cleaned\only_road_activities\250701180337.fit,136864,,4844,2025-07-01T16:03:38Z,2025-07-01T17:25:15Z,4897.0,4943.0,4842.0,44804.37,66,61,9.254,11.07,200,525,135,160,91,105,970.099,cycling,generic,14,4844,4844,33,143.0,2025-07-01T17:03:04Z,2025-07-01T17:03:36Z,4844,0,4844,0,4844,1.0
250706152531,250706152531.fit,dataset\cleaned\only_road_activities\250706152531.fit,320378,,11385,2025-07-06T13:25:31Z,2025-07-06T16:39:54Z,11663.0,11675.0,11385.0,95352.23,908,885,8.375,20.027,203,616,144,185,86,113,2328.495,cycling,generic,14,11385,11385,31,160.0,2025-07-06T15:51:50Z,2025-07-06T15:52:20Z,11385,0,11385,0,11385,1.0
250708171459,250708171459.fit,dataset\cleaned\only_road_activities\250708171459.fit,144588,,5016,2025-07-08T15:15:00Z,2025-07-08T16:38:48Z,5028.0,5060.0,5013.0,42696.77,348,361,8.518,15.805,206,761,139,185,82,110,1037.489,cycling,generic,14,5016,5016,26,130.0,2025-07-08T16:11:52Z,2025-07-08T16:12:17Z,5016,0,5016,0,5016,1.0
250709173010,250709173010.fit,dataset\cleaned\only_road_activities\250709173010.fit,135024,,4678,2025-07-09T15:30:11Z,2025-07-09T16:48:37Z,4706.0,4713.0,4675.0,43001.26,39,37,9.2,14.891,214,1013,136,173,87,113,1002.866,cycling,generic,14,4678,4678,26,148.0,2025-07-09T15:53:38Z,2025-07-09T15:54:03Z,4678,0,4678,0,4678,1.0
250712072905,250712072905.fit,dataset\cleaned\only_road_activities\250712072905.fit,480870,,17094,2025-07-12T05:29:07Z,2025-07-12T10:23:55Z,17688.0,17704.0,17087.0,130387.41,1594,1598,7.631,17.693,200,649,142,189,81,109,3423.739,cycling,generic,14,17094,17094,37,185.0,2025-07-12T09:01:25Z,2025-07-12T09:02:01Z,17094,0,17092,0,17094,1.0
250715165154,250715165154.fit,dataset\cleaned\only_road_activities\250715165154.fit,157820,,5487,2025-07-15T14:51:55Z,2025-07-15T16:25:59Z,5644.0,5650.0,5484.0,46008.43,410,404,8.39,16.197,201,727,147,190,83,117,1105.491,cycling,generic,14,5487,5487,28,186.0,2025-07-15T15:37:43Z,2025-07-15T15:38:10Z,5487,0,5487,0,5487,1.0
250716153128,250716153128.fit,dataset\cleaned\only_road_activities\250716153128.fit,132210,,4691,2025-07-16T13:31:28Z,2025-07-16T14:49:45Z,4697.0,4739.0,4689.0,42149.14,75,67,8.99,10.99,194,553,128,142,87,106,913.146,cycling,generic,14,4691,4691,31,123.0,2025-07-16T14:35:32Z,2025-07-16T14:36:02Z,4691,0,4691,0,4691,1.0
250717102658,250717102658.fit,dataset\cleaned\only_road_activities\250717102658.fit,142970,,4947,2025-07-17T08:26:58Z,2025-07-17T09:51:39Z,5081.0,5086.0,4945.0,46504.03,65,68,9.404,14.214,226,943,144,180,87,121,1119.97,cycling,generic,14,4947,4947,23,141.0,2025-07-17T09:47:43Z,2025-07-17T09:48:05Z,4947,0,4947,0,4947,1.0
250718101116,250718101116.fit,dataset\cleaned\only_road_activities\250718101116.fit,187318,,6656,2025-07-18T08:11:17Z,2025-07-18T10:03:57Z,6760.0,6780.0,6650.0,60294.78,210,206,9.067,16.797,204,583,137,184,89,111,1360.961,cycling,generic,14,6654,6656,24,137.0,2025-07-18T08:53:14Z,2025-07-18T08:53:37Z,6656,0,6656,0,6654,0.9996995192307693
250722170310,250722170310.fit,dataset\cleaned\only_road_activities\250722170310.fit,149996,,5202,2025-07-22T15:03:11Z,2025-07-22T16:32:39Z,5368.0,5385.0,5202.0,43990.8,406,407,8.458,16.92,205,737,145,186,81,108,1070.94,cycling,generic,14,5202,5202,38,183.0,2025-07-22T15:56:21Z,2025-07-22T15:56:58Z,5202,0,5202,0,5202,1.0
250723173905,250723173905.fit,dataset\cleaned\only_road_activities\250723173905.fit,150658,,5230,2025-07-23T15:39:06Z,2025-07-23T17:08:21Z,5355.0,5361.0,5230.0,48002.02,83,82,9.179,14.786,207,957,137,176,85,116,1082.941,cycling,generic,14,5230,5230,25,120.0,2025-07-23T15:40:47Z,2025-07-23T15:41:11Z,5230,0,5230,0,5230,1.0
250726080238,250726080238.fit,dataset\cleaned\only_road_activities\250726080238.fit,453833,,16130,2025-07-26T06:02:39Z,2025-07-26T10:46:07Z,17008.0,17033.0,16115.0,128186.38,1432,1432,7.954,16.457,193,720,140,186,82,120,3128.08,cycling,generic,14,16130,16130,24,147.0,2025-07-26T07:47:51Z,2025-07-26T07:48:14Z,16130,0,16130,0,16130,1.0
250729173622,250729173622.fit,dataset\cleaned\only_road_activities\250729173622.fit,143536,,4980,2025-07-29T15:36:23Z,2025-07-29T16:59:22Z,4979.0,4994.0,4981.0,42380.57,351,354,8.509,16.244,206,846,143,190,82,114,1027.882,cycling,generic,14,4980,4980,31,135.0,2025-07-29T15:44:00Z,2025-07-29T15:44:30Z,4980,0,4980,0,4980,1.0
250731170346,250731170346.fit,dataset\cleaned\only_road_activities\250731170346.fit,237740,,8354,2025-07-31T15:03:47Z,2025-07-31T17:26:30Z,8563.0,8575.0,8348.0,65651.52,752,751,7.864,16.958,202,544,137,190,81,114,1695.646,cycling,generic,14,8354,8354,37,169.0,2025-07-31T16:29:55Z,2025-07-31T16:30:31Z,8354,0,8354,0,8354,1.0
250815073628,250815073628.fit,dataset\cleaned\only_road_activities\250815073628.fit,205548,,7306,2025-08-15T05:36:29Z,2025-08-15T07:42:07Z,7538.0,7544.0,7303.0,64211.56,235,232,8.793,13.702,189,565,153,179,86,113,1383.191,cycling,generic,14,7306,7306,23,155.0,2025-08-15T05:47:45Z,2025-08-15T05:48:07Z,7306,0,7304,0,7306,1.0
250823070906,250823070906.fit,dataset\cleaned\only_road_activities\250823070906.fit,493852,,17568,2025-08-23T05:09:07Z,2025-08-23T10:21:56Z,18769.0,18776.0,17556.0,130440.93,1592,1594,7.43,17.65,193,621,145,183,82,118,3429.976,cycling,generic,14,17567,17568,32,180.0,2025-08-23T07:49:57Z,2025-08-23T07:50:28Z,17568,0,17568,0,17567,0.9999430783242259
250830074715,250830074715.fit,dataset\cleaned\only_road_activities\250830074715.fit,195216,,6942,2025-08-30T05:47:15Z,2025-08-30T07:42:56Z,6941.0,6950.0,6942.0,61999.68,96,100,8.932,11.521,202,581,137,164,87,107,1405.56,cycling,generic,14,6942,6942,31,134.0,2025-08-30T07:39:04Z,2025-08-30T07:39:34Z,6942,0,6942,0,6942,1.0
250831104855,250831104855.fit,dataset\cleaned\only_road_activities\250831104855.fit,165134,,5865,2025-08-31T08:48:56Z,2025-08-31T10:28:35Z,5979.0,6001.0,5864.0,70004.53,129,130,11.939,16.202,280,1033,175,197,88,118,1679.064,cycling,generic,14,5859,5815,26,180.0,2025-08-31T10:19:32Z,2025-08-31T10:19:57Z,5865,0,5865,0,5809,0.9904518329070758
250831123125,250831123125.fit,dataset\cleaned\only_road_activities\250831123125.fit,17460,,592,2025-08-31T10:31:25Z,2025-08-31T10:48:27Z,1022.0,1028.0,591.0,2624.48,4,2,4.447,5.544,57,194,115,125,74,92,52.741,cycling,generic,14,592,587,19,122.0,2025-08-31T10:35:15Z,2025-08-31T10:35:33Z,592,0,592,0,587,0.9915540540540541
250906154316,250906154316.fit,dataset\cleaned\only_road_activities\250906154316.fit,70060,,2453,2025-09-06T13:43:16Z,2025-09-06T14:40:32Z,3436.0,3440.0,2447.0,21267.68,14,17,8.693,12.318,200,563,141,179,91,109,492.491,cycling,generic,14,2452,2453,16,166.0,2025-09-06T14:23:09Z,2025-09-06T14:23:24Z,2453,0,2453,0,2452,0.9995923359152059
250906164426,250906164426.fit,dataset\cleaned\only_road_activities\250906164426.fit,132022,,4684,2025-09-06T14:44:27Z,2025-09-06T16:02:30Z,4683.0,4691.0,4686.0,56027.52,107,111,11.956,15.237,288,1071,182,199,87,120,1350.853,cycling,generic,14,4670,4684,37,191.0,2025-09-06T15:41:11Z,2025-09-06T15:41:47Z,4684,0,4684,0,4670,0.9970111016225448
250907080204,250907080204.fit,dataset\cleaned\only_road_activities\250907080204.fit,180040,,6395,2025-09-07T06:02:05Z,2025-09-07T07:51:49Z,6584.0,6686.0,6390.0,52060.34,232,229,8.147,15.249,180,532,123,163,84,105,1153.819,cycling,generic,14,6395,6395,27,88.0,2025-09-07T07:10:46Z,2025-09-07T07:11:12Z,6395,0,6395,0,6395,1.0
250913140208,250913140208.fit,dataset\cleaned\only_road_activities\250913140208.fit,76272,,2688,2025-09-13T12:02:08Z,2025-09-13T12:53:01Z,3053.0,3077.0,2682.0,19535.87,10,8,7.284,11.23,146,588,122,161,80,114,393.824,cycling,generic,14,2688,2688,26,133.0,2025-09-13T12:24:46Z,2025-09-13T12:25:11Z,2688,0,2688,0,2688,1.0
250913145805,250913145805.fit,dataset\cleaned\only_road_activities\250913145805.fit,144678,,5136,2025-09-13T12:58:05Z,2025-09-13T14:23:43Z,5138.0,5147.0,5134.0,61222.76,85,84,11.924,15.89,266,921,175,198,86,126,1366.855,cycling,generic,14,5110,5136,34,180.0,2025-09-13T13:01:21Z,2025-09-13T13:01:54Z,5136,0,5136,0,5110,0.9949376947040498
250914163102,250914163102.fit,dataset\cleaned\only_road_activities\250914163102.fit,114050,,4039,2025-09-14T14:31:03Z,2025-09-14T15:42:02Z,4259.0,4293.0,4035.0,32443.47,55,59,8.04,11.178,171,523,108,139,84,111,694.476,cycling,generic,14,4039,4039,23,110.0,2025-09-14T14:47:28Z,2025-09-14T14:47:50Z,4039,0,4039,0,4039,1.0
250920081438,250920081438.fit,dataset\cleaned\only_road_activities\250920081438.fit,153268,,5442,2025-09-20T06:14:39Z,2025-09-20T07:46:29Z,5510.0,5542.0,5441.0,47405.94,103,104,8.714,11.806,193,564,115,158,87,105,1050.548,cycling,generic,14,5442,5442,49,89.0,2025-09-20T06:35:53Z,2025-09-20T06:36:41Z,5442,0,5439,0,5442,1.0
250921082448,250921082448.fit,dataset\cleaned\only_road_activities\250921082448.fit,42996,,1504,2025-09-21T06:24:49Z,2025-09-21T06:50:37Z,1548.0,1567.0,1503.0,13299.66,34,34,8.848,11.896,195,841,129,169,82,108,294.152,cycling,generic,14,1504,1504,15,111.0,2025-09-21T06:26:31Z,2025-09-21T06:26:45Z,1504,0,1504,0,1504,1.0
250921090114,250921090114.fit,dataset\cleaned\only_road_activities\250921090114.fit,207818,,7391,2025-09-21T07:01:15Z,2025-09-21T09:04:28Z,7393.0,7403.0,7391.0,90925.43,290,288,12.302,16.83,262,965,167,192,85,121,1937.582,cycling,generic,14,7376,7368,29,191.0,2025-09-21T07:14:15Z,2025-09-21T07:14:43Z,7391,0,7391,0,7353,0.9948586118251928
251011081438,251011081438.fit,dataset\cleaned\only_road_activities\251011081438.fit,374256,,13330,2025-10-11T06:14:39Z,2025-10-11T10:05:50Z,13871.0,13915.0,13324.0,112786.63,791,791,8.465,17.104,211,854,147,185,85,126,2819.354,cycling,generic,14,13330,13330,36,150.0,2025-10-11T06:52:02Z,2025-10-11T06:52:37Z,13330,0,13327,0,13330,1.0
251015170431,251015170431.fit,dataset\cleaned\only_road_activities\251015170431.fit,138060,,4896,2025-10-15T15:04:32Z,2025-10-15T16:27:34Z,4982.0,4992.0,4891.0,41361.32,37,43,8.458,11.926,193,744,132,161,87,108,947.898,cycling,generic,14,4896,4896,23,142.0,2025-10-15T15:16:58Z,2025-10-15T15:17:20Z,4896,0,4896,0,4896,1.0
251018083143,251018083143.fit,dataset\cleaned\only_road_activities\251018083143.fit,382542,,13628,2025-10-18T06:31:45Z,2025-10-18T10:21:12Z,13767.0,13784.0,13623.0,109445.73,1023,1027,8.034,16.506,205,717,149,187,84,110,2795.751,cycling,generic,14,13628,13628,34,171.0,2025-10-18T08:57:47Z,2025-10-18T08:58:20Z,13628,0,13628,0,13628,1.0
251025083018,251025083018.fit,dataset\cleaned\only_road_activities\251025083018.fit,399942,,14243,2025-10-25T06:30:19Z,2025-10-25T10:35:58Z,14739.0,21604.0,14237.0,107956.0,1067,1056,7.5,20.0,189,808,138,193,78,115,2695.526,cycling,generic,14,14243,14243,30,136.0,2025-10-25T06:33:48Z,2025-10-25T06:34:17Z,14243,0,14239,0,14243,1.0
251220083114,251220083114.fit,dataset\cleaned\only_road_activities\251220083114.fit,391068,,13932,2025-12-20T07:31:15Z,2025-12-20T11:41:06Z,14991.0,14997.0,13927.0,110748.33,1025,1009,7.952,16.488,186,788,138,184,83,111,2599.393,cycling,generic,14,13931,13901,30,155.0,2025-12-20T09:41:36Z,2025-12-20T09:42:05Z,13932,0,13932,0,13900,0.9977031294860752
260105090043,260105090043.fit,dataset\cleaned\only_road_activities\260105090043.fit,355616,,12660,2026-01-05T08:00:45Z,2026-01-05T11:42:43Z,13318.0,14842.0,12658.0,98597.0,641,630,7.777,17.777,186,574,141,181,85,113,2356.477,cycling,generic,14,12656,12660,33,149.0,2026-01-05T09:33:18Z,2026-01-05T09:33:50Z,12660,0,12660,0,12656,0.9996840442338073
260110082743,260110082743.fit,dataset\cleaned\only_road_activities\260110082743.fit,400092,,14248,2026-01-10T07:27:43Z,2026-01-10T11:31:25Z,14622.0,14629.0,14237.0,106460.0,797,807,7.478,15.072,164,745,132,177,78,107,2342.441,cycling,generic,14,14248,14246,26,167.0,2026-01-10T10:11:42Z,2026-01-10T10:12:07Z,14248,0,14248,0,14246,0.9998596294216732
260117082736,260117082736.fit,dataset\cleaned\only_road_activities\260117082736.fit,380010,,13536,2026-01-17T07:27:37Z,2026-01-17T11:17:44Z,13807.0,13823.0,13533.0,109620.28,817,819,8.1,15.897,184,866,144,189,79,109,2493.764,cycling,generic,14,13536,13536,35,185.0,2026-01-17T10:05:31Z,2026-01-17T10:06:05Z,13536,0,13536,0,13536,1.0
260221081917,260221081917.fit,dataset\cleaned\only_road_activities\260221081917.fit,383872,,13675,2026-02-21T07:19:17Z,2026-02-21T11:18:56Z,14379.0,14385.0,13671.0,115313.52,916,916,8.435,16.773,207,895,152,187,82,118,2842.175,cycling,generic,14,13675,13675,26,160.0,2026-02-21T10:50:58Z,2026-02-21T10:51:23Z,13675,0,13672,0,13675,1.0
260301114610,260301114610.fit,dataset\cleaned\only_road_activities\260301114610.fit,222460,,7915,2026-03-01T10:46:10Z,2026-03-01T12:58:04Z,7914.0,7935.0,7916.0,94762.12,51,49,11.972,15.845,233,928,157,192,86,117,1849.568,cycling,generic,14,7841,7914,30,160.0,2026-03-01T11:57:27Z,2026-03-01T11:57:56Z,7915,0,7915,0,7840,0.9905243209096652
260321102409,260321102409.fit,dataset\cleaned\only_road_activities\260321102409.fit,156014,,5482,2026-03-21T09:24:10Z,2026-03-21T10:55:49Z,5499.0,5504.0,5482.0,49374.14,70,64,9.008,14.494,202,1011,136,180,88,114,1108.735,cycling,generic,14,5482,5482,31,134.0,2026-03-21T10:48:05Z,2026-03-21T10:48:35Z,5482,0,5482,0,5482,1.0
260322111400,260322111400.fit,dataset\cleaned\only_road_activities\260322111400.fit,145238,,5156,2026-03-22T10:14:00Z,2026-03-22T11:39:58Z,5158.0,5165.0,5156.0,60783.35,121,121,11.791,16.908,272,1002,168,193,86,120,1403.04,cycling,generic,14,5149,5145,27,187.0,2026-03-22T11:32:04Z,2026-03-22T11:32:30Z,5156,0,5156,0,5138,0.9965089216446859
260404082403,260404082403.fit,dataset\cleaned\only_road_activities\260404082403.fit,421090,,14973,2026-04-04T06:24:03Z,2026-04-04T11:20:45Z,17802.0,17807.0,14944.0,137093.78,1034,1039,9.173,18.424,213,838,144,190,83,125,3193.927,cycling,generic,14,14942,14971,41,180.0,2026-04-04T10:47:48Z,2026-04-04T10:48:28Z,14973,0,14968,0,14940,0.9977960328591464
260407082440,260407082440.fit,dataset\cleaned\only_road_activities\260407082440.fit,154184,,5157,2026-04-07T06:24:40Z,2026-04-07T07:50:36Z,5156.0,5168.0,5156.0,49016.37,67,66,9.507,13.587,238,708,151,181,81,108,1229.449,cycling,generic,14,5157,5157,27,143.0,2026-04-07T07:27:32Z,2026-04-07T07:27:58Z,5157,0,5157,0,5157,1.0
260412113502,260412113502.fit,dataset\cleaned\only_road_activities\260412113502.fit,219782,,7818,2026-04-12T09:35:06Z,2026-04-12T11:45:23Z,7817.0,7828.0,7818.0,92306.92,242,238,11.808,17.206,256,1201,171,195,87,124,2006.908,cycling,generic,14,7768,7812,32,189.0,2026-04-12T09:47:44Z,2026-04-12T09:48:15Z,7818,0,7818,0,7762,0.9928370427219237
260418073226,260418073226.fit,dataset\cleaned\only_road_activities\260418073226.fit,406640,,14455,2026-04-18T05:32:27Z,2026-04-18T09:37:59Z,14732.0,14739.0,14446.0,112006.59,1714,1711,7.754,16.894,218,671,146,187,75,110,3161.691,cycling,generic,14,14455,14455,35,166.0,2026-04-18T08:32:10Z,2026-04-18T08:32:44Z,14455,0,14437,0,14455,1.0
260419082508,260419082508.fit,dataset\cleaned\only_road_activities\260419082508.fit,78658,,2766,2026-04-19T06:25:08Z,2026-04-19T07:11:18Z,2770.0,2777.0,2765.0,21386.5,42,40,7.736,10.19,144,338,117,138,80,103,400.812,cycling,generic,14,2766,2766,19,120.0,2026-04-19T06:43:10Z,2026-04-19T06:43:28Z,2766,0,2766,0,2766,1.0
260424160919,260424160919.fit,dataset\cleaned\only_road_activities\260424160919.fit,140207,,4667,2026-04-24T14:09:21Z,2026-04-24T15:27:29Z,4688.0,4697.0,4667.0,45270.84,101,100,9.7,13.972,238,848,148,187,85,112,1090.599,cycling,generic,14,4575,4667,25,136.0,2026-04-24T15:18:54Z,2026-04-24T15:19:18Z,4667,0,4667,0,4575,0.9802871223484037
260425073220,260425073220.fit,dataset\cleaned\only_road_activities\260425073220.fit,475624,,16934,2026-04-25T05:32:21Z,2026-04-25T10:26:45Z,17664.0,17679.0,16923.0,134228.58,1512,1502,7.931,19.465,205,626,143,183,81,109,3486.581,cycling,generic,14,16934,16934,41,169.0,2026-04-25T06:58:03Z,2026-04-25T06:58:43Z,16934,0,16930,0,16934,1.0
260427170343,260427170343.fit,dataset\cleaned\only_road_activities\260427170343.fit,154084,,5136,2026-04-27T15:03:43Z,2026-04-27T16:33:45Z,5402.0,5417.0,5129.0,48086.52,95,90,9.377,14.248,220,797,145,188,83,109,1133.21,cycling,generic,14,5136,5136,25,141.0,2026-04-27T16:09:54Z,2026-04-27T16:10:18Z,5136,0,5136,0,5136,1.0
260428165622,260428165622.fit,dataset\cleaned\only_road_activities\260428165622.fit,124288,,4364,2026-04-28T14:56:23Z,2026-04-28T16:09:10Z,4367.0,4375.0,4363.0,42233.97,73,73,9.68,13.571,220,717,142,180,84,107,963.991,cycling,generic,14,4364,4364,20,142.0,2026-04-28T15:05:01Z,2026-04-28T15:05:20Z,4364,0,4364,0,4364,1.0
260501094312,260501094312.fit,dataset\cleaned\only_road_activities\260501094312.fit,128152,,4477,2026-05-01T07:43:13Z,2026-05-01T08:57:49Z,4476.0,4482.0,4478.0,41009.83,81,79,9.158,15.874,202,1044,133,179,85,114,905.05,cycling,generic,14,4477,4477,22,130.0,2026-05-01T07:57:31Z,2026-05-01T07:57:52Z,4477,0,4477,0,4477,1.0
260502130449,260502130449.fit,dataset\cleaned\only_road_activities\260502130449.fit,69066,,2434,2026-05-02T11:04:50Z,2026-05-02T11:49:19Z,2669.0,2780.0,2429.0,24068.68,39,34,9.912,13.386,222,735,144,179,86,109,539.966,cycling,generic,14,2433,2434,20,136.0,2026-05-02T11:18:53Z,2026-05-02T11:19:12Z,2434,0,2434,0,2433,0.9995891536565324
260502140459,260502140459.fit,dataset\cleaned\only_road_activities\260502140459.fit,171818,,6105,2026-05-02T12:05:02Z,2026-05-02T13:46:46Z,6104.0,6125.0,6103.0,72335.22,159,150,11.852,16.361,278,1102,174,193,90,126,1701.526,cycling,generic,14,6083,6105,33,189.0,2026-05-02T13:33:28Z,2026-05-02T13:34:00Z,6105,0,6105,0,6083,0.9963963963963964
260509140032,260509140032.fit,dataset\cleaned\only_road_activities\260509140032.fit,81714,,2886,2026-05-09T12:00:32Z,2026-05-09T12:49:02Z,2910.0,2917.0,2887.0,26125.65,84,82,9.052,12.267,204,882,145,181,87,114,590.766,cycling,generic,14,2886,2886,19,147.0,2026-05-09T12:14:14Z,2026-05-09T12:14:32Z,2886,0,2886,0,2886,1.0
260509150834,260509150834.fit,dataset\cleaned\only_road_activities\260509150834.fit,164242,,5835,2026-05-09T13:08:34Z,2026-05-09T14:45:48Z,5834.0,5842.0,5836.0,69424.07,253,251,11.897,16.354,282,961,176,194,88,119,1650.143,cycling,generic,14,5825,5832,36,180.0,2026-05-09T14:28:38Z,2026-05-09T14:29:13Z,5835,0,5835,0,5822,0.9977720651242502
260512171641,260512171641.fit,dataset\cleaned\only_road_activities\260512171641.fit,152387,,5216,2026-05-12T15:16:42Z,2026-05-12T16:45:39Z,5337.0,5366.0,5214.0,49382.04,119,122,9.472,12.884,231,756,141,179,81,105,1207.005,cycling,generic,14,5216,5216,25,144.0,2026-05-12T16:31:14Z,2026-05-12T16:31:38Z,5216,0,5216,0,5216,1.0
260513170002,260513170002.fit,dataset\cleaned\only_road_activities\260513170002.fit,163759,,5777,2026-05-13T15:00:07Z,2026-05-13T16:38:23Z,5896.0,5907.0,5775.0,52192.13,186,181,9.038,16.542,208,623,130,150,82,103,1203.282,cycling,generic,14,5777,5777,35,137.0,2026-05-13T16:31:00Z,2026-05-13T16:31:34Z,5777,0,5777,0,5777,1.0
260517080120,260517080120.fit,dataset\cleaned\only_road_activities\260517080120.fit,294682,,10492,2026-05-17T06:01:21Z,2026-05-17T08:56:25Z,10504.0,10521.0,10492.0,98682.13,1527,1453,9.406,18.601,263,972,164,197,81,115,2766.363,cycling,generic,14,10471,10492,24,152.0,2026-05-17T08:29:09Z,2026-05-17T08:29:32Z,10492,0,10485,0,10471,0.9979984750285932
260519170927,260519170927.fit,dataset\cleaned\only_road_activities\260519170927.fit,163927,,5632,2026-05-19T15:09:28Z,2026-05-19T16:47:33Z,5885.0,5901.0,5626.0,52204.91,105,105,9.28,14.198,220,795,142,183,83,103,1244.869,cycling,generic,14,5632,5632,28,142.0,2026-05-19T16:25:48Z,2026-05-19T16:26:15Z,5632,0,5632,0,5632,1.0
260522164831,260522164831.fit,dataset\cleaned\only_road_activities\260522164831.fit,124605,,4382,2026-05-22T14:48:31Z,2026-05-22T16:02:36Z,4445.0,4455.0,4381.0,41962.53,80,79,9.579,12.865,211,703,138,159,87,105,930.431,cycling,generic,14,4382,4382,24,143.0,2026-05-22T14:59:43Z,2026-05-22T15:00:06Z,4382,0,4382,0,4382,1.0
260523080618,260523080618.fit,dataset\cleaned\only_road_activities\260523080618.fit,111747,,3907,2026-05-23T06:06:19Z,2026-05-23T07:12:09Z,3950.0,3957.0,3907.0,33530.37,57,57,8.582,14.746,177,1014,130,180,90,119,692.043,cycling,generic,14,3907,3907,19,125.0,2026-05-23T06:07:30Z,2026-05-23T06:07:48Z,3907,0,3907,0,3907,1.0
260524095636,260524095636.fit,dataset\cleaned\only_road_activities\260524095636.fit,63546,,2209,2026-05-24T07:56:37Z,2026-05-24T08:40:55Z,2658.0,2670.0,2199.0,17184.99,31,29,7.818,14.545,175,983,132,177,83,121,390.14,cycling,generic,14,2209,2209,17,146.0,2026-05-24T08:07:57Z,2026-05-24T08:08:13Z,2209,0,2209,0,2209,1.0
260524104617,260524104617.fit,dataset\cleaned\only_road_activities\260524104617.fit,167952,,5968,2026-05-24T08:46:18Z,2026-05-24T10:25:45Z,5967.0,5975.0,5969.0,71003.36,121,118,11.894,16.082,275,1013,175,194,88,119,1644.714,cycling,generic,14,5963,5952,28,190.0,2026-05-24T09:13:42Z,2026-05-24T09:14:09Z,5968,0,5968,0,5947,0.9964812332439679
260526170146,260526170146.fit,dataset\cleaned\only_road_activities\260526170146.fit,175708,,5983,2026-05-26T15:01:47Z,2026-05-26T16:48:43Z,6416.0,6422.0,5981.0,57451.19,209,204,9.606,18.559,221,802,152,185,84,107,1327.786,cycling,generic,14,5980,5983,26,162.0,2026-05-26T15:52:09Z,2026-05-26T15:52:34Z,5983,0,5983,0,5980,0.9994985793080394
260529161523,260529161523.fit,dataset\cleaned\only_road_activities\260529161523.fit,130623,,4614,2026-05-29T14:15:24Z,2026-05-29T15:37:10Z,4906.0,4990.0,4606.0,41520.17,47,42,9.014,11.323,192,566,127,147,84,101,889.266,cycling,generic,14,4577,4614,26,133.0,2026-05-29T14:36:06Z,2026-05-29T14:36:31Z,4614,0,4588,0,4577,0.9919809276116168
260602090418,260602090418.fit,dataset\cleaned\only_road_activities\260602090418.fit,67830,,2387,2026-06-02T07:04:19Z,2026-06-02T07:52:58Z,2919.0,2942.0,2384.0,16529.88,78,76,6.933,11.944,127,767,114,168,76,111,308.21,cycling,generic,14,2387,2387,19,115.0,2026-06-02T07:08:36Z,2026-06-02T07:08:54Z,2387,0,2387,0,2387,1.0
260602100204,260602100204.fit,dataset\cleaned\only_road_activities\260602100204.fit,169606,,6026,2026-06-02T08:02:08Z,2026-06-02T09:42:33Z,6025.0,6040.0,6025.0,73453.7,391,389,12.193,17.185,266,915,170,192,90,116,1602.974,cycling,generic,14,6007,6026,18,184.0,2026-06-02T08:29:46Z,2026-06-02T08:30:03Z,6026,0,6026,0,6007,0.9968469963491536
260606075342,260606075342.fit,dataset\cleaned\only_road_activities\260606075342.fit,405995,,14402,2026-06-06T05:53:43Z,2026-06-06T09:55:35Z,14512.0,14523.0,14397.0,120466.35,1100,1100,8.368,18.05,203,872,142,190,79,112,2937.197,cycling,generic,14,14402,14402,48,189.0,2026-06-06T07:23:37Z,2026-06-06T07:24:24Z,14402,0,14402,0,14402,1.0
260609170059,260609170059.fit,dataset\cleaned\only_road_activities\260609170059.fit,149819,,5131,2026-06-09T15:01:00Z,2026-06-09T16:26:46Z,5146.0,5153.0,5129.0,49368.61,84,82,9.625,13.67,216,769,144,190,84,112,1110.163,cycling,generic,14,5131,5131,30,137.0,2026-06-09T16:04:46Z,2026-06-09T16:05:15Z,5131,0,5131,0,5131,1.0
260614094858,260614094858.fit,dataset\cleaned\only_road_activities\260614094858.fit,34412,,1194,2026-06-14T07:48:59Z,2026-06-14T08:16:11Z,1632.0,1693.0,1189.0,5903.95,8,8,4.965,13.008,96,739,117,171,58,121,198.265,cycling,generic,14,1193,1194,11,126.0,2026-06-14T07:50:06Z,2026-06-14T07:50:16Z,1194,0,1194,0,1193,0.9991624790619765
260614104013,260614104013.fit,dataset\cleaned\only_road_activities\260614104013.fit,247810,,8803,2026-06-14T08:40:17Z,2026-06-14T11:07:02Z,8805.0,8821.0,8802.0,96705.15,775,763,10.987,18.517,245,950,172,197,87,121,2159.28,cycling,generic,14,8785,8803,37,160.0,2026-06-14T09:06:48Z,2026-06-14T09:07:24Z,8803,0,8803,0,8785,0.9979552425309554
260616171138,260616171138.fit,dataset\cleaned\only_road_activities\260616171138.fit,162624,,5566,2026-06-16T15:11:39Z,2026-06-16T16:45:57Z,5658.0,5667.0,5565.0,52734.44,103,102,9.477,13.938,217,748,143,181,82,106,1213.253,cycling,generic,14,5566,5566,34,147.0,2026-06-16T16:08:12Z,2026-06-16T16:08:45Z,5566,0,5566,0,5566,1.0
260621094805,260621094805.fit,dataset\cleaned\only_road_activities\260621094805.fit,68224,,2400,2026-06-21T07:48:06Z,2026-06-21T08:36:24Z,2898.0,2904.0,2391.0,20160.3,12,14,8.435,14.832,169,972,129,174,87,105,406.483,cycling,generic,14,2400,2400,16,122.0,2026-06-21T07:52:27Z,2026-06-21T07:52:42Z,2400,0,2400,0,2400,1.0
260621150426,260621150426.fit,dataset\cleaned\only_road_activities\260621150426.fit,264125,,9386,2026-06-21T13:04:27Z,2026-06-21T15:45:26Z,9659.0,9676.0,9383.0,87562.95,476,467,9.332,16.776,210,674,163,194,86,111,1982.932,cycling,generic,14,9386,9386,36,169.0,2026-06-21T13:56:09Z,2026-06-21T13:56:44Z,9386,0,9386,0,9386,1.0
260623171613,260623171613.fit,dataset\cleaned\only_road_activities\260623171613.fit,188707,,6654,2026-06-23T15:16:14Z,2026-06-23T17:07:55Z,6701.0,6718.0,6651.0,62038.46,88,98,9.329,14.691,197,994,133,173,82,111,1314.844,cycling,generic,14,6654,6654,36,147.0,2026-06-23T15:52:59Z,2026-06-23T15:53:34Z,6654,0,6654,0,6654,1.0
260624171412,260624171412.fit,dataset\cleaned\only_road_activities\260624171412.fit,131269,,4495,2026-06-24T15:14:12Z,2026-06-24T16:29:31Z,4519.0,4529.0,4489.0,42716.47,90,84,9.517,15.178,205,792,145,182,83,105,925.579,cycling,generic,14,4495,4495,33,133.0,2026-06-24T15:40:46Z,2026-06-24T15:41:18Z,4495,0,4495,0,4495,1.0
260625062641,260625062641.fit,dataset\cleaned\only_road_activities\260625062641.fit,108075,,3826,2026-06-25T04:26:41Z,2026-06-25T05:35:57Z,4156.0,4163.0,3824.0,35577.22,52,53,9.306,11.535,199,557,134,158,83,97,764.006,cycling,generic,14,3826,3826,27,144.0,2026-06-25T04:42:19Z,2026-06-25T04:42:45Z,3826,0,3826,0,3826,1.0
260705084902,260705084902.fit,dataset\cleaned\only_road_activities\260705084902.fit,300614,,10702,2026-07-05T06:49:03Z,2026-07-05T09:48:48Z,10785.0,10801.0,10699.0,112033.94,971,941,10.472,20.547,230,1011,164,195,85,123,2463.027,cycling,generic,14,10678,10674,29,180.0,2026-07-05T08:32:56Z,2026-07-05T08:33:24Z,10702,0,10702,0,10650,0.995141095122407
260707172316,260707172316.fit,dataset\cleaned\only_road_activities\260707172316.fit,164796,,5854,2026-07-07T15:23:16Z,2026-07-07T17:01:28Z,5892.0,5899.0,5853.0,50465.66,72,63,8.623,11.208,168,570,116,141,83,106,988.917,cycling,generic,14,5854,5854,26,124.0,2026-07-07T15:48:58Z,2026-07-07T15:49:23Z,5854,0,5854,0,5854,1.0
260708172128,260708172128.fit,dataset\cleaned\only_road_activities\260708172128.fit,160721,,5666,2026-07-08T15:21:29Z,2026-07-08T16:57:41Z,5772.0,5779.0,5662.0,49170.86,75,73,8.685,11.42,172,535,125,164,81,99,974.776,cycling,generic,14,5666,5666,28,141.0,2026-07-08T16:07:58Z,2026-07-08T16:08:25Z,5666,0,5666,0,5666,1.0
260712080105,260712080105.fit,dataset\cleaned\only_road_activities\260712080105.fit,162523,,5774,2026-07-12T06:01:06Z,2026-07-12T07:37:19Z,5773.0,5780.0,5775.0,50543.24,84,83,8.753,11.482,171,430,126,145,85,106,992.909,cycling,generic,14,5774,5774,33,129.0,2026-07-12T06:06:58Z,2026-07-12T06:07:30Z,5774,0,5774,0,5774,1.0
260714172507,260714172507.fit,dataset\cleaned\only_road_activities\260714172507.fit,147119,,5183,2026-07-14T15:25:08Z,2026-07-14T16:53:16Z,5288.0,5313.0,5179.0,48675.12,82,83,9.399,12.714,211,800,141,185,82,98,1095.015,cycling,generic,14,5183,5183,24,182.0,2026-07-14T16:04:21Z,2026-07-14T16:04:44Z,5183,0,5183,0,5183,1.0
260715173151,260715173151.fit,dataset\cleaned\only_road_activities\260715173151.fit,138815,,4921,2026-07-15T15:31:51Z,2026-07-15T16:57:43Z,5152.0,5156.0,4913.0,41456.56,30,42,8.439,11.57,165,642,120,146,82,105,813.114,cycling,generic,14,4921,4921,26,128.0,2026-07-15T16:19:10Z,2026-07-15T16:19:35Z,4921,0,4921,0,4921,1.0
260716153012,260716153012.fit,dataset\cleaned\only_road_activities\260716153012.fit,136494,,4792,2026-07-16T13:30:13Z,2026-07-16T14:50:54Z,4841.0,4855.0,4792.0,45369.31,85,84,9.468,14.508,190,646,146,192,82,98,910.854,cycling,generic,14,4792,4792,29,188.0,2026-07-16T13:55:31Z,2026-07-16T13:55:59Z,4792,0,4792,0,4792,1.0
260721071628,260721071628.fit,dataset\cleaned\only_road_activities\260721071628.fit,174390,,5976,2026-07-21T05:16:29Z,2026-07-21T06:57:32Z,6063.0,6074.0,5975.0,57198.28,142,137,9.574,13.891,215,765,141,185,81,103,1287.285,cycling,generic,14,5976,5976,33,131.0,2026-07-21T05:23:07Z,2026-07-21T05:23:39Z,5976,0,5976,0,5976,1.0
260722172413,260722172413.fit,dataset\cleaned\only_road_activities\260722172413.fit,107047,,3788,2026-07-22T15:24:14Z,2026-07-22T16:29:14Z,3900.0,3907.0,3783.0,31321.54,46,44,8.28,10.648,152,454,118,145,82,103,577.131,cycling,generic,14,3788,3788,24,118.0,2026-07-22T16:11:56Z,2026-07-22T16:12:19Z,3788,0,3788,0,3788,1.0
260728062911,260728062911.fit,dataset\cleaned\only_road_activities\260728062911.fit,163947,,5557,2026-07-28T04:29:12Z,2026-07-28T06:02:41Z,5609.0,5660.0,5556.0,52693.52,119,123,9.485,14.421,220,766,145,185,82,106,1225.659,cycling,generic,14,5556,5557,27,141.0,2026-07-28T05:42:46Z,2026-07-28T05:43:12Z,5557,0,5557,0,5556,0.9998200467878352
260729172451,260729172451.fit,dataset\cleaned\only_road_activities\260729172451.fit,106365,,3766,2026-07-29T15:24:51Z,2026-07-29T16:27:56Z,3785.0,3790.0,3764.0,31015.79,45,39,8.241,10.257,145,459,125,156,85,103,549.443,cycling,generic,14,3766,3766,20,132.0,2026-07-29T16:22:41Z,2026-07-29T16:23:00Z,3766,0,3766,0,3766,1.0
260801060832,260801060832.fit,dataset\cleaned\only_road_activities\260801060832.fit,541946,,19348,2026-08-01T04:08:32Z,2026-08-01T09:51:45Z,20593.0,20607.0,19334.0,150334.39,2240,2204,7.776,18.915,202,613,149,189,80,120,4020.968,cycling,generic,14,19344,19348,32,154.0,2026-08-01T04:48:38Z,2026-08-01T04:49:09Z,19348,0,19001,0,19344,0.9997932602853008
260802064005,260802064005.fit,dataset\cleaned\only_road_activities\260802064005.fit,108731,,3851,2026-08-02T04:40:06Z,2026-08-02T05:44:34Z,3868.0,3894.0,3851.0,30134.46,46,47,7.825,10.483,137,358,113,126,86,107,528.403,cycling,generic,14,3851,3851,33,109.0,2026-08-02T05:20:41Z,2026-08-02T05:21:13Z,3851,0,3851,0,3851,1.0
260811165713,260811165713.fit,dataset\cleaned\only_road_activities\260811165713.fit,154724,,5228,2026-08-11T14:57:14Z,2026-08-11T16:25:21Z,5287.0,5293.0,5227.0,50095.39,84,86,9.585,14.121,204,744,157,190,85,113,1068.36,cycling,generic,14,5228,5228,33,160.0,2026-08-11T16:02:05Z,2026-08-11T16:02:37Z,5228,0,5228,0,5228,1.0
260815064223,260815064223.fit,dataset\cleaned\only_road_activities\260815064223.fit,489283,,17433,2026-08-15T04:42:24Z,2026-08-15T09:47:01Z,18277.0,18291.0,17421.0,150366.83,1041,1031,8.631,16.243,199,789,143,186,81,111,3470.788,cycling,generic,14,17433,17433,31,153.0,2026-08-15T05:57:32Z,2026-08-15T05:58:02Z,17433,0,17430,0,17433,1.0
260816063546,260816063546.fit,dataset\cleaned\only_road_activities\260816063546.fit,111867,,3963,2026-08-16T04:35:47Z,2026-08-16T05:43:21Z,4054.0,4060.0,3964.0,31648.17,59,59,7.984,11.032,148,679,115,145,84,122,587.032,cycling,generic,14,3963,3963,25,123.0,2026-08-16T04:44:37Z,2026-08-16T04:45:01Z,3963,0,3963,0,3963,1.0
260818062429,260818062429.fit,dataset\cleaned\only_road_activities\260818062429.fit,157989,,5331,2026-08-18T04:24:29Z,2026-08-18T05:53:31Z,5342.0,5350.0,5330.0,49801.34,93,98,9.343,12.941,212,820,139,179,83,111,1131.012,cycling,generic,14,5331,5331,32,131.0,2026-08-18T05:35:11Z,2026-08-18T05:35:42Z,5331,0,5330,0,5331,1.0
260819062707,260819062707.fit,dataset\cleaned\only_road_activities\260819062707.fit,149534,,5297,2026-08-19T04:27:08Z,2026-08-19T05:58:49Z,5501.0,5512.0,5297.0,47382.05,99,101,8.946,11.604,189,575,128,146,85,108,1003.355,cycling,generic,14,5297,5297,43,131.0,2026-08-19T05:22:28Z,2026-08-19T05:23:10Z,5297,0,5297,0,5297,1.0
260822080018,260822080018.fit,dataset\cleaned\only_road_activities\260822080018.fit,510380,,18273,2026-08-22T06:00:19Z,2026-08-22T11:49:34Z,20955.0,20978.0,18247.0,95902.85,2796,1882,5.256,19.599,180,596,141,181,76,120,3328.594,cycling,generic,14,18271,18273,39,168.0,2026-08-22T09:27:32Z,2026-08-22T09:28:10Z,18273,0,17904,0,18271,0.9998905488972801
260824074938,260824074938.fit,dataset\cleaned\only_road_activities\260824074938.fit,661283,,23603,2026-08-24T05:49:39Z,2026-08-24T12:44:50Z,24911.0,24942.0,23577.0,188662.44,1408,2712,8.002,23.491,149,521,124,166,81,108,3559.38,cycling,generic,14,23603,23603,34,148.0,2026-08-24T11:47:53Z,2026-08-24T11:48:26Z,23603,0,23456,0,23603,1.0
260826062619,260826062619.fit,dataset\cleaned\only_road_activities\260826062619.fit,147095,,5048,2026-08-26T04:26:20Z,2026-08-26T05:50:49Z,5069.0,5082.0,5046.0,46526.72,76,83,9.222,13.764,209,653,135,171,84,107,1056.883,cycling,generic,14,5048,5048,29,120.0,2026-08-26T04:27:20Z,2026-08-26T04:27:48Z,5048,0,5048,0,5048,1.0
260827070608,260827070608.fit,dataset\cleaned\only_road_activities\260827070608.fit,130897,,4586,2026-08-27T05:06:08Z,2026-08-27T06:27:27Z,4879.0,4889.0,4584.0,42057.36,70,76,9.174,15.39,197,1051,133,181,86,120,903.244,cycling,generic,14,4579,4586,26,131.0,2026-08-27T06:02:05Z,2026-08-27T06:02:30Z,4586,0,4582,0,4579,0.9984736153510685
260829063044,260829063044.fit,dataset\cleaned\only_road_activities\260829063044.fit,129845,,4545,2026-08-29T04:30:45Z,2026-08-29T05:46:29Z,4544.0,4553.0,4547.0,40758.4,67,72,8.965,15.896,196,1012,139,185,84,111,893.007,cycling,generic,14,4545,4545,35,134.0,2026-08-29T05:09:24Z,2026-08-29T05:09:58Z,4545,0,4545,0,4545,1.0
260830095410,260830095410.fit,dataset\cleaned\only_road_activities\260830095410.fit,61514,,2145,2026-08-30T07:54:10Z,2026-08-30T08:33:09Z,2339.0,2343.0,2141.0,19742.49,32,32,9.222,14.622,208,984,147,180,83,124,448.009,cycling,generic,14,2145,2145,21,154.0,2026-08-30T08:07:40Z,2026-08-30T08:08:00Z,2145,0,2145,0,2145,1.0
260830104514,260830104514.fit,dataset\cleaned\only_road_activities\260830104514.fit,162156,,5761,2026-08-30T08:45:15Z,2026-08-30T10:21:15Z,5760.0,5771.0,5763.0,69616.64,156,154,12.079,16.945,243,1122,178,201,86,121,1402.541,cycling,generic,14,5743,5761,17,184.0,2026-08-30T10:07:43Z,2026-08-30T10:07:59Z,5761,0,5761,0,5743,0.9968755424405485
260901062237,260901062237.fit,dataset\cleaned\only_road_activities\260901062237.fit,139787,,4787,2026-09-01T04:22:38Z,2026-09-01T05:44:00Z,4882.0,4899.0,4785.0,43969.97,65,73,9.189,15.393,208,626,133,168,81,102,998.481,cycling,generic,14,4787,4787,30,127.0,2026-09-01T05:05:34Z,2026-09-01T05:06:03Z,4787,0,4787,0,4787,1.0
260902062649,260902062649.fit,dataset\cleaned\only_road_activities\260902062649.fit,144039,,5046,2026-09-02T04:26:50Z,2026-09-02T05:51:20Z,5070.0,5076.0,5044.0,46294.81,85,88,9.179,14.867,204,1044,132,174,80,112,1033.225,cycling,generic,14,5046,5046,29,129.0,2026-09-02T04:55:43Z,2026-09-02T04:56:11Z,5046,0,5046,0,5046,1.0
260904062108,260904062108.fit,dataset\cleaned\only_road_activities\260904062108.fit,132397,,4631,2026-09-04T04:21:09Z,2026-09-04T05:38:44Z,4655.0,4778.0,4629.0,41329.44,34,41,8.928,15.25,197,1025,131,178,84,108,915.308,cycling,generic,14,4631,4631,25,129.0,2026-09-04T05:20:04Z,2026-09-04T05:20:28Z,4631,0,4631,0,4631,1.0
260905142842,260905142842.fit,dataset\cleaned\only_road_activities\260905142842.fit,64338,,2248,2026-09-05T12:28:43Z,2026-09-05T13:11:22Z,2559.0,2612.0,2241.0,19305.64,22,18,8.614,14.159,185,874,137,185,79,117,417.532,cycling,generic,14,2248,2248,21,166.0,2026-09-05T12:38:25Z,2026-09-05T12:38:45Z,2248,0,2248,0,2248,1.0
260905152115,260905152115.fit,dataset\cleaned\only_road_activities\260905152115.fit,150306,,5337,2026-09-05T13:21:16Z,2026-09-05T14:50:12Z,5336.0,5344.0,5338.0,62969.8,111,109,11.798,15.891,245,1120,182,200,87,123,1312.712,cycling,generic,14,5326,5327,24,196.0,2026-09-05T13:50:28Z,2026-09-05T13:50:51Z,5337,0,5337,0,5316,0.9960652051714446
260906074723,260906074723.fit,dataset\cleaned\only_road_activities\260906074723.fit,114161,,4046,2026-09-06T05:47:24Z,2026-09-06T06:54:49Z,4045.0,4075.0,4047.0,31198.97,40,43,7.711,10.421,135,329,100,121,82,99,547.57,cycling,generic,14,4046,4046,25,99.0,2026-09-06T06:31:56Z,2026-09-06T06:32:20Z,4046,0,4046,0,4046,1.0
260908061657,260908061657.fit,dataset\cleaned\only_road_activities\260908061657.fit,139625,,4734,2026-09-08T04:16:58Z,2026-09-08T05:37:13Z,4815.0,4828.0,4732.0,43242.94,64,64,9.14,13.588,206,732,130,169,81,106,977.904,cycling,generic,14,4733,4734,37,131.0,2026-09-08T04:47:00Z,2026-09-08T04:47:36Z,4734,0,4734,0,4733,0.9997887621461766
260915062325,260915062325.fit,dataset\cleaned\only_road_activities\260915062325.fit,132993,,4547,2026-09-15T04:23:25Z,2026-09-15T05:39:11Z,4546.0,4563.0,4548.0,43028.39,86,86,9.463,13.923,224,886,141,189,80,100,1019.905,cycling,generic,14,4547,4547,26,142.0,2026-09-15T05:07:05Z,2026-09-15T05:07:30Z,4547,0,4547,0,4547,1.0
260916062309,260916062309.fit,dataset\cleaned\only_road_activities\260916062309.fit,106227,,3760,2026-09-16T04:23:10Z,2026-09-16T05:27:09Z,3839.0,3848.0,3758.0,34280.31,55,57,9.124,11.458,207,459,132,151,81,105,779.142,cycling,generic,14,3760,3760,32,141.0,2026-09-16T05:19:16Z,2026-09-16T05:19:47Z,3760,0,3760,0,3760,1.0
260919065417,260919065417.fit,dataset\cleaned\only_road_activities\260919065417.fit,129799,,4541,2026-09-19T04:54:18Z,2026-09-19T06:11:30Z,4632.0,4638.0,4540.0,40043.25,51,58,8.822,14.288,185,1007,127,186,82,107,843.84,cycling,generic,14,4541,4541,24,114.0,2026-09-19T06:06:29Z,2026-09-19T06:06:52Z,4541,0,4541,0,4541,1.0
