activity_id,apparent_lag_s,max_correlation,pair_count_at_max
250511145356,26,0.332021818502,7374
250518083010,20,0.555759815279,10032
250524075639,17,0.503764384141,3659
250525093943,12,0.598026859068,2451
250525105224,25,0.285850106487,6185
250601090758,20,0.61883491184,1285
250601095058,23,0.380412564675,5903
250604173939,22,0.46416950294,3694
250607081806,29,0.415077341482,3545
250608073054,26,0.502575667837,8232
250611110321,22,0.43567816378,3753
250615095052,9,0.581570369269,656
250615104019,21,0.391561576132,8277
250618105426,15,0.374998756311,204
250622100132,16,0.740505701806,1483
250622105241,23,0.351310977954,6641
250625105513,21,0.682672751063,4350
250628080614,21,0.491460846378,3307
250629080321,14,0.529623319421,989
250629084934,23,0.480191968642,14068
250701180337,16,0.437407786388,4801
250706152531,28,0.62138833844,11250
250708171459,39,0.665485308964,4964
250709173010,23,0.492230231693,4626
250712072905,24,0.707426902229,16846
250715165154,31,0.648038970172,5370
250716153128,22,0.448311607471,4662
250717102658,24,0.419825888255,4863
250718101116,22,0.616005257952,6578
250722170310,28,0.699864945998,5118
250723173905,20,0.486314194972,5190
250726080238,24,0.71192962241,15891
250729173622,27,0.678779574881,4953
250731170346,27,0.792623622197,8212
250815073628,25,0.46638327412,7177
250823070906,24,0.721430799126,17219
250830074715,30,0.375725443383,6912
250831104855,20,0.339797267725,5755
250831123125,22,0.341611392649,543
250906154316,16,0.532349136699,2370
250906164426,21,0.342645627463,4649
250907080204,22,0.608346996037,6304
250913140208,19,0.651349894411,2571
250913145805,22,0.359592013378,5088
250914163102,13,0.245785760131,3974
250920081438,26,0.0041114963,5381
250921082448,24,0.55853299716,1456
250921090114,21,0.396391537903,7332
251011081438,23,0.379582446019,13163
251015170431,35,0.347332658982,4774
251018083143,24,0.645043818205,13510
251025083018,23,0.653815146913,14094
251220083114,24,0.709446701828,13816
260105090043,23,0.682777285722,12541
260110082743,23,0.717571836723,13980
260117082736,24,0.655178894365,13412
260221081917,22,0.618792029792,13580
260301114610,17,0.35257026586,7823
260321102409,21,0.557946834976,5443
260322111400,23,0.35747434499,5115
260404082403,26,0.630800800164,14421
260407082440,20,0.453758107192,5137
260412113502,23,0.383141341575,7739
260418073226,25,0.679983287687,14303
260419082508,12,0.512893596537,2749
260424160919,19,0.480429278538,4537
260425073220,21,0.728353177316,16776
260427170343,19,0.517720918548,5049
260428165622,19,0.50854058103,4341
260501094312,22,0.560721680951,4455
260502130449,25,0.659514926273,2363
260502140459,22,0.318101151172,6061
260509140032,21,0.538817903584,2842
260509150834,22,0.323274717964,5800
260512171641,19,0.523339992825,5135
260513170002,23,0.449522368864,5687
260517080120,24,0.437011950589,10434
260519170927,20,0.531303062443,5506
260522164831,25,0.379086890207,4310
260523080618,23,0.581144497287,3857
260524095636,18,0.579099898953,2080
260524104617,25,0.305542050773,5922
260526170146,22,0.472500657327,5901
260529161523,22,0.470580621689,4495
260602090418,19,0.648411375741,2271
260602100204,23,0.390644648399,5984
260606075342,25,0.714787995413,14298
260609170059,21,0.527180891281,5097
260614094858,19,0.610374180684,1113
260614104013,24,0.429866779943,8758
260616171138,21,0.46648456052,5494
260621094805,20,0.575860463262,2281
260621150426,30,0.535922079977,9199
260623171613,23,0.473542522664,6587
260624171412,21,0.479705298622,4453
260625062641,25,0.356480165924,3738
260705084902,24,0.496398580947,10581
260707172316,23,0.511611522486,5808
260708172128,20,0.555014945078,5595
260712080105,20,0.465432510476,5754
260714172507,29,0.626575998285,5065
260715173151,28,0.468266678144,4804
260716153012,28,0.72950785068,4720
260721071628,23,0.600634823542,5907
260722172413,22,0.487884599042,3688
260728062911,23,0.526955220716,5492
260729172451,27,0.495456524115,3719
260801060832,24,0.61358926673,19040
260802064005,25,0.452868741406,3808
260811165713,22,0.481638709404,5166
260815064223,24,0.527904551802,17175
260816063546,20,0.579930976023,3923
260818062429,21,0.52005868877,5298
260819062707,15,0.500022000683,5267
260822080018,25,0.81128192242,17790
260824074938,21,0.679484459458,23147
260826062619,23,0.477291261162,5003
260827070608,20,0.476046604967,4534
260829063044,27,0.539379080541,4518
260830095410,20,0.534555530002,2084
260830104514,23,0.3420278842,5720
260901062237,19,0.536249394397,4730
260902062649,20,0.473962227891,5001
260904062108,21,0.521010376988,4585
260905142842,25,0.531793616731,2083
260905152115,22,0.34429087419,5294
260906074723,23,0.590165697179,4023
260908061657,20,0.551198885656,4668
260915062325,20,0.526879978114,4527
260916062309,23,0.391820627343,3689
260919065417,33,0.656003635897,4472
