activity_id,message_type,message_count
250511145356,activity,1
250511145356,event,17
250511145356,file_id,1
250511145356,record,7511
250511145356,session,1
250511145356,unknown_65282,1
250511145356,unknown_65286,1
250511145356,unknown_68,1
250518083010,activity,1
250518083010,event,5
250518083010,file_id,1
250518083010,lap,5
250518083010,record,10133
250518083010,session,1
250518083010,unknown_65282,1
250518083010,unknown_65286,1
250518083010,unknown_68,1
250524075639,activity,1
250524075639,event,5
250524075639,file_id,1
250524075639,record,3676
250524075639,session,1
250524075639,unknown_65282,1
250524075639,unknown_65286,1
250524075639,unknown_68,1
250525093943,activity,1
250525093943,event,13
250525093943,file_id,1
250525093943,record,2520
250525093943,session,1
250525093943,unknown_65282,1
250525093943,unknown_65286,1
250525093943,unknown_68,1
250525105224,activity,1
250525105224,event,5
250525105224,file_id,1
250525105224,record,6222
250525105224,session,1
250525105224,unknown_65282,1
250525105224,unknown_65286,1
250525105224,unknown_68,1
250601090758,activity,1
250601090758,event,13
250601090758,file_id,1
250601090758,record,1383
250601090758,session,1
250601090758,unknown_65282,1
250601090758,unknown_65286,1
250601090758,unknown_68,1
250601095058,activity,1
250601095058,event,3
250601095058,file_id,1
250601095058,record,5950
250601095058,session,1
250601095058,unknown_65282,1
250601095058,unknown_65286,1
250601095058,unknown_68,1
250604173939,activity,1
250604173939,event,3
250604173939,file_id,1
250604173939,lap,22
250604173939,record,3716
250604173939,session,1
250604173939,unknown_65282,1
250604173939,unknown_65285,22
250604173939,unknown_65286,1
250604173939,unknown_68,1
250604173939,workout_step,22
250607081806,activity,1
250607081806,event,9
250607081806,file_id,1
250607081806,record,3607
250607081806,session,1
250607081806,unknown_65282,1
250607081806,unknown_65286,1
250607081806,unknown_68,1
250608073054,activity,1
250608073054,event,7
250608073054,file_id,1
250608073054,record,8276
250608073054,session,1
250608073054,unknown_65282,1
250608073054,unknown_65286,1
250608073054,unknown_68,1
250611110321,activity,1
250611110321,event,3
250611110321,file_id,1
250611110321,lap,22
250611110321,record,3775
250611110321,session,1
250611110321,unknown_65282,1
250611110321,unknown_65285,22
250611110321,unknown_65286,1
250611110321,unknown_68,1
250611110321,workout_step,22
250615095052,activity,1
250615095052,event,17
250615095052,file_id,1
250615095052,record,718
250615095052,session,1
250615095052,unknown_65282,1
250615095052,unknown_65286,1
250615095052,unknown_68,1
250615104019,activity,1
250615104019,event,5
250615104019,file_id,1
250615104019,lap,3
250615104019,record,8374
250615104019,session,1
250615104019,unknown_65282,1
250615104019,unknown_65286,1
250615104019,unknown_68,1
250618105426,activity,1
250618105426,event,3
250618105426,file_id,1
250618105426,lap,40
250618105426,record,220
250618105426,session,1
250618105426,unknown_65282,1
250618105426,unknown_65285,40
250618105426,unknown_65286,1
250618105426,unknown_68,1
250618105426,workout_step,40
250622100132,activity,1
250622100132,event,7
250622100132,file_id,1
250622100132,record,1521
250622100132,session,1
250622100132,unknown_65282,1
250622100132,unknown_65286,1
250622100132,unknown_68,1
250622105241,activity,1
250622105241,event,5
250622105241,file_id,1
250622105241,record,6666
250622105241,session,1
250622105241,unknown_65282,1
250622105241,unknown_65286,1
250622105241,unknown_68,1
250625105513,activity,1
250625105513,event,4
250625105513,file_id,1
250625105513,lap,29
250625105513,record,4371
250625105513,session,1
250625105513,unknown_65282,1
250625105513,unknown_65285,29
250625105513,unknown_65286,1
250625105513,unknown_68,1
250625105513,workout_step,29
250628080614,activity,1
250628080614,event,7
250628080614,file_id,1
250628080614,record,3338
250628080614,session,1
250628080614,unknown_65282,1
250628080614,unknown_65286,1
250628080614,unknown_68,1
250629080321,activity,1
250629080321,event,9
250629080321,file_id,1
250629080321,record,1032
250629080321,session,1
250629080321,unknown_65282,1
250629080321,unknown_65286,1
250629080321,unknown_68,1
250629084934,activity,1
250629084934,event,7
250629084934,file_id,1
250629084934,lap,4
250629084934,record,14193
250629084934,session,1
250629084934,unknown_65282,1
250629084934,unknown_65286,1
250629084934,unknown_68,1
250701180337,activity,1
250701180337,event,9
250701180337,file_id,1
250701180337,lap,2
250701180337,record,4844
250701180337,session,1
250701180337,unknown_65282,1
250701180337,unknown_65286,1
250701180337,unknown_68,1
250706152531,activity,1
250706152531,event,15
250706152531,file_id,1
250706152531,lap,5
250706152531,record,11385
250706152531,session,1
250706152531,unknown_65282,1
250706152531,unknown_65286,1
250706152531,unknown_68,1
250708171459,activity,1
250708171459,event,9
250708171459,file_id,1
250708171459,lap,31
250708171459,record,5016
250708171459,session,1
250708171459,unknown_65282,1
250708171459,unknown_65286,1
250708171459,unknown_68,1
250709173010,activity,1
250709173010,event,9
250709173010,file_id,1
250709173010,lap,30
250709173010,record,4678
250709173010,session,1
250709173010,unknown_65282,1
250709173010,unknown_65286,1
250709173010,unknown_68,1
250712072905,activity,1
250712072905,event,27
250712072905,file_id,1
250712072905,lap,10
250712072905,record,17094
250712072905,session,1
250712072905,unknown_65282,1
250712072905,unknown_65286,1
250712072905,unknown_68,1
250715165154,activity,1
250715165154,event,13
250715165154,file_id,1
250715165154,lap,31
250715165154,record,5487
250715165154,session,1
250715165154,unknown_65282,1
250715165154,unknown_65286,1
250715165154,unknown_68,1
250716153128,activity,1
250716153128,event,5
250716153128,file_id,1
250716153128,record,4691
250716153128,session,1
250716153128,unknown_65282,1
250716153128,unknown_65286,1
250716153128,unknown_68,1
250717102658,activity,1
250717102658,event,11
250717102658,file_id,1
250717102658,lap,34
250717102658,record,4947
250717102658,session,1
250717102658,unknown_65282,1
250717102658,unknown_65286,1
250717102658,unknown_68,1
250718101116,activity,1
250718101116,event,13
250718101116,file_id,1
250718101116,record,6656
250718101116,session,1
250718101116,unknown_65282,1
250718101116,unknown_65286,1
250718101116,unknown_68,1
250722170310,activity,1
250722170310,event,9
250722170310,file_id,1
250722170310,lap,33
250722170310,record,5202
250722170310,session,1
250722170310,unknown_65282,1
250722170310,unknown_65286,1
250722170310,unknown_68,1
250723173905,activity,1
250723173905,event,7
250723173905,file_id,1
250723173905,lap,32
250723173905,record,5230
250723173905,session,1
250723173905,unknown_65282,1
250723173905,unknown_65286,1
250723173905,unknown_68,1
250726080238,activity,1
250726080238,event,32
250726080238,file_id,1
250726080238,lap,9
250726080238,record,16130
250726080238,session,1
250726080238,unknown_65282,1
250726080238,unknown_65286,1
250726080238,unknown_68,1
250729173622,activity,1
250729173622,event,5
250729173622,file_id,1
250729173622,lap,31
250729173622,record,4980
250729173622,session,1
250729173622,unknown_65282,1
250729173622,unknown_65286,1
250729173622,unknown_68,1
250731170346,activity,1
250731170346,event,17
250731170346,file_id,1
250731170346,lap,27
250731170346,record,8354
250731170346,session,1
250731170346,unknown_65282,1
250731170346,unknown_65286,1
250731170346,unknown_68,1
250815073628,activity,1
250815073628,event,15
250815073628,file_id,1
250815073628,record,7306
250815073628,session,1
250815073628,unknown_65282,1
250815073628,unknown_65286,1
250815073628,unknown_68,1
250823070906,activity,1
250823070906,event,37
250823070906,file_id,1
250823070906,lap,6
250823070906,record,17568
250823070906,session,1
250823070906,unknown_65282,1
250823070906,unknown_65286,1
250823070906,unknown_68,1
250830074715,activity,1
250830074715,event,3
250830074715,file_id,1
250830074715,record,6942
250830074715,session,1
250830074715,unknown_65282,1
250830074715,unknown_65286,1
250830074715,unknown_68,1
250831104855,activity,1
250831104855,event,9
250831104855,file_id,1
250831104855,record,5865
250831104855,session,1
250831104855,unknown_65282,1
250831104855,unknown_65286,1
250831104855,unknown_68,1
250831123125,activity,1
250831123125,event,7
250831123125,file_id,1
250831123125,record,592
250831123125,session,1
250831123125,unknown_65282,1
250831123125,unknown_65286,1
250831123125,unknown_68,1
250906154316,activity,1
250906154316,event,13
250906154316,file_id,1
250906154316,lap,3
250906154316,record,2453
250906154316,session,1
250906154316,unknown_65282,1
250906154316,unknown_65286,1
250906154316,unknown_68,1
250906164426,activity,1
250906164426,event,5
250906164426,file_id,1
250906164426,record,4684
250906164426,session,1
250906164426,unknown_65282,1
250906164426,unknown_65286,1
250906164426,unknown_68,1
250907080204,activity,1
250907080204,event,15
250907080204,file_id,1
250907080204,record,6395
250907080204,session,1
250907080204,unknown_65282,1
250907080204,unknown_65286,1
250907080204,unknown_68,1
250913140208,activity,1
250913140208,event,19
250913140208,file_id,1
250913140208,record,2688
250913140208,session,1
250913140208,unknown_65282,1
250913140208,unknown_65286,1
250913140208,unknown_68,1
250913145805,activity,1
250913145805,event,5
250913145805,file_id,1
250913145805,record,5136
250913145805,session,1
250913145805,unknown_65282,1
250913145805,unknown_65286,1
250913145805,unknown_68,1
250914163102,activity,1
250914163102,event,13
250914163102,file_id,1
250914163102,record,4039
250914163102,session,1
250914163102,unknown_65282,1
250914163102,unknown_65286,1
250914163102,unknown_68,1
250920081438,activity,1
250920081438,event,7
250920081438,file_id,1
250920081438,record,5442
250920081438,session,1
250920081438,unknown_65282,1
250920081438,unknown_65286,1
250920081438,unknown_68,1
250921082448,activity,1
250921082448,event,7
250921082448,file_id,1
250921082448,record,1504
250921082448,session,1
250921082448,unknown_65282,1
250921082448,unknown_65286,1
250921082448,unknown_68,1
250921090114,activity,1
250921090114,event,5
250921090114,file_id,1
250921090114,record,7391
250921090114,session,1
250921090114,unknown_65282,1
250921090114,unknown_65286,1
250921090114,unknown_68,1
251011081438,activity,1
251011081438,event,19
251011081438,file_id,1
251011081438,record,13330
251011081438,session,1
251011081438,unknown_65282,1
251011081438,unknown_65286,1
251011081438,unknown_68,1
251015170431,activity,1
251015170431,event,15
251015170431,file_id,1
251015170431,record,4896
251015170431,session,1
251015170431,unknown_65282,1
251015170431,unknown_65286,1
251015170431,unknown_68,1
251018083143,activity,1
251018083143,event,13
251018083143,file_id,1
251018083143,record,13628
251018083143,session,1
251018083143,unknown_65282,1
251018083143,unknown_65286,1
251018083143,unknown_68,1
251025083018,activity,1
251025083018,event,23
251025083018,file_id,1
251025083018,record,14243
251025083018,session,1
251025083018,unknown_65282,1
251025083018,unknown_65286,1
251025083018,unknown_68,1
251220083114,activity,1
251220083114,event,15
251220083114,file_id,1
251220083114,record,13932
251220083114,session,1
251220083114,unknown_65282,1
251220083114,unknown_65286,1
251220083114,unknown_68,1
260105090043,activity,1
260105090043,event,15
260105090043,file_id,1
260105090043,record,12660
260105090043,session,1
260105090043,unknown_65282,1
260105090043,unknown_65286,1
260105090043,unknown_68,1
260110082743,activity,1
260110082743,event,31
260110082743,file_id,1
260110082743,record,14248
260110082743,session,1
260110082743,unknown_65282,1
260110082743,unknown_65286,1
260110082743,unknown_68,1
260117082736,activity,1
260117082736,event,17
260117082736,file_id,1
260117082736,record,13536
260117082736,session,1
260117082736,unknown_65282,1
260117082736,unknown_65286,1
260117082736,unknown_68,1
260221081917,activity,1
260221081917,event,15
260221081917,file_id,1
260221081917,record,13675
260221081917,session,1
260221081917,unknown_65282,1
260221081917,unknown_65286,1
260221081917,unknown_68,1
260301114610,activity,1
260301114610,event,3
260301114610,file_id,1
260301114610,record,7915
260301114610,session,1
260301114610,unknown_65282,1
260301114610,unknown_65286,1
260301114610,unknown_68,1
260321102409,activity,1
260321102409,event,7
260321102409,file_id,1
260321102409,lap,15
260321102409,record,5482
260321102409,session,1
260321102409,unknown_65282,1
260321102409,unknown_65286,1
260321102409,unknown_68,1
260322111400,activity,1
260322111400,event,5
260322111400,file_id,1
260322111400,record,5156
260322111400,session,1
260322111400,unknown_65282,1
260322111400,unknown_65286,1
260322111400,unknown_68,1
260404082403,activity,1
260404082403,event,55
260404082403,file_id,1
260404082403,lap,3
260404082403,record,14973
260404082403,session,1
260404082403,unknown_65282,1
260404082403,unknown_65286,1
260404082403,unknown_68,1
260407082440,activity,1
260407082440,event,5
260407082440,file_id,1
260407082440,lap,88
260407082440,record,5157
260407082440,session,1
260407082440,unknown_65282,1
260407082440,unknown_65286,1
260407082440,unknown_68,1
260412113502,activity,1
260412113502,event,5
260412113502,file_id,1
260412113502,record,7818
260412113502,session,1
260412113502,unknown_65282,1
260412113502,unknown_65286,1
260412113502,unknown_68,1
260418073226,activity,1
260418073226,event,25
260418073226,file_id,1
260418073226,lap,7
260418073226,record,14455
260418073226,session,1
260418073226,unknown_65282,1
260418073226,unknown_65286,1
260418073226,unknown_68,1
260419082508,activity,1
260419082508,event,7
260419082508,file_id,1
260419082508,lap,2
260419082508,record,2766
260419082508,session,1
260419082508,unknown_65282,1
260419082508,unknown_65286,1
260419082508,unknown_68,1
260424160919,activity,1
260424160919,event,6
260424160919,file_id,1
260424160919,lap,88
260424160919,record,4667
260424160919,session,1
260424160919,unknown_65282,1
260424160919,unknown_65286,1
260424160919,unknown_68,1
260425073220,activity,1
260425073220,event,21
260425073220,file_id,1
260425073220,lap,3
260425073220,record,16934
260425073220,session,1
260425073220,unknown_65282,1
260425073220,unknown_65286,1
260425073220,unknown_68,1
260427170343,activity,1
260427170343,event,13
260427170343,file_id,1
260427170343,lap,92
260427170343,record,5136
260427170343,session,1
260427170343,unknown_65282,1
260427170343,unknown_65286,1
260427170343,unknown_68,1
260428165622,activity,1
260428165622,event,5
260428165622,file_id,1
260428165622,lap,11
260428165622,record,4364
260428165622,session,1
260428165622,unknown_65282,1
260428165622,unknown_65286,1
260428165622,unknown_68,1
260501094312,activity,1
260501094312,event,5
260501094312,file_id,1
260501094312,lap,18
260501094312,record,4477
260501094312,session,1
260501094312,unknown_65282,1
260501094312,unknown_65286,1
260501094312,unknown_68,1
260502130449,activity,1
260502130449,event,9
260502130449,file_id,1
260502130449,record,2434
260502130449,session,1
260502130449,unknown_65282,1
260502130449,unknown_65286,1
260502130449,unknown_68,1
260502140459,activity,1
260502140459,event,5
260502140459,file_id,1
260502140459,record,6105
260502140459,session,1
260502140459,unknown_65282,1
260502140459,unknown_65286,1
260502140459,unknown_68,1
260509140032,activity,1
260509140032,event,9
260509140032,file_id,1
260509140032,record,2886
260509140032,session,1
260509140032,unknown_65282,1
260509140032,unknown_65286,1
260509140032,unknown_68,1
260509150834,activity,1
260509150834,event,5
260509150834,file_id,1
260509150834,record,5835
260509150834,session,1
260509150834,unknown_65282,1
260509150834,unknown_65286,1
260509150834,unknown_68,1
260512171641,activity,1
260512171641,event,18
260512171641,file_id,1
260512171641,lap,52
260512171641,record,5216
260512171641,session,1
260512171641,unknown_65282,1
260512171641,unknown_65286,1
260512171641,unknown_68,1
260513170002,activity,1
260513170002,event,14
260513170002,file_id,1
260513170002,lap,9
260513170002,record,5777
260513170002,session,1
260513170002,unknown_65282,1
260513170002,unknown_65286,1
260513170002,unknown_68,1
260517080120,activity,1
260517080120,event,9
260517080120,file_id,1
260517080120,record,10492
260517080120,session,1
260517080120,unknown_65282,1
260517080120,unknown_65286,1
260517080120,unknown_68,1
260519170927,activity,1
260519170927,event,18
260519170927,file_id,1
260519170927,lap,51
260519170927,record,5632
260519170927,session,1
260519170927,unknown_65282,1
260519170927,unknown_65286,1
260519170927,unknown_68,1
260522164831,activity,1
260522164831,event,16
260522164831,file_id,1
260522164831,lap,8
260522164831,record,4382
260522164831,session,1
260522164831,unknown_65282,1
260522164831,unknown_65286,1
260522164831,unknown_68,1
260523080618,activity,1
260523080618,event,10
260523080618,file_id,1
260523080618,lap,13
260523080618,record,3907
260523080618,session,1
260523080618,unknown_65282,1
260523080618,unknown_65286,1
260523080618,unknown_68,1
260524095636,activity,1
260524095636,event,23
260524095636,file_id,1
260524095636,lap,5
260524095636,record,2209
260524095636,session,1
260524095636,unknown_65282,1
260524095636,unknown_65286,1
260524095636,unknown_68,1
260524104617,activity,1
260524104617,event,3
260524104617,file_id,1
260524104617,record,5968
260524104617,session,1
260524104617,unknown_65282,1
260524104617,unknown_65286,1
260524104617,unknown_68,1
260526170146,activity,1
260526170146,event,13
260526170146,file_id,1
260526170146,lap,71
260526170146,record,5983
260526170146,session,1
260526170146,unknown_65282,1
260526170146,unknown_65286,1
260526170146,unknown_68,1
260529161523,activity,1
260529161523,event,18
260529161523,file_id,1
260529161523,lap,3
260529161523,record,4614
260529161523,session,1
260529161523,unknown_65282,1
260529161523,unknown_65286,1
260529161523,unknown_68,1
260602090418,activity,1
260602090418,event,17
260602090418,file_id,1
260602090418,record,2387
260602090418,session,1
260602090418,unknown_65282,1
260602090418,unknown_65286,1
260602090418,unknown_68,1
260602100204,activity,1
260602100204,event,5
260602100204,file_id,1
260602100204,record,6026
260602100204,session,1
260602100204,unknown_65282,1
260602100204,unknown_65286,1
260602100204,unknown_68,1
260606075342,activity,1
260606075342,event,18
260606075342,file_id,1
260606075342,lap,16
260606075342,record,14402
260606075342,session,1
260606075342,unknown_65282,1
260606075342,unknown_65286,1
260606075342,unknown_68,1
260609170059,activity,1
260609170059,event,10
260609170059,file_id,1
260609170059,lap,51
260609170059,record,5131
260609170059,session,1
260609170059,unknown_65282,1
260609170059,unknown_65286,1
260609170059,unknown_68,1
260614094858,activity,1
260614094858,event,15
260614094858,file_id,1
260614094858,record,1194
260614094858,session,1
260614094858,unknown_65282,1
260614094858,unknown_65286,1
260614094858,unknown_68,1
260614104013,activity,1
260614104013,event,7
260614104013,file_id,1
260614104013,lap,3
260614104013,record,8803
260614104013,session,1
260614104013,unknown_65282,1
260614104013,unknown_65286,1
260614104013,unknown_68,1
260616171138,activity,1
260616171138,event,13
260616171138,file_id,1
260616171138,lap,57
260616171138,record,5566
260616171138,session,1
260616171138,unknown_65282,1
260616171138,unknown_65286,1
260616171138,unknown_68,1
260621094805,activity,1
260621094805,event,19
260621094805,file_id,1
260621094805,record,2400
260621094805,session,1
260621094805,unknown_65282,1
260621094805,unknown_65286,1
260621094805,unknown_68,1
260621150426,activity,1
260621150426,event,16
260621150426,file_id,1
260621150426,lap,2
260621150426,record,9386
260621150426,session,1
260621150426,unknown_65282,1
260621150426,unknown_65286,1
260621150426,unknown_68,1
260623171613,activity,1
260623171613,event,14
260623171613,file_id,1
260623171613,lap,13
260623171613,record,6654
260623171613,session,1
260623171613,unknown_65282,1
260623171613,unknown_65286,1
260623171613,unknown_68,1
260624171412,activity,1
260624171412,event,16
260624171412,file_id,1
260624171412,lap,43
260624171412,record,4495
260624171412,session,1
260624171412,unknown_65282,1
260624171412,unknown_65286,1
260624171412,unknown_68,1
260625062641,activity,1
260625062641,event,12
260625062641,file_id,1
260625062641,record,3826
260625062641,session,1
260625062641,unknown_65282,1
260625062641,unknown_65286,1
260625062641,unknown_68,1
260705084902,activity,1
260705084902,event,13
260705084902,file_id,1
260705084902,record,10702
260705084902,session,1
260705084902,unknown_65282,1
260705084902,unknown_65286,1
260705084902,unknown_68,1
260707172316,activity,1
260707172316,event,7
260707172316,file_id,1
260707172316,record,5854
260707172316,session,1
260707172316,unknown_65282,1
260707172316,unknown_65286,1
260707172316,unknown_68,1
260708172128,activity,1
260708172128,event,12
260708172128,file_id,1
260708172128,lap,10
260708172128,record,5666
260708172128,session,1
260708172128,unknown_65282,1
260708172128,unknown_65286,1
260708172128,unknown_68,1
260712080105,activity,1
260712080105,event,4
260712080105,file_id,1
260712080105,record,5774
260712080105,session,1
260712080105,unknown_65282,1
260712080105,unknown_65286,1
260712080105,unknown_68,1
260714172507,activity,1
260714172507,event,14
260714172507,file_id,1
260714172507,lap,9
260714172507,record,5183
260714172507,session,1
260714172507,unknown_65282,1
260714172507,unknown_65286,1
260714172507,unknown_68,1
260715173151,activity,1
260715173151,event,20
260715173151,file_id,1
260715173151,record,4921
260715173151,session,1
260715173151,unknown_65282,1
260715173151,unknown_65286,1
260715173151,unknown_68,1
260716153012,activity,1
260716153012,event,7
260716153012,file_id,1
260716153012,lap,13
260716153012,record,4792
260716153012,session,1
260716153012,unknown_65282,1
260716153012,unknown_65286,1
260716153012,unknown_68,1
260721071628,activity,1
260721071628,event,11
260721071628,file_id,1
260721071628,lap,60
260721071628,record,5976
260721071628,session,1
260721071628,unknown_65282,1
260721071628,unknown_65286,1
260721071628,unknown_68,1
260722172413,activity,1
260722172413,event,16
260722172413,file_id,1
260722172413,record,3788
260722172413,session,1
260722172413,unknown_65282,1
260722172413,unknown_65286,1
260722172413,unknown_68,1
260728062911,activity,1
260728062911,event,10
260728062911,file_id,1
260728062911,lap,73
260728062911,record,5557
260728062911,session,1
260728062911,unknown_65282,1
260728062911,unknown_65286,1
260728062911,unknown_68,1
260729172451,activity,1
260729172451,event,10
260729172451,file_id,1
260729172451,record,3766
260729172451,session,1
260729172451,unknown_65282,1
260729172451,unknown_65286,1
260729172451,unknown_68,1
260801060832,activity,1
260801060832,event,35
260801060832,file_id,1
260801060832,lap,7
260801060832,record,19348
260801060832,session,1
260801060832,unknown_65282,1
260801060832,unknown_65286,1
260801060832,unknown_68,1
260802064005,activity,1
260802064005,event,8
260802064005,file_id,1
260802064005,record,3851
260802064005,session,1
260802064005,unknown_65282,1
260802064005,unknown_65286,1
260802064005,unknown_68,1
260811165713,activity,1
260811165713,event,9
260811165713,file_id,1
260811165713,lap,73
260811165713,record,5228
260811165713,session,1
260811165713,unknown_65282,1
260811165713,unknown_65286,1
260811165713,unknown_68,1
260815064223,activity,1
260815064223,event,32
260815064223,file_id,1
260815064223,record,17433
260815064223,session,1
260815064223,unknown_65282,1
260815064223,unknown_65286,1
260815064223,unknown_68,1
260816063546,activity,1
260816063546,event,8
260816063546,file_id,1
260816063546,record,3963
260816063546,session,1
260816063546,unknown_65282,1
260816063546,unknown_65286,1
260816063546,unknown_68,1
260818062429,activity,1
260818062429,event,8
260818062429,file_id,1
260818062429,lap,77
260818062429,record,5331
260818062429,session,1
260818062429,unknown_65282,1
260818062429,unknown_65286,1
260818062429,unknown_68,1
260819062707,activity,1
260819062707,event,7
260819062707,file_id,1
260819062707,lap,2
260819062707,record,5297
260819062707,session,1
260819062707,unknown_65282,1
260819062707,unknown_65286,1
260819062707,unknown_68,1
260822080018,activity,1
260822080018,event,51
260822080018,file_id,1
260822080018,record,18273
260822080018,session,1
260822080018,unknown_65282,1
260822080018,unknown_65286,1
260822080018,unknown_68,1
260824074938,activity,1
260824074938,event,56
260824074938,file_id,1
260824074938,record,23603
260824074938,session,1
260824074938,unknown_65282,1
260824074938,unknown_65286,1
260824074938,unknown_68,1
260826062619,activity,1
260826062619,event,10
260826062619,file_id,1
260826062619,lap,47
260826062619,record,5048
260826062619,session,1
260826062619,unknown_65282,1
260826062619,unknown_65286,1
260826062619,unknown_68,1
260827070608,activity,1
260827070608,event,10
260827070608,file_id,1
260827070608,lap,14
260827070608,record,4586
260827070608,session,1
260827070608,unknown_65282,1
260827070608,unknown_65286,1
260827070608,unknown_68,1
260829063044,activity,1
260829063044,event,4
260829063044,file_id,1
260829063044,lap,16
260829063044,record,4545
260829063044,session,1
260829063044,unknown_65282,1
260829063044,unknown_65286,1
260829063044,unknown_68,1
260830095410,activity,1
260830095410,event,11
260830095410,file_id,1
260830095410,lap,4
260830095410,record,2145
260830095410,session,1
260830095410,unknown_65282,1
260830095410,unknown_65286,1
260830095410,unknown_68,1
260830104514,activity,1
260830104514,event,3
260830104514,file_id,1
260830104514,record,5761
260830104514,session,1
260830104514,unknown_65282,1
260830104514,unknown_65286,1
260830104514,unknown_68,1
260901062237,activity,1
260901062237,event,10
260901062237,file_id,1
260901062237,lap,47
260901062237,record,4787
260901062237,session,1
260901062237,unknown_65282,1
260901062237,unknown_65286,1
260901062237,unknown_68,1
260902062649,activity,1
260902062649,event,10
260902062649,file_id,1
260902062649,lap,17
260902062649,record,5046
260902062649,session,1
260902062649,unknown_65282,1
260902062649,unknown_65286,1
260902062649,unknown_68,1
260904062108,activity,1
260904062108,event,8
260904062108,file_id,1
260904062108,lap,17
260904062108,record,4631
260904062108,session,1
260904062108,unknown_65282,1
260904062108,unknown_65286,1
260904062108,unknown_68,1
260905142842,activity,1
260905142842,event,23
260905142842,file_id,1
260905142842,lap,2
260905142842,record,2248
260905142842,session,1
260905142842,unknown_65282,1
260905142842,unknown_65286,1
260905142842,unknown_68,1
260905152115,activity,1
260905152115,event,5
260905152115,file_id,1
260905152115,record,5337
260905152115,session,1
260905152115,unknown_65282,1
260905152115,unknown_65286,1
260905152115,unknown_68,1
260906074723,activity,1
260906074723,event,6
260906074723,file_id,1
260906074723,record,4046
260906074723,session,1
260906074723,unknown_65282,1
260906074723,unknown_65286,1
260906074723,unknown_68,1
260908061657,activity,1
260908061657,event,12
260908061657,file_id,1
260908061657,lap,60
260908061657,record,4734
260908061657,session,1
260908061657,unknown_65282,1
260908061657,unknown_65286,1
260908061657,unknown_68,1
260915062325,activity,1
260915062325,event,4
260915062325,file_id,1
260915062325,lap,47
260915062325,record,4547
260915062325,session,1
260915062325,unknown_65282,1
260915062325,unknown_65286,1
260915062325,unknown_68,1
260916062309,activity,1
260916062309,event,12
260916062309,file_id,1
260916062309,record,3760
260916062309,session,1
260916062309,unknown_65282,1
260916062309,unknown_65286,1
260916062309,unknown_68,1
260919065417,activity,1
260919065417,event,10
260919065417,file_id,1
260919065417,lap,16
260919065417,record,4541
260919065417,session,1
260919065417,unknown_65282,1
260919065417,unknown_65286,1
260919065417,unknown_68,1
