field,observed_count,min,p05,median,mean,p95,max
altitude,865127,-52.0,0.8000000000000114,40.39999999999998,140.0390684835868,632.0,2173.8
cadence,863985,0.0,0.0,85.0,78.4443838724052,99.0,161.0
distance,865127,0.0,2827.9010000000003,32573.47,40500.0098693949,105832.033,188656.6
enhanced_altitude,865127,-52.0,0.8000000000000114,40.39999999999998,140.0390684835868,632.0,2173.8
enhanced_speed,864083,0.0,3.678,9.049,8.914499007618481,13.121,23.491
heart_rate,864845,55.0,108.0,143.0,144.54290306355475,182.0,200.0
power,864401,0.0,0.0,197.0,207.32197325084076,413.0,1201.0
speed,864083,0.0,3.678,9.049,8.914499007618481,13.121,23.491
temperature,865127,-1.0,8.0,22.0,22.139199215837674,34.0,43.0
