activity_id,record_count,timestamp_observed_count,dt_zero_count,dt_negative_count,dt_positive_count,dt_over_2s_count,dt_over_5s_count,dt_over_10s_count,dt_over_30s_count,dt_median_positive_s,dt_p95_positive_s,dt_max_positive_s
250511145356,7511,7511,0,0,7510,6,6,5,2,1.0,1.0,149.0
250518083010,10133,10133,0,0,10132,0,0,0,0,1.0,1.0,1.0
250524075639,3676,3676,0,0,3675,0,0,0,0,1.0,1.0,1.0
250525093943,2520,2520,0,0,2519,5,5,4,3,1.0,1.0,584.0
250525105224,6222,6222,0,0,6221,1,1,0,0,1.0,1.0,6.0
250601090758,1383,1383,0,0,1382,4,4,4,3,1.0,1.0,163.0
250601095058,5950,5950,0,0,5949,0,0,0,0,1.0,1.0,1.0
250604173939,3716,3716,0,0,3715,0,0,0,0,1.0,1.0,1.0
250607081806,3607,3607,0,0,3606,2,1,1,1,1.0,1.0,51.0
250608073054,8276,8276,0,0,8275,1,0,0,0,1.0,1.0,5.0
250611110321,3775,3775,0,0,3774,0,0,0,0,1.0,1.0,1.0
250615095052,718,718,0,0,717,6,6,6,5,1.0,1.0,218.0
250615104019,8374,8374,0,0,8373,0,0,0,0,1.0,1.0,1.0
250618105426,220,220,0,0,219,0,0,0,0,1.0,1.0,1.0
250622100132,1521,1521,0,0,1520,2,2,1,1,1.0,1.0,63.0
250622105241,6666,6666,0,0,6665,0,0,0,0,1.0,1.0,1.0
250625105513,4371,4371,0,0,4370,0,0,0,0,1.0,1.0,1.0
250628080614,3338,3338,0,0,3337,1,1,0,0,1.0,1.0,10.0
250629080321,1032,1032,0,0,1031,3,2,2,2,1.0,1.0,520.0
250629084934,14193,14193,0,0,14192,1,1,1,0,1.0,1.0,26.0
250701180337,4844,4844,0,0,4843,3,3,2,1,1.0,1.0,39.0
250706152531,11385,11385,0,0,11384,5,5,4,3,1.0,1.0,128.0
250708171459,5016,5016,0,0,5015,2,1,0,0,1.0,1.0,10.0
250709173010,4678,4678,0,0,4677,3,3,1,0,1.0,1.0,17.0
250712072905,17094,17094,0,0,17093,11,11,11,5,1.0,1.0,295.0
250715165154,5487,5487,0,0,5486,4,4,3,2,1.0,1.0,77.0
250716153128,4691,4691,0,0,4690,1,1,0,0,1.0,1.0,8.0
250717102658,4947,4947,0,0,4946,3,3,3,2,1.0,1.0,65.0
250718101116,6656,6656,0,0,6655,5,3,2,2,1.0,1.0,53.0
250722170310,5202,5202,0,0,5201,3,3,3,1,1.0,1.0,140.0
250723173905,5230,5230,0,0,5229,1,1,1,1,1.0,1.0,127.0
250726080238,16130,16130,0,0,16129,13,11,10,7,1.0,1.0,195.0
250729173622,4980,4980,0,0,4979,0,0,0,0,1.0,1.0,1.0
250731170346,8354,8354,0,0,8353,6,6,5,3,1.0,1.0,66.0
250815073628,7306,7306,0,0,7305,6,6,5,4,1.0,1.0,108.0
250823070906,17568,17568,0,0,17567,16,16,14,9,1.0,1.0,345.0
250830074715,6942,6942,0,0,6941,0,0,0,0,1.0,1.0,1.0
250831104855,5865,5865,0,0,5864,3,3,2,1,1.0,1.0,85.0
250831123125,592,592,0,0,591,2,2,2,2,1.0,1.0,358.0
250906154316,2453,2453,0,0,2452,5,5,4,3,1.0,1.0,862.0
250906164426,4684,4684,0,0,4683,0,0,0,0,1.0,1.0,1.0
250907080204,6395,6395,0,0,6394,5,5,2,2,1.0,1.0,89.0
250913140208,2688,2688,0,0,2687,7,7,7,3,1.0,1.0,132.0
250913145805,5136,5136,0,0,5135,1,0,0,0,1.0,1.0,4.0
250914163102,4039,4039,0,0,4038,4,4,4,2,1.0,1.0,153.0
250920081438,5442,5442,0,0,5441,2,2,1,1,1.0,1.0,61.0
250921082448,1504,1504,0,0,1503,1,1,1,1,1.0,1.0,46.0
250921090114,7391,7391,0,0,7390,1,0,0,0,1.0,1.0,4.0
251011081438,13330,13330,0,0,13329,7,7,7,5,1.0,1.0,214.0
251015170431,4896,4896,0,0,4895,6,6,5,1,1.0,1.0,35.0
251018083143,13628,13628,0,0,13627,5,4,4,3,1.0,1.0,40.0
251025083018,14243,14243,0,0,14242,8,8,6,2,1.0,1.0,262.0
251220083114,13932,13932,0,0,13931,5,5,4,1,1.0,1.0,1008.0
260105090043,12660,12660,0,0,12659,4,4,4,3,1.0,1.0,474.0
260110082743,14248,14248,0,0,14247,13,12,12,5,1.0,1.0,68.0
260117082736,13536,13536,0,0,13535,7,7,3,2,1.0,1.0,132.0
260221081917,13675,13675,0,0,13674,5,4,4,4,1.0,1.0,439.0
260301114610,7915,7915,0,0,7914,0,0,0,0,1.0,1.0,1.0
260321102409,5482,5482,0,0,5481,1,1,1,0,1.0,1.0,19.0
260322111400,5156,5156,0,0,5155,1,0,0,0,1.0,1.0,4.0
260404082403,14973,14973,0,0,14972,25,25,25,16,1.0,1.0,578.0
260407082440,5157,5157,0,0,5156,0,0,0,0,1.0,1.0,1.0
260412113502,7818,7818,0,0,7817,0,0,0,0,1.0,1.0,1.0
260418073226,14455,14455,0,0,14454,11,8,4,2,1.0,1.0,98.0
260419082508,2766,2766,0,0,2765,1,1,0,0,1.0,1.0,6.0
260424160919,4667,4667,0,0,4666,1,1,1,0,1.0,1.0,23.0
260425073220,16934,16934,0,0,16933,9,9,8,4,1.0,1.0,481.0
260427170343,5136,5136,0,0,5135,5,5,3,2,1.0,1.0,202.0
260428165622,4364,4364,0,0,4363,1,0,0,0,1.0,1.0,5.0
260501094312,4477,4477,0,0,4476,0,0,0,0,1.0,1.0,1.0
260502130449,2434,2434,0,0,2433,3,3,2,2,1.0,1.0,179.0
260502140459,6105,6105,0,0,6104,0,0,0,0,1.0,1.0,1.0
260509140032,2886,2886,0,0,2885,2,2,2,0,1.0,1.0,16.0
260509150834,5835,5835,0,0,5834,0,0,0,0,1.0,1.0,1.0
260512171641,5216,5216,0,0,5215,6,6,3,2,1.0,1.0,53.0
260513170002,5777,5777,0,0,5776,4,4,3,1,1.0,1.0,72.0
260517080120,10492,10492,0,0,10491,2,1,0,0,1.0,1.0,10.0
260519170927,5632,5632,0,0,5631,7,7,6,3,1.0,1.0,121.0
260522164831,4382,4382,0,0,4381,5,4,2,1,1.0,1.0,37.0
260523080618,3907,3907,0,0,3906,2,1,1,1,1.0,1.0,41.0
260524095636,2209,2209,0,0,2208,9,8,5,3,1.0,1.0,271.0
260524104617,5968,5968,0,0,5967,0,0,0,0,1.0,1.0,1.0
260526170146,5983,5983,0,0,5982,4,4,2,1,1.0,1.0,398.0
260529161523,4614,4614,0,0,4613,7,6,6,4,1.0,1.0,86.0
260602090418,2387,2387,0,0,2386,6,6,6,5,1.0,1.0,230.0
260602100204,6026,6026,0,0,6025,0,0,0,0,1.0,1.0,1.0
260606075342,14402,14402,0,0,14401,6,6,3,1,1.0,1.0,58.0
260609170059,5131,5131,0,0,5130,2,1,1,0,1.0,1.0,14.0
260614094858,1194,1194,0,0,1193,5,5,4,3,1.0,1.0,345.0
260614104013,8803,8803,0,0,8802,1,0,0,0,1.0,1.0,4.0
260616171138,5566,5566,0,0,5565,4,3,2,2,1.0,1.0,44.0
260621094805,2400,2400,0,0,2399,7,7,6,3,1.0,1.0,241.0
260621150426,9386,9386,0,0,9385,6,6,6,4,1.0,1.0,72.0
260623171613,6654,6654,0,0,6653,4,2,2,0,1.0,1.0,28.0
260624171412,4495,4495,0,0,4494,5,3,0,0,1.0,1.0,8.0
260625062641,3826,3826,0,0,3825,3,3,3,2,1.0,1.0,256.0
260705084902,10702,10702,0,0,10701,4,4,1,1,1.0,1.0,64.0
260707172316,5854,5854,0,0,5853,1,1,1,1,1.0,1.0,40.0
260708172128,5666,5666,0,0,5665,4,3,2,2,1.0,1.0,63.0
260712080105,5774,5774,0,0,5773,0,0,0,0,1.0,1.0,1.0
260714172507,5183,5183,0,0,5182,5,5,3,2,1.0,1.0,44.0
260715173151,4921,4921,0,0,4920,7,5,4,1,1.0,1.0,165.0
260716153012,4792,4792,0,0,4791,2,2,2,1,1.0,1.0,35.0
260721071628,5976,5976,0,0,5975,3,3,2,1,1.0,1.0,59.0
260722172413,3788,3788,0,0,3787,5,5,3,1,1.0,1.0,57.0
260728062911,5557,5557,0,0,5556,3,3,3,0,1.0,1.0,26.0
260729172451,3766,3766,0,0,3765,2,1,1,0,1.0,1.0,17.0
260801060832,19348,19348,0,0,19347,16,15,12,11,1.0,1.0,372.0
260802064005,3851,3851,0,0,3850,1,1,1,0,1.0,1.0,19.0
260811165713,5228,5228,0,0,5227,2,2,2,1,1.0,1.0,43.0
260815064223,17433,17433,0,0,17432,13,13,11,6,1.0,1.0,329.0
260816063546,3963,3963,0,0,3962,1,1,1,1,1.0,1.0,93.0
260818062429,5331,5331,0,0,5330,1,1,1,0,1.0,1.0,13.0
260819062707,5297,5297,0,0,5296,1,1,1,1,1.0,1.0,206.0
260822080018,18273,18273,0,0,18272,24,22,22,18,1.0,1.0,931.0
260824074938,23603,23603,0,0,23602,25,24,22,17,1.0,1.0,169.0
260826062619,5048,5048,0,0,5047,2,2,2,0,1.0,1.0,13.0
260827070608,4586,4586,0,0,4585,3,3,3,2,1.0,1.0,238.0
260829063044,4545,4545,0,0,4544,0,0,0,0,1.0,1.0,1.0
260830095410,2145,2145,0,0,2144,3,3,2,1,1.0,1.0,172.0
260830104514,5761,5761,0,0,5760,0,0,0,0,1.0,1.0,1.0
260901062237,4787,4787,0,0,4786,2,2,2,2,1.0,1.0,58.0
260902062649,5046,5046,0,0,5045,2,2,2,0,1.0,1.0,16.0
260904062108,4631,4631,0,0,4630,2,2,1,0,1.0,1.0,20.0
260905142842,2248,2248,0,0,2247,9,9,8,3,1.0,1.0,113.0
260905152115,5337,5337,0,0,5336,0,0,0,0,1.0,1.0,1.0
260906074723,4046,4046,0,0,4045,0,0,0,0,1.0,1.0,1.0
260908061657,4734,4734,0,0,4733,3,3,2,2,1.0,1.0,42.0
260915062325,4547,4547,0,0,4546,0,0,0,0,1.0,1.0,1.0
260916062309,3760,3760,0,0,3759,4,4,2,1,1.0,1.0,47.0
260919065417,4541,4541,0,0,4540,2,1,1,1,1.0,1.0,90.0
