segment_id,activity_id,filename,last_time_s,calibration_s,B,B_unconstrained,at_bound,N,MAE,RMSE,bias,residual_sd,SSE
0a2e76562d642461b8059e26,fit:e132bf2d9108324574334bdc27a950c6e12105c38a576939f4ac9a4551f2fe92,040_250906154316_segment_001.csv,446.0,10,124.34842970840118,124.34842970840118,False,267,2.84345894965153,3.370946910309725,2.017733835438748,2.7054476339886473,3033.996580257824
0a2e76562d642461b8059e26,fit:e132bf2d9108324574334bdc27a950c6e12105c38a576939f4ac9a4551f2fe92,040_250906154316_segment_001.csv,446.0,30,123.84923300701917,123.84923300701917,False,267,3.1462064333337105,3.6898118528718076,2.5141811425158624,2.7057391335313503,3635.1279730614065
0a2e76562d642461b8059e26,fit:e132bf2d9108324574334bdc27a950c6e12105c38a576939f4ac9a4551f2fe92,040_250906154316_segment_001.csv,446.0,60,127.57861559476794,127.57861559476794,False,267,2.2727448081492136,2.9512177429261377,-1.1946613590921633,2.7036730777845577,2325.4862063652668
0a2e76562d642461b8059e26,fit:e132bf2d9108324574334bdc27a950c6e12105c38a576939f4ac9a4551f2fe92,040_250906154316_segment_001.csv,446.0,120,129.46075957243795,129.46075957243795,False,267,3.290486336028989,4.084168378006349,-3.06643917064191,2.7027283866828435,4453.675167755173
0a2e76562d642461b8059e26,fit:e132bf2d9108324574334bdc27a950c6e12105c38a576939f4ac9a4551f2fe92,040_250906154316_segment_001.csv,446.0,180,129.1487787548642,129.1487787548642,False,267,3.0743840472421375,3.856774631823379,-2.756176630213621,2.702880426771389,3971.547719700588
f66be025c67059d098b89ece,fit:e132bf2d9108324574334bdc27a950c6e12105c38a576939f4ac9a4551f2fe92,040_250906154316_segment_002.csv,393.0,10,98.1423121237986,98.1423121237986,False,209,16.861963752720087,17.22313860991964,-16.861963752720087,3.5170823063313166,61997.02924748946
f66be025c67059d098b89ece,fit:e132bf2d9108324574334bdc27a950c6e12105c38a576939f4ac9a4551f2fe92,040_250906154316_segment_002.csv,393.0,30,90.742028752293,90.742028752293,False,209,9.508886189829491,10.130210994419619,-9.508886189829491,3.5015600699277583,21447.825531415165
f66be025c67059d098b89ece,fit:e132bf2d9108324574334bdc27a950c6e12105c38a576939f4ac9a4551f2fe92,040_250906154316_segment_002.csv,393.0,60,94.69222033272324,94.69222033272324,False,209,13.43387981791423,13.882673016986512,-13.43387981791423,3.50976109687877,40280.279510182154
f66be025c67059d098b89ece,fit:e132bf2d9108324574334bdc27a950c6e12105c38a576939f4ac9a4551f2fe92,040_250906154316_segment_002.csv,393.0,120,88.80306698435847,88.80306698435847,False,209,7.583283559798877,8.346608887638753,-7.582292902064433,3.4976058312308798,14560.16890395094
f66be025c67059d098b89ece,fit:e132bf2d9108324574334bdc27a950c6e12105c38a576939f4ac9a4551f2fe92,040_250906154316_segment_002.csv,393.0,180,83.51554135137278,83.51554135137278,False,209,3.5467779021673906,4.186086427476387,-2.328495967095735,3.487062666878783,3662.3737918651227
c882dd026445f8a2ba1ddf11,fit:e132bf2d9108324574334bdc27a950c6e12105c38a576939f4ac9a4551f2fe92,040_250906154316_segment_003.csv,1206.0,10,182.02438953126523,182.02438953126523,False,1027,3.223310109735027,4.1910199277259705,0.7916616743669865,4.1175755635718545,18038.8935315303
c882dd026445f8a2ba1ddf11,fit:e132bf2d9108324574334bdc27a950c6e12105c38a576939f4ac9a4551f2fe92,040_250906154316_segment_003.csv,1206.0,30,200.0,205.33085081025422,True,1027,17.158075493524514,17.641247982253233,-17.158075493524514,4.102494816317049,319616.3983913804
c882dd026445f8a2ba1ddf11,fit:e132bf2d9108324574334bdc27a950c6e12105c38a576939f4ac9a4551f2fe92,040_250906154316_segment_003.csv,1206.0,60,200.0,207.95196167479034,True,1027,17.158075493524514,17.641247982253233,-17.158075493524514,4.102494816317049,319616.3983913804
c882dd026445f8a2ba1ddf11,fit:e132bf2d9108324574334bdc27a950c6e12105c38a576939f4ac9a4551f2fe92,040_250906154316_segment_003.csv,1206.0,120,199.3129543260274,199.3129543260274,False,1027,16.472018722790935,16.974863347057436,-16.472018722790935,4.103044873041375,295925.92726385844
c882dd026445f8a2ba1ddf11,fit:e132bf2d9108324574334bdc27a950c6e12105c38a576939f4ac9a4551f2fe92,040_250906154316_segment_003.csv,1206.0,180,191.4809111385784,191.4809111385784,False,1027,8.674943426592353,9.5768131428132,-8.65124863285139,4.10946356298924,94191.66442161336
18a4407f90dab54831555baf,fit:e132bf2d9108324574334bdc27a950c6e12105c38a576939f4ac9a4551f2fe92,040_250906154316_segment_004.csv,335.0,10,92.35119978054566,92.35119978054566,False,156,13.929930831910461,14.38692690144612,13.929930831910461,3.6089030224782115,32289.45184413844
18a4407f90dab54831555baf,fit:e132bf2d9108324574334bdc27a950c6e12105c38a576939f4ac9a4551f2fe92,040_250906154316_segment_004.csv,335.0,30,116.5856862562027,116.5856862562027,False,156,10.085540622610456,10.732654602952396,-10.085540622610456,3.682208530346387,17969.620472898936
18a4407f90dab54831555baf,fit:e132bf2d9108324574334bdc27a950c6e12105c38a576939f4ac9a4551f2fe92,040_250906154316_segment_004.csv,335.0,60,121.86235779622787,121.86235779622787,False,156,15.314525147273116,15.752167296931287,-15.314525147273116,3.6991635270623004,38708.40082987981
18a4407f90dab54831555baf,fit:e132bf2d9108324574334bdc27a950c6e12105c38a576939f4ac9a4551f2fe92,040_250906154316_segment_004.csv,335.0,120,113.76708758135861,113.76708758135861,False,156,7.292414550578278,8.160019025358874,-7.292414550578278,3.6732948035265487,10387.40203709813
18a4407f90dab54831555baf,fit:e132bf2d9108324574334bdc27a950c6e12105c38a576939f4ac9a4551f2fe92,040_250906154316_segment_004.csv,335.0,180,107.4793839342584,107.4793839342584,False,156,3.1104180629610023,3.79359188979909,-1.061534948359337,3.6537734315783754,2245.0489505105115
94fb505fbc416ed65ceebdb4,fit:833c96f234ddf3ee346487eb28de8dafd5d1fb26726e5f233e13c8cb838f61c4,114_260819062707_segment_001.csv,5071.0,10,166.55258583185716,166.55258583185716,False,4892,41.502660907677864,41.64563716052478,-41.502660907677864,3.4482840258067236,8484484.690323757
94fb505fbc416ed65ceebdb4,fit:833c96f234ddf3ee346487eb28de8dafd5d1fb26726e5f233e13c8cb838f61c4,114_260819062707_segment_001.csv,5071.0,30,140.23899751346698,140.23899751346698,False,4892,15.197023781673202,15.586431480630399,-15.197023781673202,3.4626240587153876,1188447.0521014903
94fb505fbc416ed65ceebdb4,fit:833c96f234ddf3ee346487eb28de8dafd5d1fb26726e5f233e13c8cb838f61c4,114_260819062707_segment_001.csv,5071.0,60,136.17553328976243,136.17553328976243,False,4892,11.13501590065262,11.661330879346789,-11.134787417331776,3.4649099812070463,665246.6324972532
94fb505fbc416ed65ceebdb4,fit:833c96f234ddf3ee346487eb28de8dafd5d1fb26726e5f233e13c8cb838f61c4,114_260819062707_segment_001.csv,5071.0,120,125.0642169965175,125.0642169965175,False,4892,2.6838079456597748,3.471006561635739,-0.026828637035476444,3.471257683424416,58938.2610070926
94fb505fbc416ed65ceebdb4,fit:833c96f234ddf3ee346487eb28de8dafd5d1fb26726e5f233e13c8cb838f61c4,114_260819062707_segment_001.csv,5071.0,180,122.54662637041788,122.54662637041788,False,4892,3.446877886655233,4.272867276354441,2.490001247230916,3.472715615937822,89315.17517247835
873ed4e603804983fef686c4,fit:62c70d6d48f2760160a4bbd90273a509a78ceea1ca32d51f1709e4a4e443fd2a,113_260818062429_segment_001.csv,2287.0,10,97.49826373452991,97.49826373452991,False,2108,32.59415769963719,33.59134639357455,32.59415769963719,8.125931348120574,2378621.988739804
873ed4e603804983fef686c4,fit:62c70d6d48f2760160a4bbd90273a509a78ceea1ca32d51f1709e4a4e443fd2a,113_260818062429_segment_001.csv,2287.0,30,125.33749653393313,125.33749653393313,False,2108,7.5585514675707985,9.396240869753255,4.774446944376162,8.094756504238513,186113.93395294427
873ed4e603804983fef686c4,fit:62c70d6d48f2760160a4bbd90273a509a78ceea1ca32d51f1709e4a4e443fd2a,113_260818062429_segment_001.csv,2287.0,60,133.40321590600314,133.40321590600314,False,2108,7.036601918642717,8.726147528152108,-3.2856164051031804,8.085876041709797,160515.0316399224
873ed4e603804983fef686c4,fit:62c70d6d48f2760160a4bbd90273a509a78ceea1ca32d51f1709e4a4e443fd2a,113_260818062429_segment_001.csv,2287.0,120,127.9303153776835,127.9303153776835,False,2108,6.755749029186618,8.379446836488945,2.183446294549644,8.09189431416912,148013.49253392793
873ed4e603804983fef686c4,fit:62c70d6d48f2760160a4bbd90273a509a78ceea1ca32d51f1709e4a4e443fd2a,113_260818062429_segment_001.csv,2287.0,180,126.38046845501387,126.38046845501387,False,2108,7.173952112807591,8.910932636781299,3.732206399193216,8.093604327374797,167385.1507238916
ebc366e765a00080d5442ae1,fit:62c70d6d48f2760160a4bbd90273a509a78ceea1ca32d51f1709e4a4e443fd2a,113_260818062429_segment_002.csv,3042.0,10,92.17496600880351,92.17496600880351,False,2863,25.368446836878885,25.701728632974255,25.368446836878885,4.126343049634404,1891237.261072088
ebc366e765a00080d5442ae1,fit:62c70d6d48f2760160a4bbd90273a509a78ceea1ca32d51f1709e4a4e443fd2a,113_260818062429_segment_002.csv,3042.0,30,94.33738948593766,94.33738948593766,False,2863,23.20713985796221,23.571116400308565,23.20713985796221,4.1270009719259155,1590675.723685791
ebc366e765a00080d5442ae1,fit:62c70d6d48f2760160a4bbd90273a509a78ceea1ca32d51f1709e4a4e443fd2a,113_260818062429_segment_002.csv,3042.0,60,112.75944886851312,112.75944886851312,False,2863,5.204964026196443,6.329557228775867,4.7945921166912715,4.132934468125719,114701.21276145472
ebc366e765a00080d5442ae1,fit:62c70d6d48f2760160a4bbd90273a509a78ceea1ca32d51f1709e4a4e443fd2a,113_260818062429_segment_002.csv,3042.0,120,118.5507956960335,118.5507956960335,False,2863,3.259941719420291,4.251960479255432,-0.9937645340769148,4.134921024119638,51760.65774680069
ebc366e765a00080d5442ae1,fit:62c70d6d48f2760160a4bbd90273a509a78ceea1ca32d51f1709e4a4e443fd2a,113_260818062429_segment_002.csv,3042.0,180,118.81420032121916,118.81420032121916,False,2863,3.3390110946562945,4.32116774296109,-1.257033158706897,4.13501275372041,53459.3407676177
e8ea825846d54b0374b3d377,fit:5f3234c64cccd7dda72c2438a560f1661858a93071dc4d855a4ee10cc6c8e40f,047_250921082448_segment_001.csv,1434.0,10,93.85068258945637,93.85068258945637,False,1255,4.5364350348579405,5.9339672408726845,1.8981368503208491,5.624433330313215,44191.018855766466
e8ea825846d54b0374b3d377,fit:5f3234c64cccd7dda72c2438a560f1661858a93071dc4d855a4ee10cc6c8e40f,047_250921082448_segment_001.csv,1434.0,30,97.37811219844998,97.37811219844998,False,1255,4.344180983019012,5.850882015831868,-1.625137928618364,5.622894259801909,42962.18955579688
e8ea825846d54b0374b3d377,fit:5f3234c64cccd7dda72c2438a560f1661858a93071dc4d855a4ee10cc6c8e40f,047_250921082448_segment_001.csv,1434.0,60,90.47787270728017,90.47787270728017,False,1255,6.40078426094883,7.704996066904971,5.266974023351976,5.6259371737874115,74505.54031073143
e8ea825846d54b0374b3d377,fit:5f3234c64cccd7dda72c2438a560f1661858a93071dc4d855a4ee10cc6c8e40f,047_250921082448_segment_001.csv,1434.0,120,90.22414648086207,90.22414648086207,False,1255,6.590265540961528,7.880486458920252,5.520401394947164,5.626051577140647,77938.09387067794
e8ea825846d54b0374b3d377,fit:5f3234c64cccd7dda72c2438a560f1661858a93071dc4d855a4ee10cc6c8e40f,047_250921082448_segment_001.csv,1434.0,180,89.76613575909212,89.76613575909212,False,1255,6.9464814389081075,8.20758938894545,5.977872642674262,5.626258542041638,84542.47708980009
8eec4b1b53fff25d4b189995,fit:0ee8ebeb882b9c8ac7371622aa68aa4f2ed90efe5b43e9c96b1f0cf24011cd50,031_250723173905_segment_001.csv,1985.0,10,180.08226317711896,180.08226317711896,False,1806,30.999035862817472,31.261247900978674,-30.999035862817472,4.041588851289273,1764941.7103095572
8eec4b1b53fff25d4b189995,fit:0ee8ebeb882b9c8ac7371622aa68aa4f2ed90efe5b43e9c96b1f0cf24011cd50,031_250723173905_segment_001.csv,1985.0,30,177.42167951103605,177.42167951103605,False,1806,28.340629895519573,28.62778284435215,-28.340629895519573,4.045702741339873,1480107.2107535903
8eec4b1b53fff25d4b189995,fit:0ee8ebeb882b9c8ac7371622aa68aa4f2ed90efe5b43e9c96b1f0cf24011cd50,031_250723173905_segment_001.csv,1985.0,60,155.5112299185171,155.5112299185171,False,1806,6.598537491078075,7.6299878063551345,-6.448114097026735,4.080166239717725,105139.38534878126
8eec4b1b53fff25d4b189995,fit:0ee8ebeb882b9c8ac7371622aa68aa4f2ed90efe5b43e9c96b1f0cf24011cd50,031_250723173905_segment_001.csv,1985.0,120,153.83767621961124,153.83767621961124,False,1806,5.109562660542741,6.282505097912002,-4.775930208776791,4.082841052876202,71282.58577135425
8eec4b1b53fff25d4b189995,fit:0ee8ebeb882b9c8ac7371622aa68aa4f2ed90efe5b43e9c96b1f0cf24011cd50,031_250723173905_segment_001.csv,1985.0,180,149.45149647560245,149.45149647560245,False,1806,2.859802885136625,4.107623476908663,-0.3933405711123948,4.0898796794093215,30471.8625542605
0bd061ce7fda60a88f809898,fit:0ee8ebeb882b9c8ac7371622aa68aa4f2ed90efe5b43e9c96b1f0cf24011cd50,031_250723173905_segment_002.csv,3243.0,10,111.83693565879378,111.83693565879378,False,3064,33.8689545550825,34.44169826093747,-33.86827723667302,6.259645705336587,3634610.494354628
0bd061ce7fda60a88f809898,fit:0ee8ebeb882b9c8ac7371622aa68aa4f2ed90efe5b43e9c96b1f0cf24011cd50,031_250723173905_segment_002.csv,3243.0,30,98.94408536643863,98.94408536643863,False,3064,21.061979912370543,21.89670374724548,-20.981647065031666,6.264896737892473,1469082.7056235592
0bd061ce7fda60a88f809898,fit:0ee8ebeb882b9c8ac7371622aa68aa4f2ed90efe5b43e9c96b1f0cf24011cd50,031_250723173905_segment_002.csv,3243.0,60,106.57948371196005,106.57948371196005,False,3064,28.630585092563916,29.29029502763656,-28.613361733295534,6.261765727677817,2628671.1169175557
0bd061ce7fda60a88f809898,fit:0ee8ebeb882b9c8ac7371622aa68aa4f2ed90efe5b43e9c96b1f0cf24011cd50,031_250723173905_segment_002.csv,3243.0,120,92.76944619498533,92.76944619498533,False,3064,14.974352422054382,16.081172772723427,-14.809986831527674,6.267473816482734,792363.0167742997
0bd061ce7fda60a88f809898,fit:0ee8ebeb882b9c8ac7371622aa68aa4f2ed90efe5b43e9c96b1f0cf24011cd50,031_250723173905_segment_002.csv,3243.0,180,84.02707760137017,84.02707760137017,False,3064,6.811908772081922,8.72824141781083,-6.071835969968932,6.27119140664996,233422.25543061088
6cb29cca4e9ef885b11976dc,fit:ba5388f6cb0a5afd94a04ad34446f89a2989dc9cff35b08f042e44db2466e3bf,076_260513170002_segment_002.csv,634.0,10,110.77442551029083,110.77442551029083,False,448,47.07388107416182,47.16377787348701,-47.07388107416182,2.913866191773448,996541.0305982312
6cb29cca4e9ef885b11976dc,fit:ba5388f6cb0a5afd94a04ad34446f89a2989dc9cff35b08f042e44db2466e3bf,076_260513170002_segment_002.csv,634.0,30,99.77219850888945,99.77219850888945,False,448,36.107950079129154,36.22506072707791,-36.107950079129154,2.913746123121468,587890.251056856
6cb29cca4e9ef885b11976dc,fit:ba5388f6cb0a5afd94a04ad34446f89a2989dc9cff35b08f042e44db2466e3bf,076_260513170002_segment_002.csv,634.0,60,96.95808452978581,96.95808452978581,False,448,33.303119774948314,33.43007655922627,-33.303119774948314,2.913963889678621,500671.368402567
6cb29cca4e9ef885b11976dc,fit:ba5388f6cb0a5afd94a04ad34446f89a2989dc9cff35b08f042e44db2466e3bf,076_260513170002_segment_002.csv,634.0,120,76.53808409330173,76.53808409330173,False,448,12.95048428792381,13.274565675799233,-12.95048428792381,2.9185722751612198,78943.914058736
6cb29cca4e9ef885b11976dc,fit:ba5388f6cb0a5afd94a04ad34446f89a2989dc9cff35b08f042e44db2466e3bf,076_260513170002_segment_002.csv,634.0,180,70.15214865889187,70.15214865889187,False,448,6.58561585687319,7.203064270848712,-6.58561585687319,2.9211034225363317,23244.092430709825
0acb2092749f9d3c57b5aee8,fit:ba5388f6cb0a5afd94a04ad34446f89a2989dc9cff35b08f042e44db2466e3bf,076_260513170002_segment_003.csv,2505.0,10,79.93185308528389,79.93185308528389,False,2326,12.881606856026684,13.44381598563526,-12.86064134052465,3.9174852208127264,420392.37388257706
0acb2092749f9d3c57b5aee8,fit:ba5388f6cb0a5afd94a04ad34446f89a2989dc9cff35b08f042e44db2466e3bf,076_260513170002_segment_003.csv,2505.0,30,83.43911793324551,83.43911793324551,False,2326,16.365677253062586,16.827490432758545,-16.365677253062586,3.916073984189899,658640.474099414
0acb2092749f9d3c57b5aee8,fit:ba5388f6cb0a5afd94a04ad34446f89a2989dc9cff35b08f042e44db2466e3bf,076_260513170002_segment_003.csv,2505.0,60,97.14509888036727,97.14509888036727,False,2326,30.062947781161633,30.316147122156686,-30.062947781161633,3.910821205385157,2137753.973748811
0acb2092749f9d3c57b5aee8,fit:ba5388f6cb0a5afd94a04ad34446f89a2989dc9cff35b08f042e44db2466e3bf,076_260513170002_segment_003.csv,2505.0,120,83.74994204700003,83.74994204700003,False,2326,16.67630383201215,17.12971637264062,-16.67630383201215,3.915950233253476,682511.6276745424
0acb2092749f9d3c57b5aee8,fit:ba5388f6cb0a5afd94a04ad34446f89a2989dc9cff35b08f042e44db2466e3bf,076_260513170002_segment_003.csv,2505.0,180,74.93874149823164,74.93874149823164,False,2326,8.04329981537316,8.792278722919695,-7.870702973566469,3.9195413839549254,179809.4881191439
fc0837e85aa1b9a505a22364,fit:ba5388f6cb0a5afd94a04ad34446f89a2989dc9cff35b08f042e44db2466e3bf,076_260513170002_segment_004.csv,2370.0,10,85.31139793610677,85.31139793610677,False,2191,3.1834385068293747,4.0213964202118575,-0.6407094631648983,3.9709340728603597,35432.039508167596
fc0837e85aa1b9a505a22364,fit:ba5388f6cb0a5afd94a04ad34446f89a2989dc9cff35b08f042e44db2466e3bf,076_260513170002_segment_004.csv,2370.0,30,87.81399491795578,87.81399491795578,False,2191,4.116558043160432,5.062807275370873,-3.1416179990231403,3.971076835312045,56159.75035903822
fc0837e85aa1b9a505a22364,fit:ba5388f6cb0a5afd94a04ad34446f89a2989dc9cff35b08f042e44db2466e3bf,076_260513170002_segment_004.csv,2370.0,60,97.30768574469384,97.30768574469384,False,2191,12.629056411529671,13.238460157170957,-12.62890364573012,3.9717527448683914,383987.7086866092
fc0837e85aa1b9a505a22364,fit:ba5388f6cb0a5afd94a04ad34446f89a2989dc9cff35b08f042e44db2466e3bf,076_260513170002_segment_004.csv,2370.0,120,92.10801889597195,92.10801889597195,False,2191,7.5163269772983075,8.426753141336613,-7.432744895478629,3.97135621831176,155583.27919451296
fc0837e85aa1b9a505a22364,fit:ba5388f6cb0a5afd94a04ad34446f89a2989dc9cff35b08f042e44db2466e3bf,076_260513170002_segment_004.csv,2370.0,180,86.74711700899726,86.74711700899726,False,2191,3.586050265086646,4.479876127583391,-2.0754598886343034,3.971014167462596,43971.814649615
6de29f5e6c57db9dd3036223,fit:e3f90d305e1f1377bf77bcc40c88a05811be79ce78e338303895cbc9c0bd4a46,080_260523080618_segment_001.csv,3066.0,10,108.55082749936994,108.55082749936994,False,2883,18.235212851471683,18.757994549270762,18.18882526917815,4.5865337134885165,1014419.1824686896
6de29f5e6c57db9dd3036223,fit:e3f90d305e1f1377bf77bcc40c88a05811be79ce78e338303895cbc9c0bd4a46,080_260523080618_segment_001.csv,3066.0,30,133.07842516687705,133.07842516687705,False,2883,6.744451671231847,7.807788368013301,-6.326196210773495,4.5769058071971624,175752.17517268838
6de29f5e6c57db9dd3036223,fit:e3f90d305e1f1377bf77bcc40c88a05811be79ce78e338303895cbc9c0bd4a46,080_260523080618_segment_001.csv,3066.0,60,135.36089942917454,135.36089942917454,False,2883,8.764338022645937,9.74792764907501,-8.607500165860205,4.576057005437507,273948.6954209657
6de29f5e6c57db9dd3036223,fit:e3f90d305e1f1377bf77bcc40c88a05811be79ce78e338303895cbc9c0bd4a46,080_260523080618_segment_001.csv,3066.0,120,131.55102961974666,131.55102961974666,False,2883,5.5557489135965525,6.631895998333196,-4.7995838146525225,4.577478303843402,126800.23438779678
6de29f5e6c57db9dd3036223,fit:e3f90d305e1f1377bf77bcc40c88a05811be79ce78e338303895cbc9c0bd4a46,080_260523080618_segment_001.csv,3066.0,180,128.76834836744052,128.76834836744052,False,2883,3.890394486718598,5.002931559504799,-2.018329343795208,4.578530558400019,72159.54163714394
abd29bf8fbf9d833661bfdd4,fit:e3f90d305e1f1377bf77bcc40c88a05811be79ce78e338303895cbc9c0bd4a46,080_260523080618_segment_002.csv,843.0,10,200.0,243.46972559306036,True,664,3.9968149441162684,4.646119373760275,3.577865987203222,2.9662351630861146,14333.386356193096
abd29bf8fbf9d833661bfdd4,fit:e3f90d305e1f1377bf77bcc40c88a05811be79ce78e338303895cbc9c0bd4a46,080_260523080618_segment_002.csv,843.0,30,200.0,244.0711850175472,True,664,3.9968149441162684,4.646119373760275,3.577865987203222,2.9662351630861146,14333.386356193096
abd29bf8fbf9d833661bfdd4,fit:e3f90d305e1f1377bf77bcc40c88a05811be79ce78e338303895cbc9c0bd4a46,080_260523080618_segment_002.csv,843.0,60,200.0,231.94848317984048,True,664,3.9968149441162684,4.646119373760275,3.577865987203222,2.9662351630861146,14333.386356193096
abd29bf8fbf9d833661bfdd4,fit:e3f90d305e1f1377bf77bcc40c88a05811be79ce78e338303895cbc9c0bd4a46,080_260523080618_segment_002.csv,843.0,120,200.0,213.85783872921402,True,664,3.9968149441162684,4.646119373760275,3.577865987203222,2.9662351630861146,14333.386356193096
abd29bf8fbf9d833661bfdd4,fit:e3f90d305e1f1377bf77bcc40c88a05811be79ce78e338303895cbc9c0bd4a46,080_260523080618_segment_002.csv,843.0,180,200.0,208.5646510008061,True,664,3.9968149441162684,4.646119373760275,3.577865987203222,2.9662351630861146,14333.386356193096
e596ed949c1d6c9fa6bdede6,fit:20a7a50b2dc2e902d837119fcc8cb2d49e71f8d5138f26b0d6212e069518af6a,011_250611110321_segment_001.csv,3774.0,10,62.73063007792387,62.73063007792387,False,3595,16.42613939109643,17.594129904356382,16.26062312922384,6.719977969071656,1112844.4984934665
e596ed949c1d6c9fa6bdede6,fit:20a7a50b2dc2e902d837119fcc8cb2d49e71f8d5138f26b0d6212e069518af6a,011_250611110321_segment_001.csv,3774.0,30,75.54057438426825,75.54057438426825,False,3595,6.264373209902622,7.54657529813074,3.4559461098626256,6.7096764525074875,204738.12143563377
e596ed949c1d6c9fa6bdede6,fit:20a7a50b2dc2e902d837119fcc8cb2d49e71f8d5138f26b0d6212e069518af6a,011_250611110321_segment_001.csv,3774.0,60,83.62741579559298,83.62741579559298,False,3595,6.020955108688711,8.14464921174992,-4.627570094616375,6.703238371316874,238475.44226293862
e596ed949c1d6c9fa6bdede6,fit:20a7a50b2dc2e902d837119fcc8cb2d49e71f8d5138f26b0d6212e069518af6a,011_250611110321_segment_001.csv,3774.0,120,79.44647506356202,79.44647506356202,False,3595,5.220328072511862,6.720599672264241,-0.44834851250274044,6.706560580450598,162373.42353764345
e596ed949c1d6c9fa6bdede6,fit:20a7a50b2dc2e902d837119fcc8cb2d49e71f8d5138f26b0d6212e069518af6a,011_250611110321_segment_001.csv,3774.0,180,74.35279041430294,74.35279041430294,False,3595,6.920249207800365,8.159636789303015,4.643241678091428,6.7106263254149985,239353.92275738326
82f20881cd59292ddf1b932c,fit:e400a56f83dbd7357afa5495e4d4b95c79f121f8327818feec51bd82f4ac400c,093_260621150426_segment_001.csv,3265.0,10,103.19541487685157,103.19541487685157,False,3086,60.57640507194635,60.99486609648681,60.57640507194635,7.133675705633275,11481073.20773611
82f20881cd59292ddf1b932c,fit:e400a56f83dbd7357afa5495e4d4b95c79f121f8327818feec51bd82f4ac400c,093_260621150426_segment_001.csv,3265.0,30,170.81232767351474,170.81232767351474,False,3086,8.473020952917748,9.958442542670065,-7.008118686591,7.0762331952625015,306040.40332428983
82f20881cd59292ddf1b932c,fit:e400a56f83dbd7357afa5495e4d4b95c79f121f8327818feec51bd82f4ac400c,093_260621150426_segment_001.csv,3265.0,60,168.7512839849789,168.7512839849789,False,3086,7.311180452468283,8.635052481656748,-4.948062254347195,7.077926598828742,230104.9093799422
82f20881cd59292ddf1b932c,fit:e400a56f83dbd7357afa5495e4d4b95c79f121f8327818feec51bd82f4ac400c,093_260621150426_segment_001.csv,3265.0,120,156.81539399293118,156.81539399293118,False,3086,7.911124576108085,9.948395117029381,6.982110351620199,7.087804980218717,305423.164838392
82f20881cd59292ddf1b932c,fit:e400a56f83dbd7357afa5495e4d4b95c79f121f8327818feec51bd82f4ac400c,093_260621150426_segment_001.csv,3265.0,180,152.66228943708012,152.66228943708012,False,3086,11.283483342828491,13.199186966614327,11.133225537412255,7.091270734638956,537638.403884774
69d2fbf8ea3d861ef545da13,fit:e400a56f83dbd7357afa5495e4d4b95c79f121f8327818feec51bd82f4ac400c,093_260621150426_segment_002.csv,359.0,10,94.1213088304366,94.1213088304366,False,180,12.045703644056841,12.35375353845422,12.045703644056841,2.749225424197498,27470.740767996627
69d2fbf8ea3d861ef545da13,fit:e400a56f83dbd7357afa5495e4d4b95c79f121f8327818feec51bd82f4ac400c,093_260621150426_segment_002.csv,359.0,30,86.53971835217507,86.53971835217507,False,180,19.5668270863548,19.763457145953282,19.5668270863548,2.7886771296378043,70306.96290478772
69d2fbf8ea3d861ef545da13,fit:e400a56f83dbd7357afa5495e4d4b95c79f121f8327818feec51bd82f4ac400c,093_260621150426_segment_002.csv,359.0,60,102.66140513555587,102.66140513555587,False,180,3.61820267089786,4.4777980315743715,3.573718945848384,2.705526579935505,3609.121538082837
69d2fbf8ea3d861ef545da13,fit:e400a56f83dbd7357afa5495e4d4b95c79f121f8327818feec51bd82f4ac400c,093_260621150426_segment_002.csv,359.0,120,108.45600175492187,108.45600175492187,False,180,3.000889514622722,3.4426980700125873,-2.1746628214780293,2.676341714938979,2133.3906002283106
69d2fbf8ea3d861ef545da13,fit:e400a56f83dbd7357afa5495e4d4b95c79f121f8327818feec51bd82f4ac400c,093_260621150426_segment_002.csv,359.0,180,106.288580687259,106.288580687259,False,180,2.073100321903253,2.679850377667326,-0.024528038008740004,2.6872130024399397,1292.687648403068
9e29ca689271b4b84b275c30,fit:e400a56f83dbd7357afa5495e4d4b95c79f121f8327818feec51bd82f4ac400c,093_260621150426_segment_003.csv,1070.0,10,60.0,54.315653397790776,True,891,42.82397319807735,43.364301927281154,42.82397319807735,6.828054409183109,1675492.249341596
9e29ca689271b4b84b275c30,fit:e400a56f83dbd7357afa5495e4d4b95c79f121f8327818feec51bd82f4ac400c,093_260621150426_segment_003.csv,1070.0,30,92.07995028322321,92.07995028322321,False,891,11.101923092445423,12.783457533908624,10.797245333458044,6.847547353890191,145604.35679042942
9e29ca689271b4b84b275c30,fit:e400a56f83dbd7357afa5495e4d4b95c79f121f8327818feec51bd82f4ac400c,093_260621150426_segment_003.csv,1070.0,60,117.59515074484338,117.59515074484338,False,891,14.707599495230335,16.200415482045894,-14.67562399398823,6.865305566215904,233846.03445570284
9e29ca689271b4b84b275c30,fit:e400a56f83dbd7357afa5495e4d4b95c79f121f8327818feec51bd82f4ac400c,093_260621150426_segment_003.csv,1070.0,120,113.19204243376132,113.19204243376132,False,891,10.705602213093242,12.357599682133007,-10.279820684055538,6.862099208516747,136064.85048433367
9e29ca689271b4b84b275c30,fit:e400a56f83dbd7357afa5495e4d4b95c79f121f8327818feec51bd82f4ac400c,093_260621150426_segment_003.csv,1070.0,180,107.96776598630414,107.96776598630414,False,891,6.8122194970307035,8.522365121097167,-5.064211601277373,6.8583715014563635,64713.960166248544
88d1ee32f818b689cc58dfd5,fit:e400a56f83dbd7357afa5495e4d4b95c79f121f8327818feec51bd82f4ac400c,093_260621150426_segment_004.csv,1169.0,10,65.66964577291428,65.66964577291428,False,990,37.84148902674896,38.059704999927405,37.84148902674896,4.071805495186981,1434055.7332346842
88d1ee32f818b689cc58dfd5,fit:e400a56f83dbd7357afa5495e4d4b95c79f121f8327818feec51bd82f4ac400c,093_260621150426_segment_004.csv,1169.0,30,84.56383759760834,84.56383759760834,False,990,18.975509064552238,19.409369778491047,18.975509064552238,4.082956019643885,372956.3988462196
88d1ee32f818b689cc58dfd5,fit:e400a56f83dbd7357afa5495e4d4b95c79f121f8327818feec51bd82f4ac400c,093_260621150426_segment_004.csv,1169.0,60,111.59009892658003,111.59009892658003,False,990,8.070660486829416,8.998573031074887,-8.01039800235285,4.101808774497272,80164.57342963242
88d1ee32f818b689cc58dfd5,fit:e400a56f83dbd7357afa5495e4d4b95c79f121f8327818feec51bd82f4ac400c,093_260621150426_segment_004.csv,1169.0,120,115.65695568544162,115.65695568544162,False,990,12.071182334050482,12.749390052948403,-12.071182334050482,4.104939038787027,160921.47725499747
88d1ee32f818b689cc58dfd5,fit:e400a56f83dbd7357afa5495e4d4b95c79f121f8327818feec51bd82f4ac400c,093_260621150426_segment_004.csv,1169.0,180,108.72689266143772,108.72689266143772,False,990,5.5312889118888675,6.582383404720972,-5.151466933641445,4.0996507929366,42894.493573878586
cf2eafe74d9d7d669ee7a5f1,fit:e400a56f83dbd7357afa5495e4d4b95c79f121f8327818feec51bd82f4ac400c,093_260621150426_segment_005.csv,1448.0,10,87.054501202022,87.054501202022,False,1269,16.689657653990682,17.85581136978708,16.67602518627706,6.385320128423668,404595.26958556694
cf2eafe74d9d7d669ee7a5f1,fit:e400a56f83dbd7357afa5495e4d4b95c79f121f8327818feec51bd82f4ac400c,093_260621150426_segment_005.csv,1448.0,30,97.21609641187688,97.21609641187688,False,1269,8.055896202216056,9.134921324640176,6.526266901611856,6.394282420601354,105893.97347374722
cf2eafe74d9d7d669ee7a5f1,fit:e400a56f83dbd7357afa5495e4d4b95c79f121f8327818feec51bd82f4ac400c,093_260621150426_segment_005.csv,1448.0,60,98.6544944347003,98.6544944347003,False,1269,7.1679126239066955,8.171569653235938,5.089544423763166,6.395570410494584,84736.90470846415
cf2eafe74d9d7d669ee7a5f1,fit:e400a56f83dbd7357afa5495e4d4b95c79f121f8327818feec51bd82f4ac400c,093_260621150426_segment_005.csv,1448.0,120,102.27735977668841,102.27735977668841,False,1269,5.587006696903081,6.563259624780982,1.4708992445683648,6.398835671841797,54663.92228899357
cf2eafe74d9d7d669ee7a5f1,fit:e400a56f83dbd7357afa5495e4d4b95c79f121f8327818feec51bd82f4ac400c,093_260621150426_segment_005.csv,1448.0,180,106.83152115571347,106.83152115571347,False,1269,5.242634656679664,7.102091836769415,-3.077957133968887,6.402983353271682,64007.99003308368
4467d263a99d122887a764d6,fit:e400a56f83dbd7357afa5495e4d4b95c79f121f8327818feec51bd82f4ac400c,093_260621150426_segment_006.csv,1064.0,10,90.60572042705932,90.60572042705932,False,885,15.733198568303186,16.31349579983778,15.733198568303186,4.314816903249765,235525.17851202254
4467d263a99d122887a764d6,fit:e400a56f83dbd7357afa5495e4d4b95c79f121f8327818feec51bd82f4ac400c,093_260621150426_segment_006.csv,1064.0,30,79.14021682636984,79.14021682636984,False,885,27.17955129992809,27.520257068220698,27.17955129992809,4.319446989444166,670267.6259543418
4467d263a99d122887a764d6,fit:e400a56f83dbd7357afa5495e4d4b95c79f121f8327818feec51bd82f4ac400c,093_260621150426_segment_006.csv,1064.0,60,105.8031919442148,105.8031919442148,False,885,3.3210064977444502,4.343644601985221,0.5611114387222945,4.309685517785796,16697.51485909448
4467d263a99d122887a764d6,fit:e400a56f83dbd7357afa5495e4d4b95c79f121f8327818feec51bd82f4ac400c,093_260621150426_segment_006.csv,1064.0,120,106.32905010325427,106.32905010325427,False,885,3.3227158297278865,4.307244630213452,0.03613162232707459,4.3095285312857685,16418.835329484817
4467d263a99d122887a764d6,fit:e400a56f83dbd7357afa5495e4d4b95c79f121f8327818feec51bd82f4ac400c,093_260621150426_segment_006.csv,1064.0,180,106.02203340409022,106.02203340409022,False,885,3.3120338123250255,4.32079131148195,0.3426355104702494,4.309620018858904,16522.275238279442
8101455f7699d29c2e96fc3d,fit:e400a56f83dbd7357afa5495e4d4b95c79f121f8327818feec51bd82f4ac400c,093_260621150426_segment_007.csv,1004.0,10,143.51264599209608,143.51264599209608,False,825,61.15666338355149,61.42096552554252,61.15666338355149,5.695335571455627,3112341.3800241533
8101455f7699d29c2e96fc3d,fit:e400a56f83dbd7357afa5495e4d4b95c79f121f8327818feec51bd82f4ac400c,093_260621150426_segment_007.csv,1004.0,30,169.71254210171617,169.71254210171617,False,825,35.003711719796804,35.466085849702175,35.003711719796804,5.711650751816603,1037720.6775362174
8101455f7699d29c2e96fc3d,fit:e400a56f83dbd7357afa5495e4d4b95c79f121f8327818feec51bd82f4ac400c,093_260621150426_segment_007.csv,1004.0,60,199.92255289604898,199.92255289604898,False,825,5.799960390793142,7.505877267444602,4.847830614009073,5.73381045157576,46479.009682001866
8101455f7699d29c2e96fc3d,fit:e400a56f83dbd7357afa5495e4d4b95c79f121f8327818feec51bd82f4ac400c,093_260621150426_segment_007.csv,1004.0,120,200.0,210.10930379865073,True,825,5.749653488229482,7.456226779217961,4.770522278218193,5.733871836044994,45866.13717107982
8101455f7699d29c2e96fc3d,fit:e400a56f83dbd7357afa5495e4d4b95c79f121f8327818feec51bd82f4ac400c,093_260621150426_segment_007.csv,1004.0,180,200.0,208.2179416417073,True,825,5.749653488229482,7.456226779217961,4.770522278218193,5.733871836044994,45866.13717107982
543dcdf16c9ce6b47d52419d,fit:50ccdcb70acef83e1a61b82c3b2e1650525e17be655b428ecb029f68334ded65,105_260722172413_segment_002.csv,1532.0,10,82.75497707078353,82.75497707078353,False,1344,8.374812670057938,9.322809555511975,-8.083068208727413,4.647026354677167,116813.46164321624
543dcdf16c9ce6b47d52419d,fit:50ccdcb70acef83e1a61b82c3b2e1650525e17be655b428ecb029f68334ded65,105_260722172413_segment_002.csv,1532.0,30,107.41029963972407,107.41029963972407,False,1344,32.71128407924357,33.04157465239222,-32.71128407924357,4.661943834870948,1467306.1610049135
543dcdf16c9ce6b47d52419d,fit:50ccdcb70acef83e1a61b82c3b2e1650525e17be655b428ecb029f68334ded65,105_260722172413_segment_002.csv,1532.0,60,105.68828176528595,105.68828176528595,False,1344,30.991159435732488,31.339419843827,-30.991159435732488,4.6608407232691444,1320022.0133824516
543dcdf16c9ce6b47d52419d,fit:50ccdcb70acef83e1a61b82c3b2e1650525e17be655b428ecb029f68334ded65,105_260722172413_segment_002.csv,1532.0,120,89.98449915098071,89.98449915098071,False,1344,15.313397715785657,15.995301666763869,-15.304641965627168,4.651204814061483,343861.963752087
543dcdf16c9ce6b47d52419d,fit:50ccdcb70acef83e1a61b82c3b2e1650525e17be655b428ecb029f68334ded65,105_260722172413_segment_002.csv,1532.0,180,83.8756980070811,83.8756980070811,False,1344,9.425384415279682,10.308819458808305,-9.202556995481894,4.647663432812944,142829.24360450558
34e5d1d8b30b74659ed4fc97,fit:50ccdcb70acef83e1a61b82c3b2e1650525e17be655b428ecb029f68334ded65,105_260722172413_segment_003.csv,1663.0,10,177.13220141923074,177.13220141923074,False,1475,106.54635471960644,106.63077054753903,-106.54635471960644,4.243551832803691,16770928.81065383
34e5d1d8b30b74659ed4fc97,fit:50ccdcb70acef83e1a61b82c3b2e1650525e17be655b428ecb029f68334ded65,105_260722172413_segment_003.csv,1663.0,30,132.23054981632296,132.23054981632296,False,1475,61.68970274533877,61.83258659988427,-61.68970274533877,4.2025366859241755,5639321.429307478
34e5d1d8b30b74659ed4fc97,fit:50ccdcb70acef83e1a61b82c3b2e1650525e17be655b428ecb029f68334ded65,105_260722172413_segment_003.csv,1663.0,60,111.16348936311616,111.16348936311616,False,1475,40.643755321677446,40.85854437644599,-40.643755321677446,4.185412560990194,2462395.45662896
34e5d1d8b30b74659ed4fc97,fit:50ccdcb70acef83e1a61b82c3b2e1650525e17be655b428ecb029f68334ded65,105_260722172413_segment_003.csv,1663.0,120,87.04781097159066,87.04781097159066,False,1475,16.552245229830998,17.068483209056968,-16.552245229830998,4.1675018744301235,429716.35061034304
34e5d1d8b30b74659ed4fc97,fit:50ccdcb70acef83e1a61b82c3b2e1650525e17be655b428ecb029f68334ded65,105_260722172413_segment_003.csv,1663.0,180,79.55103445257429,79.55103445257429,False,1475,9.093146771835869,9.972496217946203,-9.062981845572713,4.162305431096811,146689.75420500324
5f325eb030beb6ccde01f0ca,fit:50ccdcb70acef83e1a61b82c3b2e1650525e17be655b428ecb029f68334ded65,105_260722172413_segment_004.csv,373.0,10,158.51438638340895,158.51438638340895,False,194,72.53627304252657,72.61740555868892,-72.53627304252657,3.440596206901217,1023017.79247457
5f325eb030beb6ccde01f0ca,fit:50ccdcb70acef83e1a61b82c3b2e1650525e17be655b428ecb029f68334ded65,105_260722172413_segment_004.csv,373.0,30,113.09671008538413,113.09671008538413,False,194,27.457091018852186,27.644598710259185,-27.457091018852186,3.2226579501953183,148259.42454314517
5f325eb030beb6ccde01f0ca,fit:50ccdcb70acef83e1a61b82c3b2e1650525e17be655b428ecb029f68334ded65,105_260722172413_segment_004.csv,373.0,60,115.0301563391154,115.0301563391154,False,194,29.376127453764052,29.552422957316605,-29.376127453764052,3.23151151118724,169429.06631373786
5f325eb030beb6ccde01f0ca,fit:50ccdcb70acef83e1a61b82c3b2e1650525e17be655b428ecb029f68334ded65,105_260722172413_segment_004.csv,373.0,120,99.90346956813426,99.90346956813426,False,194,14.362178657933175,14.704669321960791,-14.362178657933175,3.1633376391925916,41948.09617443367
5f325eb030beb6ccde01f0ca,fit:50ccdcb70acef83e1a61b82c3b2e1650525e17be655b428ecb029f68334ded65,105_260722172413_segment_004.csv,373.0,180,95.05245758779179,95.05245758779179,False,194,9.547320878201425,10.048519039885548,-9.547320878201425,3.1420195768055783,19588.710569618815
bb13dcefbd6a78a2a00f67fb,fit:2daedc97b4bc044fdedba49d8ee3adec29abb78486b7332936ae12a0a5c674cc,054_260105090043_segment_001.csv,1771.0,10,192.49576403976056,192.49576403976056,False,1592,6.267090500170537,6.986144248047373,-6.22179612105284,3.178334444409096,77699.48863560446
bb13dcefbd6a78a2a00f67fb,fit:2daedc97b4bc044fdedba49d8ee3adec29abb78486b7332936ae12a0a5c674cc,054_260105090043_segment_001.csv,1771.0,30,200.0,221.59225668263005,True,1592,13.719064178998154,14.08170455502774,-13.719064178998154,3.1761640263521453,315684.6898547416
bb13dcefbd6a78a2a00f67fb,fit:2daedc97b4bc044fdedba49d8ee3adec29abb78486b7332936ae12a0a5c674cc,054_260105090043_segment_001.csv,1771.0,60,200.0,212.48621230022678,True,1592,13.719064178998154,14.08170455502774,-13.719064178998154,3.1761640263521453,315684.6898547416
bb13dcefbd6a78a2a00f67fb,fit:2daedc97b4bc044fdedba49d8ee3adec29abb78486b7332936ae12a0a5c674cc,054_260105090043_segment_001.csv,1771.0,120,197.9413595706868,197.9413595706868,False,1592,11.662335257458205,12.086992353485682,-11.662335257458205,3.1767372377886063,232583.85157192836
bb13dcefbd6a78a2a00f67fb,fit:2daedc97b4bc044fdedba49d8ee3adec29abb78486b7332936ae12a0a5c674cc,054_260105090043_segment_001.csv,1771.0,180,192.38201110957567,192.38201110957567,False,1592,6.158204020362527,6.885140980112752,-6.108148813786448,3.178369059883307,75469.02477511654
125d63448dac7677c269bcdf,fit:2daedc97b4bc044fdedba49d8ee3adec29abb78486b7332936ae12a0a5c674cc,054_260105090043_segment_002.csv,4945.0,10,129.8914581724176,129.8914581724176,False,4766,48.54876360454922,48.74536196850244,-48.54876360454922,4.374000474680462,11324541.753856588
125d63448dac7677c269bcdf,fit:2daedc97b4bc044fdedba49d8ee3adec29abb78486b7332936ae12a0a5c674cc,054_260105090043_segment_002.csv,4945.0,30,87.58902269462057,87.58902269462057,False,4766,6.500201239083408,7.643275556764169,-6.25944861413639,4.386684607046812,278428.10545377195
125d63448dac7677c269bcdf,fit:2daedc97b4bc044fdedba49d8ee3adec29abb78486b7332936ae12a0a5c674cc,054_260105090043_segment_002.csv,4945.0,60,84.8985460281696,84.8985460281696,False,4766,4.392259872296409,5.655977650670537,-3.569806423638436,4.387551075018284,152464.73645916008
125d63448dac7677c269bcdf,fit:2daedc97b4bc044fdedba49d8ee3adec29abb78486b7332936ae12a0a5c674cc,054_260105090043_segment_002.csv,4945.0,120,89.11500386327428,89.11500386327428,False,4766,7.902646944786024,8.935335980376337,-7.784956485769603,4.386196331240602,380518.53180580295
125d63448dac7677c269bcdf,fit:2daedc97b4bc044fdedba49d8ee3adec29abb78486b7332936ae12a0a5c674cc,054_260105090043_segment_002.csv,4945.0,180,87.18985770861227,87.18985770861227,False,4766,6.149641999265052,7.320140928997776,-5.8604074328004225,4.386812708090893,255383.55170837115
eaa3de1a1e45a8283c1eabe8,fit:2daedc97b4bc044fdedba49d8ee3adec29abb78486b7332936ae12a0a5c674cc,054_260105090043_segment_003.csv,2508.0,10,68.92476602098345,68.92476602098345,False,2329,17.88800186333878,19.189696734374373,17.8372510678845,7.078025558689691,857641.3491036551
eaa3de1a1e45a8283c1eabe8,fit:2daedc97b4bc044fdedba49d8ee3adec29abb78486b7332936ae12a0a5c674cc,054_260105090043_segment_003.csv,2508.0,30,70.90287157065565,70.90287157065565,False,2329,15.962652468019245,17.36761796976869,15.860401023676339,7.078371714384285,702505.9445351857
eaa3de1a1e45a8283c1eabe8,fit:2daedc97b4bc044fdedba49d8ee3adec29abb78486b7332936ae12a0a5c674cc,054_260105090043_segment_003.csv,2508.0,60,95.95285145777746,95.95285145777746,False,2329,10.068365222503662,11.589057097057607,-9.173679617509265,7.083176455836373,312799.24320494797
eaa3de1a1e45a8283c1eabe8,fit:2daedc97b4bc044fdedba49d8ee3adec29abb78486b7332936ae12a0a5c674cc,054_260105090043_segment_003.csv,2508.0,120,93.46800831917902,93.46800831917902,False,2329,8.200852894899466,9.741880658196537,-6.69041361120201,7.082664992009178,221031.97206864858
eaa3de1a1e45a8283c1eabe8,fit:2daedc97b4bc044fdedba49d8ee3adec29abb78486b7332936ae12a0a5c674cc,054_260105090043_segment_003.csv,2508.0,180,87.51173716971338,87.51173716971338,False,2329,5.4273730985288235,7.1183017088934895,-0.7379229126706601,7.081470232030879,118010.94056066897
0d2d28fd32da0bf0309083a7,fit:2daedc97b4bc044fdedba49d8ee3adec29abb78486b7332936ae12a0a5c674cc,054_260105090043_segment_004.csv,1585.0,10,191.6300132891947,191.6300132891947,False,1406,104.44150525430331,104.60489851354508,-104.44150525430331,5.846459109156315,15384711.818998866
0d2d28fd32da0bf0309083a7,fit:2daedc97b4bc044fdedba49d8ee3adec29abb78486b7332936ae12a0a5c674cc,054_260105090043_segment_004.csv,1585.0,30,108.62844276461662,108.62844276461662,False,1406,21.52719963540239,22.30147754679056,-21.52719963540239,5.82749775314045,699282.3964826249
0d2d28fd32da0bf0309083a7,fit:2daedc97b4bc044fdedba49d8ee3adec29abb78486b7332936ae12a0a5c674cc,054_260105090043_segment_004.csv,1585.0,60,106.82881072182585,106.82881072182585,False,1406,19.729459661875783,20.571449310537222,-19.729459661875783,5.827272067697197,594997.4445908192
0d2d28fd32da0bf0309083a7,fit:2daedc97b4bc044fdedba49d8ee3adec29abb78486b7332936ae12a0a5c674cc,054_260105090043_segment_004.csv,1585.0,120,99.6535695489923,99.6535695489923,False,1406,12.592332344426124,13.846344453027868,-12.561762282975298,5.826450704720641,269560.08412492514
0d2d28fd32da0bf0309083a7,fit:2daedc97b4bc044fdedba49d8ee3adec29abb78486b7332936ae12a0a5c674cc,054_260105090043_segment_004.csv,1585.0,180,94.32526297568518,94.32526297568518,False,1406,7.843821953022097,9.29091936691822,-7.2390577021075995,5.825921956454686,121367.58285170197
638069c30c138bd4dc9f9242,fit:2b457765a618c570e44dab3feaae6dce656473a28c2d0b3b5fe92ccda4b5f058,098_260707172316_segment_001.csv,1908.0,10,108.18101883947301,108.18101883947301,False,1729,12.068502884046122,12.627454820017087,12.058705304387406,3.7481150933948704,275693.57173538936
638069c30c138bd4dc9f9242,fit:2b457765a618c570e44dab3feaae6dce656473a28c2d0b3b5fe92ccda4b5f058,098_260707172316_segment_001.csv,1908.0,30,138.39324005887164,138.39324005887164,False,1729,18.12768580255133,18.504648310258645,-18.12768580255133,3.717123600224728,592047.6537103131
638069c30c138bd4dc9f9242,fit:2b457765a618c570e44dab3feaae6dce656473a28c2d0b3b5fe92ccda4b5f058,098_260707172316_segment_001.csv,1908.0,60,133.51587475850184,133.51587475850184,False,1729,13.254490433723522,13.766859246969434,-13.254490433723522,3.721949618317591,327691.16898622544
638069c30c138bd4dc9f9242,fit:2b457765a618c570e44dab3feaae6dce656473a28c2d0b3b5fe92ccda4b5f058,098_260707172316_segment_001.csv,1908.0,120,121.47374229121746,121.47374229121746,False,1729,2.80867033340214,3.9281998047723468,-1.2226534569172576,3.7341581342219454,26679.773158043146
638069c30c138bd4dc9f9242,fit:2b457765a618c570e44dab3feaae6dce656473a28c2d0b3b5fe92ccda4b5f058,098_260707172316_segment_001.csv,1908.0,180,118.41023384236303,118.41023384236303,False,1729,3.461845507574675,4.163972801277575,1.838235827752555,3.7373301940784494,29978.55954782862
3c4a1aa1f19283d77378a82e,fit:2b457765a618c570e44dab3feaae6dce656473a28c2d0b3b5fe92ccda4b5f058,098_260707172316_segment_002.csv,3944.0,10,111.46889800494499,111.46889800494499,False,3765,46.051480026637584,46.214059062183246,-46.051480026637584,3.8735549045928157,8041058.295086148
3c4a1aa1f19283d77378a82e,fit:2b457765a618c570e44dab3feaae6dce656473a28c2d0b3b5fe92ccda4b5f058,098_260707172316_segment_002.csv,3944.0,30,80.30653044710411,80.30653044710411,False,3765,14.901424872176042,15.395826241197568,-14.901347472340351,3.8710837389867847,892423.4681690409
3c4a1aa1f19283d77378a82e,fit:2b457765a618c570e44dab3feaae6dce656473a28c2d0b3b5fe92ccda4b5f058,098_260707172316_segment_002.csv,3944.0,60,93.16091738007394,93.16091738007394,False,3765,27.750687501560506,28.019431637234298,-27.750687501560506,3.871934189771682,2955858.388015278
3c4a1aa1f19283d77378a82e,fit:2b457765a618c570e44dab3feaae6dce656473a28c2d0b3b5fe92ccda4b5f058,098_260707172316_segment_002.csv,3944.0,120,79.72892180177882,79.72892180177882,False,3765,14.324479919621508,14.837690091285062,-14.323965608366295,3.8710510956014033,828891.2828774962
3c4a1aa1f19283d77378a82e,fit:2b457765a618c570e44dab3feaae6dce656473a28c2d0b3b5fe92ccda4b5f058,098_260707172316_segment_002.csv,3944.0,180,72.032622279861,72.032622279861,False,3765,6.786765855356503,7.677503829218492,-6.630687816159763,3.8706618841464864,221924.4049044573
77fb5f685c0d9e0f5763bae8,fit:427d7eacfd0ac0a298060f0342190f61db2b003b584506ff5b58548aacdee71d,023_250708171459_segment_001.csv,5028.0,10,179.80811688099408,179.80811688099408,False,4836,43.18812344063956,44.508934602629,-43.18812344063956,10.763605806748338,9580334.874753907
77fb5f685c0d9e0f5763bae8,fit:427d7eacfd0ac0a298060f0342190f61db2b003b584506ff5b58548aacdee71d,023_250708171459_segment_001.csv,5028.0,30,170.01766659530435,170.01766659530435,False,4836,33.40059634622153,35.09220400070417,-33.40059634622153,10.765078203359248,5955354.011948356
77fb5f685c0d9e0f5763bae8,fit:427d7eacfd0ac0a298060f0342190f61db2b003b584506ff5b58548aacdee71d,023_250708171459_segment_001.csv,5028.0,60,158.67334828984673,158.67334828984673,False,4836,22.16901335112653,24.546476875089756,-22.059665179382293,10.766831954755046,2913832.7924719728
77fb5f685c0d9e0f5763bae8,fit:427d7eacfd0ac0a298060f0342190f61db2b003b584506ff5b58548aacdee71d,023_250708171459_segment_001.csv,5028.0,120,143.64897846657,143.64897846657,False,4836,10.759199644715233,12.8651049406497,-7.039781268954161,10.76923333865126,800410.8339476819
77fb5f685c0d9e0f5763bae8,fit:427d7eacfd0ac0a298060f0342190f61db2b003b584506ff5b58548aacdee71d,023_250708171459_segment_001.csv,5028.0,180,136.5117229911661,136.5117229911661,False,4836,8.569611137584117,10.769713936335036,0.09534319487203614,10.770405519278395,560911.8662760849
8a32889cb9bc3a3c668a856c,fit:5e1b6e0adf012f1bc2129480b3a738b64108fc0b5e3315f6d6f23978cc69d4f9,092_260621094805_segment_001.csv,393.0,10,200.0,208.1670993808651,True,214,60.755430573708644,60.78674003459146,-60.755430573708644,1.9553223921134701,790735.9415030627
8a32889cb9bc3a3c668a856c,fit:5e1b6e0adf012f1bc2129480b3a738b64108fc0b5e3315f6d6f23978cc69d4f9,092_260621094805_segment_001.csv,393.0,30,183.71044050819287,183.71044050819287,False,214,44.5767315774374,44.6189716728043,-44.5767315774374,1.9455907686079807,426042.4634916417
8a32889cb9bc3a3c668a856c,fit:5e1b6e0adf012f1bc2129480b3a738b64108fc0b5e3315f6d6f23978cc69d4f9,092_260621094805_segment_001.csv,393.0,60,155.25247682539964,155.25247682539964,False,214,16.312441883029376,16.427612534578667,-16.312441883029376,1.9463802775783845,57751.42106745666
8a32889cb9bc3a3c668a856c,fit:5e1b6e0adf012f1bc2129480b3a738b64108fc0b5e3315f6d6f23978cc69d4f9,092_260621094805_segment_001.csv,393.0,120,138.80099417234774,138.80099417234774,False,214,1.5705177794539324,1.9527589785311525,0.027078287541979284,1.9571493599333647,816.0392724420824
8a32889cb9bc3a3c668a856c,fit:5e1b6e0adf012f1bc2129480b3a738b64108fc0b5e3315f6d6f23978cc69d4f9,092_260621094805_segment_001.csv,393.0,180,137.2003455246555,137.2003455246555,False,214,2.1380347201565764,2.536202520947985,1.6168335343199087,1.9585959875080037,1376.5171706342633
e2c74aabea0363b8d0745eee,fit:5e1b6e0adf012f1bc2129480b3a738b64108fc0b5e3315f6d6f23978cc69d4f9,092_260621094805_segment_002.csv,757.0,10,182.04338835361085,182.04338835361085,False,578,103.28241711294196,103.35480346305238,-103.28241711294196,3.8708703727492835,6174320.500556214
e2c74aabea0363b8d0745eee,fit:5e1b6e0adf012f1bc2129480b3a738b64108fc0b5e3315f6d6f23978cc69d4f9,092_260621094805_segment_002.csv,757.0,30,130.27690426565152,130.27690426565152,False,578,51.64832282892329,51.786205917660354,-51.64832282892329,3.77976052001533,1550086.8292941733
e2c74aabea0363b8d0745eee,fit:5e1b6e0adf012f1bc2129480b3a738b64108fc0b5e3315f6d6f23978cc69d4f9,092_260621094805_segment_002.csv,757.0,60,109.55015390690535,109.55015390690535,False,578,30.974579941413893,31.200224219984293,-30.974579941413893,3.7488269092670747,562656.4070160764
e2c74aabea0363b8d0745eee,fit:5e1b6e0adf012f1bc2129480b3a738b64108fc0b5e3315f6d6f23978cc69d4f9,092_260621094805_segment_002.csv,757.0,120,92.9183570535884,92.9183570535884,False,578,14.385317951404447,14.859316363749485,-14.385317951404447,3.7263835474698204,127621.98545724008
e2c74aabea0363b8d0745eee,fit:5e1b6e0adf012f1bc2129480b3a738b64108fc0b5e3315f6d6f23978cc69d4f9,092_260621094805_segment_002.csv,757.0,180,87.11667351395737,87.11667351395737,False,578,8.608310316891874,9.367027414546639,-8.598471883544391,3.7190608537826866,50714.415094053875
44ceeb34b751a292eab37076,fit:5e1b6e0adf012f1bc2129480b3a738b64108fc0b5e3315f6d6f23978cc69d4f9,092_260621094805_segment_003.csv,441.0,10,153.39240338382115,153.39240338382115,False,262,72.9184764916118,72.95962558871003,-72.9184764916118,2.4547405642007045,1394654.0251037246
44ceeb34b751a292eab37076,fit:5e1b6e0adf012f1bc2129480b3a738b64108fc0b5e3315f6d6f23978cc69d4f9,092_260621094805_segment_003.csv,441.0,30,90.27904097699594,90.27904097699594,False,262,10.159161781615396,10.455274660978464,-10.159161781615396,2.4753965079216593,28639.945277962568
44ceeb34b751a292eab37076,fit:5e1b6e0adf012f1bc2129480b3a738b64108fc0b5e3315f6d6f23978cc69d4f9,092_260621094805_segment_003.csv,441.0,60,77.36380429528144,77.36380429528144,False,262,2.8196950361109265,3.657398226574587,2.6836241602433404,2.4896548149149345,3504.659188390745
44ceeb34b751a292eab37076,fit:5e1b6e0adf012f1bc2129480b3a738b64108fc0b5e3315f6d6f23978cc69d4f9,092_260621094805_segment_003.csv,441.0,120,80.79661091464068,80.79661091464068,False,262,2.2262528770229753,2.5859466175386103,-0.729925407504412,2.4855399035424646,1752.0254160949576
44ceeb34b751a292eab37076,fit:5e1b6e0adf012f1bc2129480b3a738b64108fc0b5e3315f6d6f23978cc69d4f9,092_260621094805_segment_003.csv,441.0,180,82.29852017173934,82.29852017173934,False,262,2.8623867774874205,3.3300646935055624,-2.223409388353426,2.4838133203764183,2905.404686088262
765f46f5be1bf9937dafcf27,fit:5e1b6e0adf012f1bc2129480b3a738b64108fc0b5e3315f6d6f23978cc69d4f9,092_260621094805_segment_005.csv,690.0,10,106.61719727810485,106.61719727810485,False,511,35.843605225016375,36.512788294383306,35.843605225016375,6.9652432864843306,681256.8753145622
765f46f5be1bf9937dafcf27,fit:5e1b6e0adf012f1bc2129480b3a738b64108fc0b5e3315f6d6f23978cc69d4f9,092_260621094805_segment_005.csv,690.0,30,166.13490217746676,166.13490217746676,False,511,23.501934435179724,24.477856979251875,-23.501934435179724,6.849552756506592,306173.5614536187
765f46f5be1bf9937dafcf27,fit:5e1b6e0adf012f1bc2129480b3a738b64108fc0b5e3315f6d6f23978cc69d4f9,092_260621094805_segment_005.csv,690.0,60,162.78055268790445,162.78055268790445,False,511,20.15728798075784,21.289066651034297,-20.15728798075784,6.855660201607391,231597.6473836843
765f46f5be1bf9937dafcf27,fit:5e1b6e0adf012f1bc2129480b3a738b64108fc0b5e3315f6d6f23978cc69d4f9,092_260621094805_segment_005.csv,690.0,120,149.04422322505513,149.04422322505513,False,511,7.252177872833745,9.433911387319155,-6.460693222921608,6.881191040618116,45478.32755659671
765f46f5be1bf9937dafcf27,fit:5e1b6e0adf012f1bc2129480b3a738b64108fc0b5e3315f6d6f23978cc69d4f9,092_260621094805_segment_005.csv,690.0,180,145.82639390793022,145.82639390793022,False,511,5.701863697804718,7.610426249537521,-3.252172032763529,6.887292076778826,29596.39831452102
d1e33b62d3e1c9cddd0d5d1b,fit:d7860e05aa1e6d49cec953149a2308b820114a900e5b19c8106b293b29b04160,064_260418073226_segment_001.csv,1035.0,10,99.3463327339343,99.3463327339343,False,856,23.490855787714743,23.86370660166708,-23.490855787714743,4.2043831464915815,487471.87781150435
d1e33b62d3e1c9cddd0d5d1b,fit:d7860e05aa1e6d49cec953149a2308b820114a900e5b19c8106b293b29b04160,064_260418073226_segment_001.csv,1035.0,30,95.33991911480818,95.33991911480818,False,856,19.49136080698128,19.938087537075475,-19.49136080698128,4.199379706367336,340283.3984484883
d1e33b62d3e1c9cddd0d5d1b,fit:d7860e05aa1e6d49cec953149a2308b820114a900e5b19c8106b293b29b04160,064_260418073226_segment_001.csv,1035.0,60,81.64944542064288,81.64944542064288,False,856,5.908252692774702,7.169461742184061,-5.8245290644262555,4.182879709780559,43999.411511780636
d1e33b62d3e1c9cddd0d5d1b,fit:d7860e05aa1e6d49cec953149a2308b820114a900e5b19c8106b293b29b04160,064_260418073226_segment_001.csv,1035.0,120,84.1378102514678,84.1378102514678,False,856,8.308596761183116,9.302328440985802,-8.308596761183116,4.185809688122679,74072.51714692116
d1e33b62d3e1c9cddd0d5d1b,fit:d7860e05aa1e6d49cec953149a2308b820114a900e5b19c8106b293b29b04160,064_260418073226_segment_001.csv,1035.0,180,85.05684834222689,85.05684834222689,False,856,9.22604777361642,10.130627163658318,-9.22604777361642,4.186899608287735,87850.94336006833
20c3f15f139cca88216685cd,fit:d7860e05aa1e6d49cec953149a2308b820114a900e5b19c8106b293b29b04160,064_260418073226_segment_002.csv,5114.0,10,187.55201518381375,187.55201518381375,False,4921,110.8402456673829,110.96788992997546,-110.8402456673829,5.321493257143729,60596567.042510375
20c3f15f139cca88216685cd,fit:d7860e05aa1e6d49cec953149a2308b820114a900e5b19c8106b293b29b04160,064_260418073226_segment_002.csv,5114.0,30,129.20573497393113,129.20573497393113,False,4921,52.511492088474846,52.783374962604384,-52.511492088474846,5.351045669578917,13710322.67309147
20c3f15f139cca88216685cd,fit:d7860e05aa1e6d49cec953149a2308b820114a900e5b19c8106b293b29b04160,064_260418073226_segment_002.csv,5114.0,60,99.839540296112,99.839540296112,False,4921,23.154118717779237,23.76785285151986,-23.154118717779237,5.366886317818103,2779926.190352956
20c3f15f139cca88216685cd,fit:d7860e05aa1e6d49cec953149a2308b820114a900e5b19c8106b293b29b04160,064_260418073226_segment_002.csv,5114.0,120,89.75708805161658,89.75708805161658,False,4921,13.195256720739593,14.135248550800148,-13.074695139707309,5.372472797714307,983241.6430886495
20c3f15f139cca88216685cd,fit:d7860e05aa1e6d49cec953149a2308b820114a900e5b19c8106b293b29b04160,064_260418073226_segment_002.csv,5114.0,180,83.36498438985042,83.36498438985042,False,4921,7.302894858169467,8.57780701866305,-6.684511601068591,5.376053486635944,362081.1431604208
2fae47d149585791b1cb7648,fit:d7860e05aa1e6d49cec953149a2308b820114a900e5b19c8106b293b29b04160,064_260418073226_segment_003.csv,3122.0,10,73.33107511148683,73.33107511148683,False,2943,8.37077096878344,9.980002089318404,7.723703643916886,6.321267370466632,293124.0999313395
2fae47d149585791b1cb7648,fit:d7860e05aa1e6d49cec953149a2308b820114a900e5b19c8106b293b29b04160,064_260418073226_segment_003.csv,3122.0,30,71.63492958907554,71.63492958907554,False,2943,9.772182065541877,11.343331979507402,9.418997221477296,6.321965848134959,378679.283909299
2fae47d149585791b1cb7648,fit:d7860e05aa1e6d49cec953149a2308b820114a900e5b19c8106b293b29b04160,064_260418073226_segment_003.csv,3122.0,60,88.02042820091648,88.02042820091648,False,2943,7.952377106866338,9.396149607274559,-6.9582712349984766,6.315349625960695,259830.4875626473
2fae47d149585791b1cb7648,fit:d7860e05aa1e6d49cec953149a2308b820114a900e5b19c8106b293b29b04160,064_260418073226_segment_003.csv,3122.0,120,74.60809648569445,74.60809648569445,False,2943,7.406198680625935,9.028078798498154,6.44732369567764,6.320743559909355,239872.76658853784
2fae47d149585791b1cb7648,fit:d7860e05aa1e6d49cec953149a2308b820114a900e5b19c8106b293b29b04160,064_260418073226_segment_003.csv,3122.0,180,79.22646363598942,79.22646363598942,False,2943,5.135790445951991,6.577845277947502,1.8312762721166964,6.318864046547256,127337.86673731361
b4575b1f238536ad1806be47,fit:d7860e05aa1e6d49cec953149a2308b820114a900e5b19c8106b293b29b04160,064_260418073226_segment_005.csv,4975.0,10,200.0,250.0210292686157,True,4779,113.11612553657893,113.33961768635578,-113.11612553657893,7.114890962372868,61390407.65130554
b4575b1f238536ad1806be47,fit:d7860e05aa1e6d49cec953149a2308b820114a900e5b19c8106b293b29b04160,064_260418073226_segment_005.csv,4975.0,30,132.27822937850067,132.27822937850067,False,4779,45.4153023045823,45.967912610938356,-45.4153023045823,7.107030007038679,10098261.122287009
b4575b1f238536ad1806be47,fit:d7860e05aa1e6d49cec953149a2308b820114a900e5b19c8106b293b29b04160,064_260418073226_segment_005.csv,4975.0,60,125.75378904816813,125.75378904816813,False,4779,38.89288008440298,39.53665127992766,-38.89288008440298,7.106422482140081,7470278.530583864
b4575b1f238536ad1806be47,fit:d7860e05aa1e6d49cec953149a2308b820114a900e5b19c8106b293b29b04160,064_260418073226_segment_005.csv,4975.0,120,107.84885285620561,107.84885285620561,False,4779,21.010158934554653,22.16292405586151,-20.993482165716422,7.104890712207889,2347421.873731422
b4575b1f238536ad1806be47,fit:d7860e05aa1e6d49cec953149a2308b820114a900e5b19c8106b293b29b04160,064_260418073226_segment_005.csv,4975.0,180,98.39298719030018,98.39298719030018,False,4779,12.259704027343581,13.55148148412892,-11.540541345091478,7.104161912486434,877628.2263317986
317aad96cce208212bd1f624,fit:d065c7c04ebe1b0dfcdac44716d48067a08399b8443c95562353113f6837c3d5,091_260616171138_segment_001.csv,2906.0,10,179.2280060998072,179.2280060998072,False,2722,9.998908562278682,12.109796832394728,-8.773961354539072,8.348076671318287,399173.6221141502
317aad96cce208212bd1f624,fit:d065c7c04ebe1b0dfcdac44716d48067a08399b8443c95562353113f6837c3d5,091_260616171138_segment_001.csv,2906.0,30,176.831959220031,176.831959220031,False,2722,8.479451968766993,10.507037905376382,-6.379215679568289,8.350393386544097,300502.9355735338
317aad96cce208212bd1f624,fit:d065c7c04ebe1b0dfcdac44716d48067a08399b8443c95562353113f6837c3d5,091_260616171138_segment_001.csv,2906.0,60,173.12447477638037,173.12447477638037,False,2722,7.1106113030439655,8.769969956125335,-2.67374463415909,8.353987165924991,209355.47939131022
317aad96cce208212bd1f624,fit:d065c7c04ebe1b0dfcdac44716d48067a08399b8443c95562353113f6837c3d5,091_260616171138_segment_001.csv,2906.0,120,162.41517365264977,162.41517365264977,False,2722,9.415714584131205,11.593736030398338,8.029740662593095,8.364429632501373,365876.8546180391
317aad96cce208212bd1f624,fit:d065c7c04ebe1b0dfcdac44716d48067a08399b8443c95562353113f6837c3d5,091_260616171138_segment_001.csv,2906.0,180,158.30750394882,158.30750394882,False,2722,12.540208957697942,14.740012426834664,12.135179642306888,8.368459189480243,591403.4043863001
c2c896aa7b0a7200f42c9589,fit:d065c7c04ebe1b0dfcdac44716d48067a08399b8443c95562353113f6837c3d5,091_260616171138_segment_002.csv,1966.0,10,60.0,50.836024756366555,True,1787,17.011468486816902,17.8539955013669,17.011468486816902,5.421396748683583,569633.3326333762
c2c896aa7b0a7200f42c9589,fit:d065c7c04ebe1b0dfcdac44716d48067a08399b8443c95562353113f6837c3d5,091_260616171138_segment_002.csv,1966.0,30,60.0,58.9345584782351,True,1787,17.011468486816902,17.8539955013669,17.011468486816902,5.421396748683583,569633.3326333762
c2c896aa7b0a7200f42c9589,fit:d065c7c04ebe1b0dfcdac44716d48067a08399b8443c95562353113f6837c3d5,091_260616171138_segment_002.csv,1966.0,60,84.12513734260837,84.12513734260837,False,1787,7.574954200941304,8.94317442924591,-7.093712378777949,5.447588483504173,142924.91917411739
c2c896aa7b0a7200f42c9589,fit:d065c7c04ebe1b0dfcdac44716d48067a08399b8443c95562353113f6837c3d5,091_260616171138_segment_002.csv,1966.0,120,86.63934258258448,86.63934258258448,False,1787,9.704342828739938,11.043647330966346,-9.605837851150403,5.450380656676427,217946.35556454828
c2c896aa7b0a7200f42c9589,fit:d065c7c04ebe1b0dfcdac44716d48067a08399b8443c95562353113f6837c3d5,091_260616171138_segment_002.csv,1966.0,180,84.43579558515557,84.43579558515557,False,1787,7.809299979721431,9.191532100743625,-7.404113642722778,5.4479328511655325,150973.37683553397
ee5c0c883f8553421fb2d2b7,fit:d065c7c04ebe1b0dfcdac44716d48067a08399b8443c95562353113f6837c3d5,091_260616171138_segment_003.csv,700.0,10,100.27786487233634,100.27786487233634,False,517,27.386426973436148,27.578145835521912,-27.386426973436148,3.24933336872102,393206.48403398757
ee5c0c883f8553421fb2d2b7,fit:d065c7c04ebe1b0dfcdac44716d48067a08399b8443c95562353113f6837c3d5,091_260616171138_segment_003.csv,700.0,30,85.77508584793726,85.77508584793726,False,517,12.925112998381493,13.330272136662249,-12.925112998381493,3.264693666836313,91868.912257774
ee5c0c883f8553421fb2d2b7,fit:d065c7c04ebe1b0dfcdac44716d48067a08399b8443c95562353113f6837c3d5,091_260616171138_segment_003.csv,700.0,60,102.18598194133061,102.18598194133061,False,517,29.289088524678437,29.468226289229428,-29.289088524678437,3.2474686420499914,448950.5784473812
ee5c0c883f8553421fb2d2b7,fit:d065c7c04ebe1b0dfcdac44716d48067a08399b8443c95562353113f6837c3d5,091_260616171138_segment_003.csv,700.0,120,85.29580023454756,85.29580023454756,False,517,12.447197715572969,12.867551465472504,-12.447197715572969,3.2652369177821314,85601.69633047374
ee5c0c883f8553421fb2d2b7,fit:d065c7c04ebe1b0dfcdac44716d48067a08399b8443c95562353113f6837c3d5,091_260616171138_segment_003.csv,700.0,180,80.58219769631718,80.58219769631718,False,517,7.801974117494983,8.407967136165013,-7.747071888358386,3.2707002262599976,36548.752174583584
b532826c5d6bd498a09784d7,fit:23583d320dfcd621e6edea5fdba1c5af5330f6cc8160a2bd457cd3ccd293a7d0,066_260424160919_segment_002.csv,613.0,10,65.081537784238,65.081537784238,False,434,10.584880348953147,11.3281518492197,10.579488168083293,4.054544742383222,55693.928554437196
b532826c5d6bd498a09784d7,fit:23583d320dfcd621e6edea5fdba1c5af5330f6cc8160a2bd457cd3ccd293a7d0,066_260424160919_segment_002.csv,613.0,30,75.11310552319586,75.11310552319586,False,434,3.2452816616030042,4.06854849036559,0.5820816713970107,4.031341475503427,7184.039679209955
b532826c5d6bd498a09784d7,fit:23583d320dfcd621e6edea5fdba1c5af5330f6cc8160a2bd457cd3ccd293a7d0,066_260424160919_segment_002.csv,613.0,60,86.58779499018034,86.58779499018034,False,434,10.853532183771538,11.567570633138104,-10.853532183771538,4.005808657148488,58072.97161304537
b532826c5d6bd498a09784d7,fit:23583d320dfcd621e6edea5fdba1c5af5330f6cc8160a2bd457cd3ccd293a7d0,066_260424160919_segment_002.csv,613.0,120,83.85753239256331,83.85753239256331,False,434,8.135448673067726,9.066200184830892,-8.132567152047429,4.011785291955289,35673.057833479616
b532826c5d6bd498a09784d7,fit:23583d320dfcd621e6edea5fdba1c5af5330f6cc8160a2bd457cd3ccd293a7d0,066_260424160919_segment_002.csv,613.0,180,79.81458096532555,79.81458096532555,False,434,4.842008383002337,5.741683315099522,-4.103383487415873,4.020748818841499,14307.646444247232
1cc155fd0e085671f89d04b4,fit:c8eeca99acfd7d9289d22e0fc16ac8aefbd49ef25c3e63e353b0b8aa4643c6a8,009_250607081806_segment_001.csv,1798.0,10,117.0781309506777,117.0781309506777,False,1619,14.433343669123088,14.855479747201127,14.433343669123088,3.5173158090097116,357289.4659230751
1cc155fd0e085671f89d04b4,fit:c8eeca99acfd7d9289d22e0fc16ac8aefbd49ef25c3e63e353b0b8aa4643c6a8,009_250607081806_segment_001.csv,1798.0,30,129.39316371973894,129.39316371973894,False,1619,3.4386262187494916,4.103023019488458,2.1295550688774165,3.5081896979712273,27255.53779759409
1cc155fd0e085671f89d04b4,fit:c8eeca99acfd7d9289d22e0fc16ac8aefbd49ef25c3e63e353b0b8aa4643c6a8,009_250607081806_segment_001.csv,1798.0,60,136.81636362960745,136.81636362960745,False,1619,5.41810929125398,6.341447745736737,-5.286867131625363,3.5029379885527185,65106.40044978155
1cc155fd0e085671f89d04b4,fit:c8eeca99acfd7d9289d22e0fc16ac8aefbd49ef25c3e63e353b0b8aa4643c6a8,009_250607081806_segment_001.csv,1798.0,120,136.36411830125493,136.36411830125493,False,1619,5.012177509660937,5.970155673734558,-4.8350347232311925,3.5032525547338658,57705.626446403774
1cc155fd0e085671f89d04b4,fit:c8eeca99acfd7d9289d22e0fc16ac8aefbd49ef25c3e63e353b0b8aa4643c6a8,009_250607081806_segment_001.csv,1798.0,180,132.57640732919452,132.57640732919452,False,1619,2.8005593454116213,3.6589599941913464,-1.050782098573754,3.505914604457357,21675.15295909115
c72623cf60c1ba145c3eef85,fit:c8eeca99acfd7d9289d22e0fc16ac8aefbd49ef25c3e63e353b0b8aa4643c6a8,009_250607081806_segment_002.csv,1811.0,10,101.61704408137224,101.61704408137224,False,1628,31.777654704939177,32.1898637013032,-31.777654704939177,5.136554591254094,1686912.9652766017
c72623cf60c1ba145c3eef85,fit:c8eeca99acfd7d9289d22e0fc16ac8aefbd49ef25c3e63e353b0b8aa4643c6a8,009_250607081806_segment_002.csv,1811.0,30,79.24199583519008,79.24199583519008,False,1628,9.43444879316127,10.724664746223818,-9.42292292700276,5.1227997478904665,187250.0104199626
c72623cf60c1ba145c3eef85,fit:c8eeca99acfd7d9289d22e0fc16ac8aefbd49ef25c3e63e353b0b8aa4643c6a8,009_250607081806_segment_002.csv,1811.0,60,91.38157834534545,91.38157834534545,False,1628,21.551482737234952,22.153291869632053,-21.551482737234952,5.130116801387162,798970.8585962798
c72623cf60c1ba145c3eef85,fit:c8eeca99acfd7d9289d22e0fc16ac8aefbd49ef25c3e63e353b0b8aa4643c6a8,009_250607081806_segment_002.csv,1811.0,120,86.89213407073947,86.89213407073947,False,1628,17.06611486286922,17.819260817262478,-17.06611486286922,5.127370492319083,516932.41928786295
c72623cf60c1ba145c3eef85,fit:c8eeca99acfd7d9289d22e0fc16ac8aefbd49ef25c3e63e353b0b8aa4643c6a8,009_250607081806_segment_002.csv,1811.0,180,81.92132358948409,81.92132358948409,False,1628,12.099817860744109,13.139588396526749,-12.099817860744109,5.124384916345722,281072.2190986685
f5401da0ea3bd0f188be47df,fit:26f04d96505269ba82dd177bcf77bec5432070481c88d58b17fb906d3739f2f8,130_260916062309_segment_001.csv,1249.0,10,163.95152982229428,163.95152982229428,False,1061,66.64122152021464,66.76112506968362,-66.64122152021464,4.001312894243846,4728927.737624705
f5401da0ea3bd0f188be47df,fit:26f04d96505269ba82dd177bcf77bec5432070481c88d58b17fb906d3739f2f8,130_260916062309_segment_001.csv,1249.0,30,124.8001824458743,124.8001824458743,False,1061,27.544421029832172,27.838573828454994,-27.544421029832172,4.038122318723674,822260.3505632819
f5401da0ea3bd0f188be47df,fit:26f04d96505269ba82dd177bcf77bec5432070481c88d58b17fb906d3739f2f8,130_260916062309_segment_001.csv,1249.0,60,111.18416875252296,111.18416875252296,False,1061,14.030058167492067,14.52364986280491,-13.947377594134444,4.05247355893425,223803.52606293157
f5401da0ea3bd0f188be47df,fit:26f04d96505269ba82dd177bcf77bec5432070481c88d58b17fb906d3739f2f8,130_260916062309_segment_001.csv,1249.0,120,101.65017625131898,101.65017625131898,False,1061,4.970150698423458,6.0073061855925705,-4.426668150533708,4.0629909550366605,38289.078991513736
f5401da0ea3bd0f188be47df,fit:26f04d96505269ba82dd177bcf77bec5432070481c88d58b17fb906d3739f2f8,130_260916062309_segment_001.csv,1249.0,180,97.864115177033,97.864115177033,False,1061,3.2196442216257983,4.116344041772754,-0.6458819353723587,4.0672738318145685,17977.889854722576
063bfc229e68b4c1ad86732b,fit:26f04d96505269ba82dd177bcf77bec5432070481c88d58b17fb906d3739f2f8,130_260916062309_segment_002.csv,1041.0,10,60.0,26.57405667555641,True,862,11.137245724166286,11.710272367626194,11.134481769440775,3.628921602306023,118206.47283247903
063bfc229e68b4c1ad86732b,fit:26f04d96505269ba82dd177bcf77bec5432070481c88d58b17fb906d3739f2f8,130_260916062309_segment_002.csv,1041.0,30,60.0,52.58514580766831,True,862,11.137245724166286,11.710272367626194,11.134481769440775,3.628921602306023,118206.47283247903
063bfc229e68b4c1ad86732b,fit:26f04d96505269ba82dd177bcf77bec5432070481c88d58b17fb906d3739f2f8,130_260916062309_segment_002.csv,1041.0,60,76.7153066734759,76.7153066734759,False,862,5.6322169888624565,6.62227034048052,-5.5521603163582665,3.6115248169860794,37802.54836659567
063bfc229e68b4c1ad86732b,fit:26f04d96505269ba82dd177bcf77bec5432070481c88d58b17fb906d3739f2f8,130_260916062309_segment_002.csv,1041.0,120,74.16346879225154,74.16346879225154,False,862,3.7483802528531713,4.698361911018355,-3.0046985068454464,3.614075833912685,19028.309205634745
063bfc229e68b4c1ad86732b,fit:26f04d96505269ba82dd177bcf77bec5432070481c88d58b17fb906d3739f2f8,130_260916062309_segment_002.csv,1041.0,180,71.90848015540632,71.90848015540632,False,862,2.9577534385900477,3.691988344050802,-0.7535768836754145,3.6163616508561924,11749.730577907221
6fc5ee77309930f23dc4fbf5,fit:26f04d96505269ba82dd177bcf77bec5432070481c88d58b17fb906d3739f2f8,130_260916062309_segment_003.csv,1483.0,10,165.13180595815064,165.13180595815064,False,1297,44.28728367629684,44.41925986241401,-44.28728367629684,3.422891262607081,2559072.6288018893
6fc5ee77309930f23dc4fbf5,fit:26f04d96505269ba82dd177bcf77bec5432070481c88d58b17fb906d3739f2f8,130_260916062309_segment_003.csv,1483.0,30,139.89163811636652,139.89163811636652,False,1297,19.07586256629317,19.381104446069678,-19.07586256629317,3.427496830402997,487188.4907856519
6fc5ee77309930f23dc4fbf5,fit:26f04d96505269ba82dd177bcf77bec5432070481c88d58b17fb906d3739f2f8,130_260916062309_segment_003.csv,1483.0,60,151.67016823434122,151.67016823434122,False,1297,30.840977787497298,31.030427817875612,-30.840977787497298,3.4249940247220287,1248865.023376824
6fc5ee77309930f23dc4fbf5,fit:26f04d96505269ba82dd177bcf77bec5432070481c88d58b17fb906d3739f2f8,130_260916062309_segment_003.csv,1483.0,120,132.7468650012089,132.7468650012089,False,1297,11.93922683269581,12.421605284918188,-11.93922683269581,3.4293159273793252,200122.27237703674
6fc5ee77309930f23dc4fbf5,fit:26f04d96505269ba82dd177bcf77bec5432070481c88d58b17fb906d3739f2f8,130_260916062309_segment_003.csv,1483.0,180,125.77905932682745,125.77905932682745,False,1297,5.173841257125337,6.0463869904473295,-4.979356986715949,3.4313084114651566,47416.75794281118
7572c4c79ee400be27a8af52,fit:26604bdb4a47ca4b45eee65b1bc42089de46a3861a214539d52305e5f313bf95,083_260526170146_segment_001.csv,843.0,10,163.572259560202,163.572259560202,False,664,4.073061875890295,5.488176596417121,-3.332551437179059,4.36381281466981,19999.73468269784
7572c4c79ee400be27a8af52,fit:26604bdb4a47ca4b45eee65b1bc42089de46a3861a214539d52305e5f313bf95,083_260526170146_segment_001.csv,843.0,30,167.41193485921372,167.41193485921372,False,664,7.262102817555185,8.382015189194908,-7.163678743350316,4.355278686882319,46651.430611577714
7572c4c79ee400be27a8af52,fit:26604bdb4a47ca4b45eee65b1bc42089de46a3861a214539d52305e5f313bf95,083_260526170146_segment_001.csv,843.0,60,172.38744646073224,172.38744646073224,False,664,12.128113721395419,12.881613099596061,-12.128113721395419,4.344333914252274,110181.47481566272
7572c4c79ee400be27a8af52,fit:26604bdb4a47ca4b45eee65b1bc42089de46a3861a214539d52305e5f313bf95,083_260526170146_segment_001.csv,843.0,120,161.31494917582086,161.31494917582086,False,664,3.2689502727863466,4.497245327908081,-1.0802663404854622,4.368865485832257,13429.543118155667
7572c4c79ee400be27a8af52,fit:26604bdb4a47ca4b45eee65b1bc42089de46a3861a214539d52305e5f313bf95,083_260526170146_segment_001.csv,843.0,180,159.30838799051236,159.30838799051236,False,664,3.5308570840598277,4.46625172632088,0.9218277820351112,4.373378889031751,13245.076576621856
f8c665245a43d148cb34e9af,fit:ac0a7b220ceaf7faa62b38e0e5d2d0cda61be672b61527c6670cb05f5a9df463,107_260729172451_segment_001.csv,2705.0,10,132.23069166445413,132.23069166445413,False,2522,15.299957419726047,15.882848623194098,-15.299957419726047,4.264199016457907,636212.0283367672
f8c665245a43d148cb34e9af,fit:ac0a7b220ceaf7faa62b38e0e5d2d0cda61be672b61527c6670cb05f5a9df463,107_260729172451_segment_001.csv,2705.0,30,151.09723607067755,151.09723607067755,False,2522,34.15544932423637,34.42084701541048,-34.15544932423637,4.266990751282431,2988052.256749414
f8c665245a43d148cb34e9af,fit:ac0a7b220ceaf7faa62b38e0e5d2d0cda61be672b61527c6670cb05f5a9df463,107_260729172451_segment_001.csv,2705.0,60,140.73459175556866,140.73459175556866,False,2522,23.798875709812187,24.177937825716864,-23.798875709812187,4.265372941904115,1474292.292665668
f8c665245a43d148cb34e9af,fit:ac0a7b220ceaf7faa62b38e0e5d2d0cda61be672b61527c6670cb05f5a9df463,107_260729172451_segment_001.csv,2705.0,120,125.35889681703699,125.35889681703699,False,2522,8.56747480935006,9.448320446914089,-8.432188244561752,4.26335170035748,225140.8548728238
f8c665245a43d148cb34e9af,fit:ac0a7b220ceaf7faa62b38e0e5d2d0cda61be672b61527c6670cb05f5a9df463,107_260729172451_segment_001.csv,2705.0,180,121.96037314587343,121.96037314587343,False,2522,5.614337135813737,6.597234344036542,-5.035655515029515,4.262966134708137,109766.2694971211
981b2f3891496162cd07ee69,fit:ac0a7b220ceaf7faa62b38e0e5d2d0cda61be672b61527c6670cb05f5a9df463,107_260729172451_segment_002.csv,1063.0,10,94.11230004061055,94.11230004061055,False,884,26.893246433714957,27.226111151442794,26.893246433714957,4.2467429958917915,655274.8375327544
981b2f3891496162cd07ee69,fit:ac0a7b220ceaf7faa62b38e0e5d2d0cda61be672b61527c6670cb05f5a9df463,107_260729172451_segment_002.csv,1063.0,30,126.2756751250872,126.2756751250872,False,884,5.673020427193461,6.715183515195912,-5.2163452855007915,4.231274576531853,39862.821644198884
981b2f3891496162cd07ee69,fit:ac0a7b220ceaf7faa62b38e0e5d2d0cda61be672b61527c6670cb05f5a9df463,107_260729172451_segment_002.csv,1063.0,60,141.0540763984783,141.0540763984783,False,884,19.970034222217894,20.41177259720394,-19.970034222217894,4.225919489094411,368310.16713500954
981b2f3891496162cd07ee69,fit:ac0a7b220ceaf7faa62b38e0e5d2d0cda61be672b61527c6670cb05f5a9df463,107_260729172451_segment_002.csv,1063.0,120,129.1118072040143,129.1118072040143,False,884,8.188152604207907,9.090657590762781,-8.047734804695628,4.230161028138073,73053.80900232382
981b2f3891496162cd07ee69,fit:ac0a7b220ceaf7faa62b38e0e5d2d0cda61be672b61527c6670cb05f5a9df463,107_260729172451_segment_002.csv,1063.0,180,126.44664515389357,126.44664515389357,False,884,5.81634253368496,6.848572135537292,-5.3870294194505455,4.231206295229698,41462.199221361516
