activity_id,source_file,source_path,decision,triggered_criteria,flagged_record_count,hr_non_positive_count,hr_extreme_high_count,hr_rate_of_change_count
250511145356,250511145356.fit,dataset\raw\only_road_activities\250511145356.fit,KEEP,,0,0,0,0
250517092828,250517092828.fit,dataset\raw\only_road_activities\250517092828.fit,DROP,HR_NON_POSITIVE;HR_RATE_OF_CHANGE,2,1,0,2
250518083010,250518083010.fit,dataset\raw\only_road_activities\250518083010.fit,KEEP,,0,0,0,0
250524075639,250524075639.fit,dataset\raw\only_road_activities\250524075639.fit,KEEP,,0,0,0,0
250525093943,250525093943.fit,dataset\raw\only_road_activities\250525093943.fit,KEEP,,0,0,0,0
250525105224,250525105224.fit,dataset\raw\only_road_activities\250525105224.fit,KEEP,,0,0,0,0
250531081047,250531081047.fit,dataset\raw\only_road_activities\250531081047.fit,DROP,HR_NON_POSITIVE;HR_RATE_OF_CHANGE,2,1,0,2
250601090758,250601090758.fit,dataset\raw\only_road_activities\250601090758.fit,KEEP,,0,0,0,0
250601095058,250601095058.fit,dataset\raw\only_road_activities\250601095058.fit,KEEP,,0,0,0,0
250604173939,250604173939.fit,dataset\raw\only_road_activities\250604173939.fit,KEEP,,0,0,0,0
250607081806,250607081806.fit,dataset\raw\only_road_activities\250607081806.fit,KEEP,,0,0,0,0
250608073054,250608073054.fit,dataset\raw\only_road_activities\250608073054.fit,KEEP,,0,0,0,0
250611110321,250611110321.fit,dataset\raw\only_road_activities\250611110321.fit,KEEP,,0,0,0,0
250615095052,250615095052.fit,dataset\raw\only_road_activities\250615095052.fit,KEEP,,0,0,0,0
250615104019,250615104019.fit,dataset\raw\only_road_activities\250615104019.fit,KEEP,,0,0,0,0
250618105426,250618105426.fit,dataset\raw\only_road_activities\250618105426.fit,KEEP,,0,0,0,0
250622100132,250622100132.fit,dataset\raw\only_road_activities\250622100132.fit,KEEP,,0,0,0,0
250622105241,250622105241.fit,dataset\raw\only_road_activities\250622105241.fit,KEEP,,0,0,0,0
250625105513,250625105513.fit,dataset\raw\only_road_activities\250625105513.fit,KEEP,,0,0,0,0
250628080614,250628080614.fit,dataset\raw\only_road_activities\250628080614.fit,KEEP,,0,0,0,0
250629080321,250629080321.fit,dataset\raw\only_road_activities\250629080321.fit,KEEP,,0,0,0,0
250629084934,250629084934.fit,dataset\raw\only_road_activities\250629084934.fit,KEEP,,0,0,0,0
250701180337,250701180337.fit,dataset\raw\only_road_activities\250701180337.fit,KEEP,,0,0,0,0
250703171846,250703171846.fit,dataset\raw\only_road_activities\250703171846.fit,KEEP,,0,0,0,0
250704170250,250704170250.fit,dataset\raw\only_road_activities\250704170250.fit,DROP,HR_NON_POSITIVE;HR_RATE_OF_CHANGE,2,1,0,2
250706152531,250706152531.fit,dataset\raw\only_road_activities\250706152531.fit,KEEP,,0,0,0,0
250708171459,250708171459.fit,dataset\raw\only_road_activities\250708171459.fit,KEEP,,0,0,0,0
250709173010,250709173010.fit,dataset\raw\only_road_activities\250709173010.fit,KEEP,,0,0,0,0
250711145653,250711145653.fit,dataset\raw\only_road_activities\250711145653.fit,KEEP,,0,0,0,0
250712072905,250712072905.fit,dataset\raw\only_road_activities\250712072905.fit,KEEP,,0,0,0,0
250715165154,250715165154.fit,dataset\raw\only_road_activities\250715165154.fit,KEEP,,0,0,0,0
250716153128,250716153128.fit,dataset\raw\only_road_activities\250716153128.fit,KEEP,,0,0,0,0
250717102658,250717102658.fit,dataset\raw\only_road_activities\250717102658.fit,KEEP,,0,0,0,0
250718101116,250718101116.fit,dataset\raw\only_road_activities\250718101116.fit,KEEP,,0,0,0,0
250720141659,250720141659.fit,dataset\raw\only_road_activities\250720141659.fit,DROP,HR_NON_POSITIVE;HR_RATE_OF_CHANGE,2,1,0,2
250722170310,250722170310.fit,dataset\raw\only_road_activities\250722170310.fit,KEEP,,0,0,0,0
250723173905,250723173905.fit,dataset\raw\only_road_activities\250723173905.fit,KEEP,,0,0,0,0
250724175922,250724175922.fit,dataset\raw\only_road_activities\250724175922.fit,DROP,HR_NON_POSITIVE;HR_RATE_OF_CHANGE,2,1,0,2
250726080238,250726080238.fit,dataset\raw\only_road_activities\250726080238.fit,KEEP,,0,0,0,0
250729173622,250729173622.fit,dataset\raw\only_road_activities\250729173622.fit,KEEP,,0,0,0,0
250731170346,250731170346.fit,dataset\raw\only_road_activities\250731170346.fit,KEEP,,0,0,0,0
250802071128,250802071128.fit,dataset\raw\only_road_activities\250802071128.fit,KEEP,,0,0,0,0
250815073628,250815073628.fit,dataset\raw\only_road_activities\250815073628.fit,KEEP,,0,0,0,0
250816065142,250816065142.fit,dataset\raw\only_road_activities\250816065142.fit,KEEP,,0,0,0,0
250823070906,250823070906.fit,dataset\raw\only_road_activities\250823070906.fit,KEEP,,0,0,0,0
250830074715,250830074715.fit,dataset\raw\only_road_activities\250830074715.fit,KEEP,,0,0,0,0
250831094751,250831094751.fit,dataset\raw\only_road_activities\250831094751.fit,DROP,HR_NON_POSITIVE;HR_RATE_OF_CHANGE,2,1,0,2
250831104855,250831104855.fit,dataset\raw\only_road_activities\250831104855.fit,KEEP,,0,0,0,0
250831123125,250831123125.fit,dataset\raw\only_road_activities\250831123125.fit,KEEP,,0,0,0,0
250906154316,250906154316.fit,dataset\raw\only_road_activities\250906154316.fit,KEEP,,0,0,0,0
250906164426,250906164426.fit,dataset\raw\only_road_activities\250906164426.fit,KEEP,,0,0,0,0
250907080204,250907080204.fit,dataset\raw\only_road_activities\250907080204.fit,KEEP,,0,0,0,0
250913140208,250913140208.fit,dataset\raw\only_road_activities\250913140208.fit,KEEP,,0,0,0,0
250913145805,250913145805.fit,dataset\raw\only_road_activities\250913145805.fit,KEEP,,0,0,0,0
250914163102,250914163102.fit,dataset\raw\only_road_activities\250914163102.fit,KEEP,,0,0,0,0
250920081438,250920081438.fit,dataset\raw\only_road_activities\250920081438.fit,KEEP,,0,0,0,0
250921082448,250921082448.fit,dataset\raw\only_road_activities\250921082448.fit,KEEP,,0,0,0,0
250921090114,250921090114.fit,dataset\raw\only_road_activities\250921090114.fit,KEEP,,0,0,0,0
251011081438,251011081438.fit,dataset\raw\only_road_activities\251011081438.fit,KEEP,,0,0,0,0
251015170431,251015170431.fit,dataset\raw\only_road_activities\251015170431.fit,KEEP,,0,0,0,0
251018083143,251018083143.fit,dataset\raw\only_road_activities\251018083143.fit,KEEP,,0,0,0,0
251025083018,251025083018.fit,dataset\raw\only_road_activities\251025083018.fit,KEEP,,0,0,0,0
251108080619,251108080619.fit,dataset\raw\only_road_activities\251108080619.fit,KEEP,,0,0,0,0
251115082304,251115082304.fit,dataset\raw\only_road_activities\251115082304.fit,KEEP,,0,0,0,0
251129083004,251129083004.fit,dataset\raw\only_road_activities\251129083004.fit,KEEP,,0,0,0,0
251206083020,251206083020.fit,dataset\raw\only_road_activities\251206083020.fit,DROP,HR_NON_POSITIVE;HR_RATE_OF_CHANGE,2,1,0,2
251213083422,251213083422.fit,dataset\raw\only_road_activities\251213083422.fit,DROP,HR_NON_POSITIVE;HR_RATE_OF_CHANGE,2,1,0,2
251220083114,251220083114.fit,dataset\raw\only_road_activities\251220083114.fit,KEEP,,0,0,0,0
260105090043,260105090043.fit,dataset\raw\only_road_activities\260105090043.fit,KEEP,,0,0,0,0
260110082743,260110082743.fit,dataset\raw\only_road_activities\260110082743.fit,KEEP,,0,0,0,0
260117082736,260117082736.fit,dataset\raw\only_road_activities\260117082736.fit,KEEP,,0,0,0,0
260131083129,260131083129.fit,dataset\raw\only_road_activities\260131083129.fit,KEEP,,0,0,0,0
260221081917,260221081917.fit,dataset\raw\only_road_activities\260221081917.fit,KEEP,,0,0,0,0
260301114610,260301114610.fit,dataset\raw\only_road_activities\260301114610.fit,KEEP,,0,0,0,0
260321102409,260321102409.fit,dataset\raw\only_road_activities\260321102409.fit,KEEP,,0,0,0,0
260322101403,260322101403.fit,dataset\raw\only_road_activities\260322101403.fit,KEEP,,0,0,0,0
260322111400,260322111400.fit,dataset\raw\only_road_activities\260322111400.fit,KEEP,,0,0,0,0
260328075434,260328075434.fit,dataset\raw\only_road_activities\260328075434.fit,DROP,HR_NON_POSITIVE;HR_RATE_OF_CHANGE,2,1,0,2
260404082403,260404082403.fit,dataset\raw\only_road_activities\260404082403.fit,KEEP,,0,0,0,0
260407082440,260407082440.fit,dataset\raw\only_road_activities\260407082440.fit,KEEP,,0,0,0,0
260412101147,260412101147.fit,dataset\raw\only_road_activities\260412101147.fit,KEEP,,0,0,0,0
260412113502,260412113502.fit,dataset\raw\only_road_activities\260412113502.fit,KEEP,,0,0,0,0
260418073226,260418073226.fit,dataset\raw\only_road_activities\260418073226.fit,KEEP,,0,0,0,0
260419082508,260419082508.fit,dataset\raw\only_road_activities\260419082508.fit,KEEP,,0,0,0,0
260424160919,260424160919.fit,dataset\raw\only_road_activities\260424160919.fit,KEEP,,0,0,0,0
260425073220,260425073220.fit,dataset\raw\only_road_activities\260425073220.fit,KEEP,,0,0,0,0
260427170343,260427170343.fit,dataset\raw\only_road_activities\260427170343.fit,KEEP,,0,0,0,0
260428165622,260428165622.fit,dataset\raw\only_road_activities\260428165622.fit,KEEP,,0,0,0,0
260501094312,260501094312.fit,dataset\raw\only_road_activities\260501094312.fit,KEEP,,0,0,0,0
260502130449,260502130449.fit,dataset\raw\only_road_activities\260502130449.fit,KEEP,,0,0,0,0
260502140459,260502140459.fit,dataset\raw\only_road_activities\260502140459.fit,KEEP,,0,0,0,0
260509140032,260509140032.fit,dataset\raw\only_road_activities\260509140032.fit,KEEP,,0,0,0,0
260509150834,260509150834.fit,dataset\raw\only_road_activities\260509150834.fit,KEEP,,0,0,0,0
260510080938,260510080938.fit,dataset\raw\only_road_activities\260510080938.fit,DROP,HR_NON_POSITIVE;HR_RATE_OF_CHANGE,2,1,0,2
260512171641,260512171641.fit,dataset\raw\only_road_activities\260512171641.fit,KEEP,,0,0,0,0
260513170002,260513170002.fit,dataset\raw\only_road_activities\260513170002.fit,KEEP,,0,0,0,0
260517080120,260517080120.fit,dataset\raw\only_road_activities\260517080120.fit,KEEP,,0,0,0,0
260519170927,260519170927.fit,dataset\raw\only_road_activities\260519170927.fit,KEEP,,0,0,0,0
260522164831,260522164831.fit,dataset\raw\only_road_activities\260522164831.fit,KEEP,,0,0,0,0
260523080618,260523080618.fit,dataset\raw\only_road_activities\260523080618.fit,KEEP,,0,0,0,0
260524095636,260524095636.fit,dataset\raw\only_road_activities\260524095636.fit,KEEP,,0,0,0,0
260524104617,260524104617.fit,dataset\raw\only_road_activities\260524104617.fit,KEEP,,0,0,0,0
260524122644,260524122644.fit,dataset\raw\only_road_activities\260524122644.fit,DROP,HR_NON_POSITIVE;HR_RATE_OF_CHANGE,2,1,0,2
260526170146,260526170146.fit,dataset\raw\only_road_activities\260526170146.fit,KEEP,,0,0,0,0
260529161523,260529161523.fit,dataset\raw\only_road_activities\260529161523.fit,KEEP,,0,0,0,0
260530074431,260530074431.fit,dataset\raw\only_road_activities\260530074431.fit,KEEP,,0,0,0,0
260602090418,260602090418.fit,dataset\raw\only_road_activities\260602090418.fit,KEEP,,0,0,0,0
260602100204,260602100204.fit,dataset\raw\only_road_activities\260602100204.fit,KEEP,,0,0,0,0
260606075342,260606075342.fit,dataset\raw\only_road_activities\260606075342.fit,KEEP,,0,0,0,0
260607073344,260607073344.fit,dataset\raw\only_road_activities\260607073344.fit,DROP,HR_NON_POSITIVE;HR_RATE_OF_CHANGE,2,1,0,2
260609170059,260609170059.fit,dataset\raw\only_road_activities\260609170059.fit,KEEP,,0,0,0,0
260613073612,260613073612.fit,dataset\raw\only_road_activities\260613073612.fit,DROP,HR_NON_POSITIVE;HR_RATE_OF_CHANGE,2,1,0,2
260614094858,260614094858.fit,dataset\raw\only_road_activities\260614094858.fit,KEEP,,0,0,0,0
260614104013,260614104013.fit,dataset\raw\only_road_activities\260614104013.fit,KEEP,,0,0,0,0
260616171138,260616171138.fit,dataset\raw\only_road_activities\260616171138.fit,KEEP,,0,0,0,0
260617171356,260617171356.fit,dataset\raw\only_road_activities\260617171356.fit,KEEP,,0,0,0,0
260620073601,260620073601.fit,dataset\raw\only_road_activities\260620073601.fit,KEEP,,0,0,0,0
260621094805,260621094805.fit,dataset\raw\only_road_activities\260621094805.fit,KEEP,,0,0,0,0
260621150426,260621150426.fit,dataset\raw\only_road_activities\260621150426.fit,KEEP,,0,0,0,0
260623171613,260623171613.fit,dataset\raw\only_road_activities\260623171613.fit,KEEP,,0,0,0,0
260624171412,260624171412.fit,dataset\raw\only_road_activities\260624171412.fit,KEEP,,0,0,0,0
260625062641,260625062641.fit,dataset\raw\only_road_activities\260625062641.fit,KEEP,,0,0,0,0
260626174659,260626174659.fit,dataset\raw\only_road_activities\260626174659.fit,KEEP,,0,0,0,0
260627062226,260627062226.fit,dataset\raw\only_road_activities\260627062226.fit,KEEP,,0,0,0,0
260704100507,260704100507.fit,dataset\raw\only_road_activities\260704100507.fit,DROP,HR_NON_POSITIVE;HR_RATE_OF_CHANGE,2,1,0,2
260705084902,260705084902.fit,dataset\raw\only_road_activities\260705084902.fit,KEEP,,0,0,0,0
260707172316,260707172316.fit,dataset\raw\only_road_activities\260707172316.fit,KEEP,,0,0,0,0
260708172128,260708172128.fit,dataset\raw\only_road_activities\260708172128.fit,KEEP,,0,0,0,0
260709174027,260709174027.fit,dataset\raw\only_road_activities\260709174027.fit,KEEP,,0,0,0,0
260710063149,260710063149.fit,dataset\raw\only_road_activities\260710063149.fit,KEEP,,0,0,0,0
260712080105,260712080105.fit,dataset\raw\only_road_activities\260712080105.fit,KEEP,,0,0,0,0
260714172507,260714172507.fit,dataset\raw\only_road_activities\260714172507.fit,KEEP,,0,0,0,0
260715173151,260715173151.fit,dataset\raw\only_road_activities\260715173151.fit,KEEP,,0,0,0,0
260716153012,260716153012.fit,dataset\raw\only_road_activities\260716153012.fit,KEEP,,0,0,0,0
260721071628,260721071628.fit,dataset\raw\only_road_activities\260721071628.fit,KEEP,,0,0,0,0
260722172413,260722172413.fit,dataset\raw\only_road_activities\260722172413.fit,KEEP,,0,0,0,0
260723062928,260723062928.fit,dataset\raw\only_road_activities\260723062928.fit,KEEP,,0,0,0,0
260726061340,260726061340.fit,dataset\raw\only_road_activities\260726061340.fit,KEEP,,0,0,0,0
260728062911,260728062911.fit,dataset\raw\only_road_activities\260728062911.fit,KEEP,,0,0,0,0
260729172451,260729172451.fit,dataset\raw\only_road_activities\260729172451.fit,KEEP,,0,0,0,0
260730062415,260730062415.fit,dataset\raw\only_road_activities\260730062415.fit,DROP,HR_NON_POSITIVE;HR_RATE_OF_CHANGE,2,1,0,2
260801060832,260801060832.fit,dataset\raw\only_road_activities\260801060832.fit,KEEP,,0,0,0,0
260802064005,260802064005.fit,dataset\raw\only_road_activities\260802064005.fit,KEEP,,0,0,0,0
260810073157,260810073157.fit,dataset\raw\only_road_activities\260810073157.fit,DROP,HR_NON_POSITIVE;HR_RATE_OF_CHANGE,2,1,0,2
260811165713,260811165713.fit,dataset\raw\only_road_activities\260811165713.fit,KEEP,,0,0,0,0
260813063248,260813063248.fit,dataset\raw\only_road_activities\260813063248.fit,DROP,HR_NON_POSITIVE;HR_RATE_OF_CHANGE,2,1,0,2
260815064223,260815064223.fit,dataset\raw\only_road_activities\260815064223.fit,KEEP,,0,0,0,0
260816063546,260816063546.fit,dataset\raw\only_road_activities\260816063546.fit,KEEP,,0,0,0,0
260818062429,260818062429.fit,dataset\raw\only_road_activities\260818062429.fit,KEEP,,0,0,0,0
260819062707,260819062707.fit,dataset\raw\only_road_activities\260819062707.fit,KEEP,,0,0,0,0
260821080037,260821080037.fit,dataset\raw\only_road_activities\260821080037.fit,KEEP,,0,0,0,0
260822080018,260822080018.fit,dataset\raw\only_road_activities\260822080018.fit,KEEP,,0,0,0,0
260824074938,260824074938.fit,dataset\raw\only_road_activities\260824074938.fit,KEEP,,0,0,0,0
260826062619,260826062619.fit,dataset\raw\only_road_activities\260826062619.fit,KEEP,,0,0,0,0
260827070608,260827070608.fit,dataset\raw\only_road_activities\260827070608.fit,KEEP,,0,0,0,0
260829063044,260829063044.fit,dataset\raw\only_road_activities\260829063044.fit,KEEP,,0,0,0,0
260830095410,260830095410.fit,dataset\raw\only_road_activities\260830095410.fit,KEEP,,0,0,0,0
260830104514,260830104514.fit,dataset\raw\only_road_activities\260830104514.fit,KEEP,,0,0,0,0
260901062237,260901062237.fit,dataset\raw\only_road_activities\260901062237.fit,KEEP,,0,0,0,0
260902062649,260902062649.fit,dataset\raw\only_road_activities\260902062649.fit,KEEP,,0,0,0,0
260904062108,260904062108.fit,dataset\raw\only_road_activities\260904062108.fit,KEEP,,0,0,0,0
260905142842,260905142842.fit,dataset\raw\only_road_activities\260905142842.fit,KEEP,,0,0,0,0
260905152115,260905152115.fit,dataset\raw\only_road_activities\260905152115.fit,KEEP,,0,0,0,0
260906074723,260906074723.fit,dataset\raw\only_road_activities\260906074723.fit,KEEP,,0,0,0,0
260908061657,260908061657.fit,dataset\raw\only_road_activities\260908061657.fit,KEEP,,0,0,0,0
260913071114,260913071114.fit,dataset\raw\only_road_activities\260913071114.fit,DROP,HR_NON_POSITIVE;HR_RATE_OF_CHANGE,2,1,0,2
260915062325,260915062325.fit,dataset\raw\only_road_activities\260915062325.fit,KEEP,,0,0,0,0
260916062309,260916062309.fit,dataset\raw\only_road_activities\260916062309.fit,KEEP,,0,0,0,0
260919065417,260919065417.fit,dataset\raw\only_road_activities\260919065417.fit,KEEP,,0,0,0,0
