activity_id,apparent_lag_s,max_correlation,pair_count_at_max
250511145356,26.0,0.332021818502,7374.0
250517092828,18.0,0.493551382107,4104.0
250518083010,20.0,0.555759815279,10032.0
250524075639,17.0,0.503764384141,3659.0
250525093943,12.0,0.598026859068,2451.0
250525105224,25.0,0.285850106487,6185.0
250531081047,17.0,0.469403663155,3871.0
250601090758,20.0,0.61883491184,1285.0
250601095058,23.0,0.380412564675,5903.0
250604173939,22.0,0.46416950294,3694.0
250607081806,29.0,0.415077341482,3545.0
250608073054,26.0,0.502575667837,8232.0
250611110321,22.0,0.43567816378,3753.0
250615095052,9.0,0.581570369269,656.0
250615104019,21.0,0.391561576132,8277.0
250618105426,15.0,0.374998756311,204.0
250622100132,16.0,0.740505701806,1483.0
250622105241,23.0,0.351310977954,6641.0
250625105513,21.0,0.682672751063,4350.0
250628080614,21.0,0.491460846378,3307.0
250629080321,14.0,0.529623319421,989.0
250629084934,23.0,0.480191968642,14068.0
250701180337,16.0,0.437407786388,4801.0
250703171846,,,
250704170250,25.0,0.427238406057,4958.0
250706152531,28.0,0.62138833844,11250.0
250708171459,39.0,0.665485308964,4964.0
250709173010,23.0,0.492230231693,4626.0
250711145653,,,
250712072905,24.0,0.707426902229,16846.0
250715165154,31.0,0.648038970172,5370.0
250716153128,22.0,0.448311607471,4662.0
250717102658,24.0,0.419825888255,4863.0
250718101116,22.0,0.616005257952,6578.0
250720141659,29.0,0.68805162777,14360.0
250722170310,28.0,0.699864945998,5118.0
250723173905,20.0,0.486314194972,5190.0
250724175922,,,
250726080238,24.0,0.71192962241,15891.0
250729173622,27.0,0.678779574881,4953.0
250731170346,27.0,0.792623622197,8212.0
250802071128,20.0,0.710461469917,23112.0
250815073628,25.0,0.46638327412,7177.0
250816065142,26.0,0.724069130042,24785.0
250823070906,24.0,0.721430799126,17219.0
250830074715,30.0,0.375725443383,6912.0
250831094751,17.0,0.619895362851,2048.0
250831104855,20.0,0.339797267725,5755.0
250831123125,22.0,0.341611392649,543.0
250906154316,16.0,0.532349136699,2370.0
250906164426,21.0,0.342645627463,4649.0
250907080204,22.0,0.608346996037,6304.0
250913140208,19.0,0.651349894411,2571.0
250913145805,22.0,0.359592013378,5088.0
250914163102,13.0,0.245785760131,3974.0
250920081438,26.0,0.0041114963,5381.0
250921082448,24.0,0.55853299716,1456.0
250921090114,21.0,0.396391537903,7332.0
251011081438,23.0,0.379582446019,13163.0
251015170431,35.0,0.347332658982,4774.0
251018083143,24.0,0.645043818205,13510.0
251025083018,23.0,0.653815146913,14094.0
251108080619,27.0,0.305010604323,17097.0
251115082304,26.0,0.312284847629,14201.0
251129083004,26.0,0.618157150739,14074.0
251206083020,23.0,0.613289651083,13879.0
251213083422,28.0,0.241464280654,13670.0
251220083114,24.0,0.709446701828,13816.0
260105090043,23.0,0.682777285722,12541.0
260110082743,23.0,0.717571836723,13980.0
260117082736,24.0,0.655178894365,13412.0
260131083129,26.0,0.530826348609,5121.0
260221081917,22.0,0.618792029792,13580.0
260301114610,17.0,0.35257026586,7823.0
260321102409,21.0,0.557946834976,5443.0
260322101403,29.0,0.599833571803,1718.0
260322111400,23.0,0.35747434499,5115.0
260328075434,24.0,0.698761873469,16361.0
260404082403,26.0,0.630800800164,14421.0
260407082440,20.0,0.453758107192,5137.0
260412101147,16.0,0.607379953527,2436.0
260412113502,23.0,0.383141341575,7739.0
260418073226,25.0,0.679983287687,14303.0
260419082508,12.0,0.512893596537,2749.0
260424160919,19.0,0.480429278538,4537.0
260425073220,21.0,0.728353177316,16776.0
260427170343,19.0,0.517720918548,5049.0
260428165622,19.0,0.50854058103,4341.0
260501094312,22.0,0.560721680951,4455.0
260502130449,25.0,0.659514926273,2363.0
260502140459,22.0,0.318101151172,6061.0
260509140032,21.0,0.538817903584,2842.0
260509150834,22.0,0.323274717964,5800.0
260510080938,20.0,0.485968645938,3916.0
260512171641,19.0,0.523339992825,5135.0
260513170002,23.0,0.449522368864,5687.0
260517080120,24.0,0.437011950589,10434.0
260519170927,20.0,0.531303062443,5506.0
260522164831,25.0,0.379086890207,4310.0
260523080618,23.0,0.581144497287,3857.0
260524095636,18.0,0.579099898953,2080.0
260524104617,25.0,0.305542050773,5922.0
260524122644,11.0,0.330453080155,591.0
260526170146,22.0,0.472500657327,5901.0
260529161523,22.0,0.470580621689,4495.0
260530074431,25.0,0.651870386618,17130.0
260602090418,19.0,0.648411375741,2271.0
260602100204,23.0,0.390644648399,5984.0
260606075342,25.0,0.714787995413,14298.0
260607073344,13.0,0.54009168272,3740.0
260609170059,21.0,0.527180891281,5097.0
260613073612,21.0,0.559896004496,3613.0
260614094858,19.0,0.610374180684,1113.0
260614104013,24.0,0.429866779943,8758.0
260616171138,21.0,0.46648456052,5494.0
260617171356,21.0,0.462346744188,5800.0
260620073601,26.0,0.583488848747,6231.0
260621094805,20.0,0.575860463262,2281.0
260621150426,30.0,0.535922079977,9199.0
260623171613,23.0,0.473542522664,6587.0
260624171412,21.0,0.479705298622,4453.0
260625062641,25.0,0.356480165924,3738.0
260626174659,,,
260627062226,26.0,0.689812694363,18700.0
260704100507,24.0,0.526739358562,4124.0
260705084902,24.0,0.496398580947,10581.0
260707172316,23.0,0.511611522486,5808.0
260708172128,20.0,0.555014945078,5595.0
260709174027,,,
260710063149,23.0,0.617784591039,7737.0
260712080105,20.0,0.465432510476,5754.0
260714172507,29.0,0.626575998285,5065.0
260715173151,28.0,0.468266678144,4804.0
260716153012,28.0,0.72950785068,4720.0
260721071628,23.0,0.600634823542,5907.0
260722172413,22.0,0.487884599042,3688.0
260723062928,27.0,0.560841189663,5237.0
260726061340,12.0,0.551100239499,4248.0
260728062911,23.0,0.526955220716,5492.0
260729172451,27.0,0.495456524115,3719.0
260730062415,30.0,0.536211239147,5271.0
260801060832,24.0,0.61358926673,19040.0
260802064005,25.0,0.452868741406,3808.0
260810073157,27.0,0.66428717248,11253.0
260811165713,22.0,0.481638709404,5166.0
260813063248,26.0,0.508093482103,5238.0
260815064223,24.0,0.527904551802,17175.0
260816063546,20.0,0.579930976023,3923.0
260818062429,21.0,0.52005868877,5298.0
260819062707,15.0,0.500022000683,5267.0
260821080037,20.0,0.497750975937,18528.0
260822080018,25.0,0.81128192242,17790.0
260824074938,21.0,0.679484459458,23147.0
260826062619,23.0,0.477291261162,5003.0
260827070608,20.0,0.476046604967,4534.0
260829063044,27.0,0.539379080541,4518.0
260830095410,20.0,0.534555530002,2084.0
260830104514,23.0,0.3420278842,5720.0
260901062237,19.0,0.536249394397,4730.0
260902062649,20.0,0.473962227891,5001.0
260904062108,21.0,0.521010376988,4585.0
260905142842,25.0,0.531793616731,2083.0
260905152115,22.0,0.34429087419,5294.0
260906074723,23.0,0.590165697179,4023.0
260908061657,20.0,0.551198885656,4668.0
260913071114,22.0,0.646230697407,16194.0
260915062325,20.0,0.526879978114,4527.0
260916062309,23.0,0.391820627343,3689.0
260919065417,33.0,0.656003635897,4472.0
