field,observed_count,min,p05,median,mean,p95,max
altitude,1206840,-52.0,1.8000000000000114,43.200000000000045,138.51270209804116,623.8,2173.8
cadence,1196667,0.0,0.0,85.0,77.83258249788788,99.0,161.0
distance,1206840,0.0,3011.44,34587.69,43857.836725439985,114369.52250000002,188656.6
enhanced_altitude,1206840,-52.0,1.8000000000000114,43.200000000000045,138.51270209804116,623.8,2173.8
enhanced_speed,1205785,0.0,3.444,8.84,8.621113969737557,12.828,23.491
heart_rate,1206004,0.0,105.0,141.0,142.64395889234197,180.0,200.0
power,1183597,0.0,0.0,196.0,201.76156833787175,390.0,1201.0
speed,1205785,0.0,3.444,8.84,8.621113969737557,12.828,23.491
temperature,1206840,-1.0,8.0,22.0,21.898907063073814,34.0,43.0
unknown_66,1206605,0.0,0.0,0.0,0.02721271667198462,0.0,4.0
