segment,start,initial_K,initial_L,initial_tau,K,L,tau,SSE,SSE_over_best,success,status,nfev,initial_dead,terminal_dead,unchanged,agrees_with_best,equivalent_sse,predicted_range
S01,1,0.3,5.0,45.0,4.999999999979889,12.500149726111731,584.7885913442457,1825.8037376525854,1.000000000000303,True,2,14,False,False,False,True,True,36.70066285586228
S01,2,0.034628306909802765,16.17115357186615,753.7178718098891,4.999999999999999,12.500149725924782,584.7885915610885,1825.8037376520335,1.0000000000000007,True,4,13,False,False,False,True,True,36.70066284264729
S01,3,0.08392963408455124,90.89494496991101,0.07391089673462414,0.08392963408455124,90.89494496991101,0.07391089673462414,27229.0,14.913432061989456,True,1,1,True,True,True,False,False,0.0
S01,4,0.0011229442604131059,46.04618661711877,442.7167293552449,4.999999999959584,12.500149726036437,584.7885913737803,1825.8037376531427,1.0000000000006082,True,2,16,False,False,False,True,True,36.70066285386113
S01,5,0.016476247754472543,94.85825423324964,2.2908667453654292,0.016476247754472543,94.85825423324964,2.2908667453654292,27229.0,14.913432061989456,True,1,1,True,True,True,False,False,0.0
S01,6,5.069759330435683e-05,65.89515699771015,0.03669467026102268,5.069759330435683e-05,65.89515699771015,0.03669467026102268,27229.0,14.913432061989456,True,1,1,True,True,True,False,False,0.0
S01,7,0.21125026210509162,74.21975510518301,70.5221455146828,0.21125026210509162,74.21975510518301,70.5221455146828,27229.0,14.913432061989456,True,1,1,True,True,True,False,False,0.0
S01,8,0.00029676415557058607,110.83538663464955,306.9014996661175,0.00029676415557058607,110.83538663464955,306.9014996661175,27229.0,14.913432061989456,True,1,1,True,True,True,False,False,0.0
S02,1,0.3,5.0,45.0,0.0033664032355804133,113.71655122576789,1771.9571646385837,3623.0,1.0230769843245013,True,1,8,False,True,False,False,False,0.0
S02,2,0.034628306909802765,16.17115357186615,753.7178718098891,4.999992572163975,49.86437477081663,476.1129882480838,3541.27798359141,1.0000000000296578,True,2,14,False,False,False,True,True,5.496900018010251
S02,3,0.08392963408455124,90.89494496991101,0.07391089673462414,0.08392963408455124,90.89494496991101,0.07391089673462414,3623.0,1.0230769843245013,True,1,1,True,True,True,False,False,0.0
S02,4,0.0011229442604131059,46.04618661711877,442.7167293552449,4.999996786702583,49.86437581366835,476.11321794021507,3541.277983486383,1.0,True,2,14,False,False,False,True,True,5.496900906344592
S02,5,0.016476247754472543,94.85825423324964,2.2908667453654292,0.016476247754472543,94.85825423324964,2.2908667453654292,3623.0,1.0230769843245013,True,1,1,True,True,True,False,False,0.0
S02,6,5.069759330435683e-05,65.89515699771015,0.03669467026102268,5.069759330435683e-05,65.89515699771015,0.03669467026102268,3623.0,1.0230769843245013,True,1,1,True,True,True,False,False,0.0
S02,7,0.21125026210509162,74.21975510518301,70.5221455146828,0.21125026210509162,74.21975510518301,70.5221455146828,3623.0,1.0230769843245013,True,1,1,True,True,True,False,False,0.0
S02,8,0.00029676415557058607,110.83538663464955,306.9014996661175,0.00029676415557058607,110.83538663464955,306.9014996661175,3623.0,1.0230769843245013,True,1,1,True,True,True,False,False,0.0
S03,1,0.3,5.0,45.0,4.999999999614706,25.410074856236502,317.2102043000965,3270.349629148538,1.0000000000003848,True,2,15,False,False,False,True,True,28.706517068708706
S03,2,0.034628306909802765,16.17115357186615,753.7178718098891,4.999999999422864,25.41007485596821,317.2102044051511,3270.349629149208,1.0000000000005895,True,2,12,False,False,False,True,True,28.706517059865234
S03,3,0.08392963408455124,90.89494496991101,0.07391089673462414,0.08392963408455124,90.89494496991101,0.07391089673462414,7773.0,2.3768100911053827,True,1,1,True,True,True,False,False,0.0
S03,4,0.0011229442604131059,46.04618661711877,442.7167293552449,4.999999999974588,25.410074856568734,317.2102041535378,3270.3496291472798,1.0,True,2,15,False,False,False,True,True,28.706517081887938
S03,5,0.016476247754472543,94.85825423324964,2.2908667453654292,0.016476247754472543,94.85825423324964,2.2908667453654292,7773.0,2.3768100911053827,True,1,1,True,True,True,False,False,0.0
S03,6,5.069759330435683e-05,65.89515699771015,0.03669467026102268,5.069759330435683e-05,65.89515699771015,0.03669467026102268,7773.0,2.3768100911053827,True,1,1,True,True,True,False,False,0.0
S03,7,0.21125026210509162,74.21975510518301,70.5221455146828,0.21125026210509162,74.21975510518301,70.5221455146828,7773.0,2.3768100911053827,True,1,1,True,True,True,False,False,0.0
S03,8,0.00029676415557058607,110.83538663464955,306.9014996661175,0.00029676415557058607,110.83538663464955,306.9014996661175,7773.0,2.3768100911053827,True,1,1,True,True,True,False,False,0.0
S04,1,0.3,5.0,45.0,0.28532811041555817,14.681330122236433,90.75703198980693,356.81997140971026,1.0000000000000004,True,2,12,False,False,False,True,True,20.31652863645752
S04,2,0.034628306909802765,16.17115357186615,753.7178718098891,0.2853281034092175,14.68133012525178,90.75702930197933,356.81997140971066,1.0000000000000016,True,2,13,False,False,False,True,True,20.316528634319667
S04,3,0.08392963408455124,90.89494496991101,0.07391089673462414,0.08392963408455124,90.89494496991101,0.07391089673462414,9211.0,25.814138047289084,True,1,1,True,True,True,False,False,0.0
S04,4,0.0011229442604131059,46.04618661711877,442.7167293552449,0.28532811035957517,14.681330122584935,90.75703196798914,356.81997140971083,1.000000000000002,True,2,15,False,False,False,True,True,20.316528636756317
S04,5,0.016476247754472543,94.85825423324964,2.2908667453654292,0.016476247754472543,94.85825423324964,2.2908667453654292,9211.0,25.814138047289084,True,1,1,True,True,True,False,False,0.0
S04,6,5.069759330435683e-05,65.89515699771015,0.03669467026102268,5.069759330435683e-05,65.89515699771015,0.03669467026102268,9211.0,25.814138047289084,True,1,1,True,True,True,False,False,0.0
S04,7,0.21125026210509162,74.21975510518301,70.5221455146828,0.21125026210509162,74.21975510518301,70.5221455146828,9211.0,25.814138047289084,True,1,1,True,True,True,False,False,0.0
S04,8,0.00029676415557058607,110.83538663464955,306.9014996661175,0.00029676415557058607,110.83538663464955,306.9014996661175,9211.0,25.814138047289084,True,1,1,True,True,True,False,False,0.0
S05,1,0.3,5.0,45.0,0.1715536091717868,10.000003466651306,290.0125537432707,1929.094012106095,1.0000000000000002,True,3,30,False,False,False,True,True,5.747765973661416
S05,2,0.034628306909802765,16.17115357186615,753.7178718098891,0.37815798628991165,9.999995498967339,681.2173783226807,1960.479785638027,1.0162696962071158,True,2,37,False,False,False,False,False,5.578053125930808
S05,3,0.08392963408455124,90.89494496991101,0.07391089673462414,0.08392963408455124,90.89494496991101,0.07391089673462414,2862.0,1.4835979905797345,True,1,1,True,True,True,False,False,0.0
S05,4,0.0011229442604131059,46.04618661711877,442.7167293552449,0.00029452861352568063,86.15597428101243,1444.1715547599983,2862.0,1.4835979905797345,True,1,2,False,True,False,False,False,0.0
S05,5,0.016476247754472543,94.85825423324964,2.2908667453654292,0.016476247754472543,94.85825423324964,2.2908667453654292,2862.0,1.4835979905797345,True,1,1,True,True,True,False,False,0.0
S05,6,5.069759330435683e-05,65.89515699771015,0.03669467026102268,5.069759330435683e-05,65.89515699771015,0.03669467026102268,2862.0,1.4835979905797345,True,1,1,True,True,True,False,False,0.0
S05,7,0.21125026210509162,74.21975510518301,70.5221455146828,0.21125026210509162,74.21975510518301,70.5221455146828,2862.0,1.4835979905797345,True,1,1,True,True,True,False,False,0.0
S05,8,0.00029676415557058607,110.83538663464955,306.9014996661175,0.00029676415557058607,110.83538663464955,306.9014996661175,2862.0,1.4835979905797345,True,1,1,True,True,True,False,False,0.0
S06,1,0.3,5.0,45.0,0.10096113737466994,10.999972435957122,69.52086900543443,3279.166596918688,1.1763919893671226,True,3,29,False,False,False,False,False,11.90972362525281
S06,2,0.034628306909802765,16.17115357186615,753.7178718098891,0.6726368296672004,10.000002902560052,651.214222311675,3311.815696460515,1.1881047639474522,True,2,35,False,False,False,False,False,11.221597426107138
S06,3,0.08392963408455124,90.89494496991101,0.07391089673462414,0.08392963408455124,90.89494496991101,0.07391089673462414,7093.0,2.5445942235510968,True,1,1,True,True,True,False,False,0.0
S06,4,0.0011229442604131059,46.04618661711877,442.7167293552449,0.2583706278061698,54.70670297108263,43.51695179992422,2787.477836093409,1.0,True,2,11,False,False,False,True,True,17.55513162378716
S06,5,0.016476247754472543,94.85825423324964,2.2908667453654292,0.016476247754472543,94.85825423324964,2.2908667453654292,7093.0,2.5445942235510968,True,1,1,True,True,True,False,False,0.0
S06,6,5.069759330435683e-05,65.89515699771015,0.03669467026102268,0.2583763670491862,54.70669538264103,43.51825949332109,2787.4778362506254,1.0000000000564009,True,2,17,False,False,False,True,True,17.555046420758288
S06,7,0.21125026210509162,74.21975510518301,70.5221455146828,0.25837180944327964,54.706701411263815,43.517221030125256,2787.4778360958085,1.0000000000008606,True,2,9,False,False,False,True,True,17.55511408486595
S06,8,0.00029676415557058607,110.83538663464955,306.9014996661175,0.00029676415557058607,110.83538663464955,306.9014996661175,7093.0,2.5445942235510968,True,1,1,True,True,True,False,False,0.0
S07,1,0.3,5.0,45.0,0.10409329380627126,11.880270336681358,36.17204131956734,344.3160070567883,1.000000000000001,True,2,9,False,False,False,True,True,20.37525670296128
S07,2,0.034628306909802765,16.17115357186615,753.7178718098891,0.1040932925061297,11.880270407564751,36.17204055647639,344.3160070567882,1.0000000000000009,True,2,12,False,False,False,True,True,20.375256738397752
S07,3,0.08392963408455124,90.89494496991101,0.07391089673462414,0.08392963408455124,90.89494496991101,0.07391089673462414,10220.0,29.682035660672668,True,1,1,True,True,True,False,False,0.0
S07,4,0.0011229442604131059,46.04618661711877,442.7167293552449,0.10409329304634542,11.88027037811208,36.172040873559475,344.31600705678795,1.0000000000000002,True,2,13,False,False,False,True,True,20.37525672366823
S07,5,0.016476247754472543,94.85825423324964,2.2908667453654292,0.016476247754472543,94.85825423324964,2.2908667453654292,10220.0,29.682035660672668,True,1,1,True,True,True,False,False,0.0
S07,6,5.069759330435683e-05,65.89515699771015,0.03669467026102268,5.069759330435683e-05,65.89515699771015,0.03669467026102268,10220.0,29.682035660672668,True,1,1,True,True,True,False,False,0.0
S07,7,0.21125026210509162,74.21975510518301,70.5221455146828,0.21125026210509162,74.21975510518301,70.5221455146828,10220.0,29.682035660672668,True,1,1,True,True,True,False,False,0.0
S07,8,0.00029676415557058607,110.83538663464955,306.9014996661175,0.00029676415557058607,110.83538663464955,306.9014996661175,10220.0,29.682035660672668,True,1,1,True,True,True,False,False,0.0
S08,1,0.3,5.0,45.0,4.9999999998174145,19.210986374356178,483.5319965710475,10713.865862625762,1.0018000943749048,True,2,13,False,False,False,True,True,41.27289586473769
S08,2,0.034628306909802765,16.17115357186615,753.7178718098891,4.999999999999999,18.646521003089056,486.0487043362748,10694.614547137691,1.0000000000000007,True,2,12,False,False,False,True,True,43.04125439991216
S08,3,0.08392963408455124,90.89494496991101,0.07391089673462414,0.08392963408455124,90.89494496991101,0.07391089673462414,27674.0,2.587657542777612,True,1,1,True,True,True,False,False,0.0
S08,4,0.0011229442604131059,46.04618661711877,442.7167293552449,4.999999999956087,19.210986371934744,483.53199788166137,10713.865862617928,1.0018000943741723,True,2,15,False,False,False,True,True,41.272895762918736
S08,5,0.016476247754472543,94.85825423324964,2.2908667453654292,0.016476247754472543,94.85825423324964,2.2908667453654292,27674.0,2.587657542777612,True,1,1,True,True,True,False,False,0.0
S08,6,5.069759330435683e-05,65.89515699771015,0.03669467026102268,5.069759330435683e-05,65.89515699771015,0.03669467026102268,27674.0,2.587657542777612,True,1,1,True,True,True,False,False,0.0
S08,7,0.21125026210509162,74.21975510518301,70.5221455146828,0.21125026210509162,74.21975510518301,70.5221455146828,27674.0,2.587657542777612,True,1,1,True,True,True,False,False,0.0
S08,8,0.00029676415557058607,110.83538663464955,306.9014996661175,0.00029676415557058607,110.83538663464955,306.9014996661175,27674.0,2.587657542777612,True,1,1,True,True,True,False,False,0.0
S09,1,0.3,5.0,45.0,0.030753594737173456,8.770404384868676e-15,0.9735660688144956,1194.6641408322457,1.0000000000000002,True,2,17,False,False,False,True,True,18.530624743312075
S09,2,0.034628306909802765,16.17115357186615,753.7178718098891,0.030753617672439705,1.1939959516084775e-19,0.9735930322561556,1194.6641409234478,1.0000000000763414,True,2,20,False,False,False,True,True,18.53062880565446
S09,3,0.08392963408455124,90.89494496991101,0.07391089673462414,0.08392963408455124,90.89494496991101,0.07391089673462414,4209.0,3.5231659310271595,True,1,1,True,True,True,False,False,0.0
S09,4,0.0011229442604131059,46.04618661711877,442.7167293552449,0.00041426455483652884,91.11955006965199,1300.5054222519775,4209.0,3.5231659310271595,True,1,2,False,True,False,False,False,0.0
S09,5,0.016476247754472543,94.85825423324964,2.2908667453654292,0.016476247754472543,94.85825423324964,2.2908667453654292,4209.0,3.5231659310271595,True,1,1,True,True,True,False,False,0.0
S09,6,5.069759330435683e-05,65.89515699771015,0.03669467026102268,5.069759330435683e-05,65.89515699771015,0.03669467026102268,4209.0,3.5231659310271595,True,1,1,True,True,True,False,False,0.0
S09,7,0.21125026210509162,74.21975510518301,70.5221455146828,0.21125026210509162,74.21975510518301,70.5221455146828,4209.0,3.5231659310271595,True,1,1,True,True,True,False,False,0.0
S09,8,0.00029676415557058607,110.83538663464955,306.9014996661175,0.00029676415557058607,110.83538663464955,306.9014996661175,4209.0,3.5231659310271595,True,1,1,True,True,True,False,False,0.0
S10,1,0.3,5.0,45.0,0.2962740504957004,5.884221983290938,96.57309553426848,677.3136539780344,1.0000000000010016,True,2,8,False,False,False,True,True,23.32962647694137
S10,2,0.034628306909802765,16.17115357186615,753.7178718098891,0.2962740920430152,5.884221504861722,96.57311310617966,677.3136539777548,1.000000000000589,True,2,12,False,False,False,True,True,23.329625931820573
S10,3,0.08392963408455124,90.89494496991101,0.07391089673462414,0.08392963408455124,90.89494496991101,0.07391089673462414,15632.0,23.079410710540042,True,1,1,True,True,True,False,False,0.0
S10,4,0.0011229442604131059,46.04618661711877,442.7167293552449,0.2962741590310648,5.884220733164993,96.5731414379298,677.3136539773561,1.0000000000000004,True,2,14,False,False,False,True,True,23.329625052752903
S10,5,0.016476247754472543,94.85825423324964,2.2908667453654292,0.016476247754472543,94.85825423324964,2.2908667453654292,15632.0,23.079410710540042,True,1,1,True,True,True,False,False,0.0
S10,6,5.069759330435683e-05,65.89515699771015,0.03669467026102268,1.2927840365062663e-06,88.52341320276116,218.59214864478912,15632.0,23.079410710540042,True,1,3,False,True,False,False,False,0.0
S10,7,0.21125026210509162,74.21975510518301,70.5221455146828,0.21125026210509162,74.21975510518301,70.5221455146828,15632.0,23.079410710540042,True,1,1,True,True,True,False,False,0.0
S10,8,0.00029676415557058607,110.83538663464955,306.9014996661175,0.00029676415557058607,110.83538663464955,306.9014996661175,15632.0,23.079410710540042,True,1,1,True,True,True,False,False,0.0
S11,1,0.3,5.0,45.0,4.999999999999999,17.19952997279936,696.7341130898608,1894.8824336444693,0.9999999999999994,True,4,15,False,False,False,True,True,31.538766499000758
S11,2,0.034628306909802765,16.17115357186615,753.7178718098891,4.999999999928287,17.1995299727733,696.7341131083047,1894.882433645897,1.0000000000007527,True,4,12,False,False,False,True,True,31.53876649773153
S11,3,0.08392963408455124,90.89494496991101,0.07391089673462414,0.08392963408455124,90.89494496991101,0.07391089673462414,25333.0,13.369167157920433,True,1,1,True,True,True,False,False,0.0
S11,4,0.0011229442604131059,46.04618661711877,442.7167293552449,4.9999999999996865,17.199529972817196,696.7341130566266,1894.8824336444754,1.0000000000000027,True,2,16,False,False,False,True,True,31.538766500467148
S11,5,0.016476247754472543,94.85825423324964,2.2908667453654292,0.016476247754472543,94.85825423324964,2.2908667453654292,25333.0,13.369167157920433,True,1,1,True,True,True,False,False,0.0
S11,6,5.069759330435683e-05,65.89515699771015,0.03669467026102268,5.069759330435683e-05,65.89515699771015,0.03669467026102268,25333.0,13.369167157920433,True,1,1,True,True,True,False,False,0.0
S11,7,0.21125026210509162,74.21975510518301,70.5221455146828,0.21125026210509162,74.21975510518301,70.5221455146828,25333.0,13.369167157920433,True,1,1,True,True,True,False,False,0.0
S11,8,0.00029676415557058607,110.83538663464955,306.9014996661175,0.00029676415557058607,110.83538663464955,306.9014996661175,25333.0,13.369167157920433,True,1,1,True,True,True,False,False,0.0
S12,1,0.3,5.0,45.0,4.9999999999999885,23.284885991048824,205.49593864800931,21766.683425652,1.0000000000000004,True,2,14,False,False,False,True,True,49.19740105956217
S12,2,0.034628306909802765,16.17115357186615,753.7178718098891,4.999999999999999,23.28488599101463,205.4959386623255,21766.683425651998,1.0000000000000002,True,4,12,False,False,False,True,True,49.197401056470824
S12,3,0.08392963408455124,90.89494496991101,0.07391089673462414,0.08392963408455124,90.89494496991101,0.07391089673462414,74947.0,3.4431979615082335,True,1,1,True,True,True,False,False,0.0
S12,4,0.0011229442604131059,46.04618661711877,442.7167293552449,4.99999999998192,23.284885992642636,205.49593815222164,21766.683425654202,1.0000000000001015,True,2,14,False,False,False,True,True,49.19740116609262
S12,5,0.016476247754472543,94.85825423324964,2.2908667453654292,0.016476247754472543,94.85825423324964,2.2908667453654292,74947.0,3.4431979615082335,True,1,1,True,True,True,False,False,0.0
S12,6,5.069759330435683e-05,65.89515699771015,0.03669467026102268,5.069759330435683e-05,65.89515699771015,0.03669467026102268,74947.0,3.4431979615082335,True,1,1,True,True,True,False,False,0.0
S12,7,0.21125026210509162,74.21975510518301,70.5221455146828,0.21125026210509162,74.21975510518301,70.5221455146828,74947.0,3.4431979615082335,True,1,1,True,True,True,False,False,0.0
S12,8,0.00029676415557058607,110.83538663464955,306.9014996661175,0.00029676415557058607,110.83538663464955,306.9014996661175,74947.0,3.4431979615082335,True,1,1,True,True,True,False,False,0.0
S13,1,0.3,5.0,45.0,0.04121393813386546,16.93420518012493,8.303456407825099,516.3025419336523,1.0013950707761896,True,2,12,False,False,False,False,True,14.453978285243267
S13,2,0.034628306909802765,16.17115357186615,753.7178718098891,0.04068859566991659,17.304968915376794,7.792605659385994,515.5832668977904,1.000000000217856,True,2,19,False,False,False,True,True,14.663813394797273
S13,3,0.08392963408455124,90.89494496991101,0.07391089673462414,0.08392963408455124,90.89494496991101,0.07391089673462414,4021.0,7.798934253762594,True,1,1,True,True,True,False,False,0.0
S13,4,0.0011229442604131059,46.04618661711877,442.7167293552449,0.0406883393414034,17.305087123808104,7.792361008688038,515.5832667854675,1.0,True,2,20,False,False,False,True,True,14.663920591472333
S13,5,0.016476247754472543,94.85825423324964,2.2908667453654292,0.016476247754472543,94.85825423324964,2.2908667453654292,4021.0,7.798934253762594,True,1,1,True,True,True,False,False,0.0
S13,6,5.069759330435683e-05,65.89515699771015,0.03669467026102268,5.069759330435683e-05,65.89515699771015,0.03669467026102268,4021.0,7.798934253762594,True,1,1,True,True,True,False,False,0.0
S13,7,0.21125026210509162,74.21975510518301,70.5221455146828,0.21125026210509162,74.21975510518301,70.5221455146828,4021.0,7.798934253762594,True,1,1,True,True,True,False,False,0.0
S13,8,0.00029676415557058607,110.83538663464955,306.9014996661175,0.00029676415557058607,110.83538663464955,306.9014996661175,4021.0,7.798934253762594,True,1,1,True,True,True,False,False,0.0
S14,1,0.3,5.0,45.0,0.07604520134622526,11.89220254912893,22.911087960430972,466.482721852372,1.0000000000000002,True,2,10,False,False,False,True,True,20.872260065749515
S14,2,0.034628306909802765,16.17115357186615,753.7178718098891,0.07604517678937386,11.892205077335499,22.911072113207194,466.48272185257844,1.0000000000004428,True,2,13,False,False,False,True,True,20.87226018176969
S14,3,0.08392963408455124,90.89494496991101,0.07391089673462414,0.08392963408455124,90.89494496991101,0.07391089673462414,10313.0,22.107999968461343,True,1,1,True,True,True,False,False,0.0
S14,4,0.0011229442604131059,46.04618661711877,442.7167293552449,0.07604522537127782,11.892200063237746,22.91110345992233,466.4827218524988,1.000000000000272,True,2,14,False,False,False,True,True,20.87225995580505
S14,5,0.016476247754472543,94.85825423324964,2.2908667453654292,0.016476247754472543,94.85825423324964,2.2908667453654292,10313.0,22.107999968461343,True,1,1,True,True,True,False,False,0.0
S14,6,5.069759330435683e-05,65.89515699771015,0.03669467026102268,5.069759330435683e-05,65.89515699771015,0.03669467026102268,10313.0,22.107999968461343,True,1,1,True,True,True,False,False,0.0
S14,7,0.21125026210509162,74.21975510518301,70.5221455146828,0.21125026210509162,74.21975510518301,70.5221455146828,10313.0,22.107999968461343,True,1,1,True,True,True,False,False,0.0
S14,8,0.00029676415557058607,110.83538663464955,306.9014996661175,0.00029676415557058607,110.83538663464955,306.9014996661175,10313.0,22.107999968461343,True,1,1,True,True,True,False,False,0.0
S15,1,0.3,5.0,45.0,0.04657866422094043,17.781953952617318,6.461523940973855,960.7735675534452,0.9999999999999999,True,2,12,False,False,False,True,True,20.847335785448934
S15,2,0.034628306909802765,16.17115357186615,753.7178718098891,0.04657869382136141,17.781944374739723,6.461545359716997,960.7735675712316,1.0000000000185125,True,2,18,False,False,False,True,True,20.847326473844504
S15,3,0.08392963408455124,90.89494496991101,0.07391089673462414,0.08392963408455124,90.89494496991101,0.07391089673462414,5551.0,5.777636050224927,True,1,1,True,True,True,False,False,0.0
S15,4,0.0011229442604131059,46.04618661711877,442.7167293552449,0.046578676445015336,17.78194999705541,6.46153278627777,960.7735675600401,1.000000000006864,True,2,21,False,False,False,True,True,20.847331940180737
S15,5,0.016476247754472543,94.85825423324964,2.2908667453654292,0.016476247754472543,94.85825423324964,2.2908667453654292,5551.0,5.777636050224927,True,1,1,True,True,True,False,False,0.0
S15,6,5.069759330435683e-05,65.89515699771015,0.03669467026102268,5.069759330435683e-05,65.89515699771015,0.03669467026102268,5551.0,5.777636050224927,True,1,1,True,True,True,False,False,0.0
S15,7,0.21125026210509162,74.21975510518301,70.5221455146828,0.21125026210509162,74.21975510518301,70.5221455146828,5551.0,5.777636050224927,True,1,1,True,True,True,False,False,0.0
S15,8,0.00029676415557058607,110.83538663464955,306.9014996661175,0.00029676415557058607,110.83538663464955,306.9014996661175,5551.0,5.777636050224927,True,1,1,True,True,True,False,False,0.0
S16,1,0.3,5.0,45.0,0.05566435542768899,14.891370885536883,14.189005715755028,326.57379562712094,1.0000000000000002,True,2,13,False,False,False,True,True,15.447344807834526
S16,2,0.034628306909802765,16.17115357186615,753.7178718098891,0.055664543478622604,14.891333998628706,14.189141752944114,326.5737956585782,1.0000000000963254,True,2,13,False,False,False,True,True,15.447352370592114
S16,3,0.08392963408455124,90.89494496991101,0.07391089673462414,0.08392963408455124,90.89494496991101,0.07391089673462414,5764.0,17.649915814376254,True,1,1,True,True,True,False,False,0.0
S16,4,0.0011229442604131059,46.04618661711877,442.7167293552449,0.05566434080439583,14.891373753319748,14.188995136638919,326.5737956279295,1.000000000002476,True,2,16,False,False,False,True,True,15.44734421978825
S16,5,0.016476247754472543,94.85825423324964,2.2908667453654292,0.016476247754472543,94.85825423324964,2.2908667453654292,5764.0,17.649915814376254,True,1,1,True,True,True,False,False,0.0
S16,6,5.069759330435683e-05,65.89515699771015,0.03669467026102268,5.069759330435683e-05,65.89515699771015,0.03669467026102268,5764.0,17.649915814376254,True,1,1,True,True,True,False,False,0.0
S16,7,0.21125026210509162,74.21975510518301,70.5221455146828,0.21125026210509162,74.21975510518301,70.5221455146828,5764.0,17.649915814376254,True,1,1,True,True,True,False,False,0.0
S16,8,0.00029676415557058607,110.83538663464955,306.9014996661175,0.00029676415557058607,110.83538663464955,306.9014996661175,5764.0,17.649915814376254,True,1,1,True,True,True,False,False,0.0
S17,1,0.3,5.0,45.0,0.0226755941945285,15.935510611687922,7.217401653224426,216.98878061647483,1.0451246958422384,True,2,24,False,False,False,False,False,4.997720935025228
S17,2,0.034628306909802765,16.17115357186615,753.7178718098891,0.02141955168148873,18.87312038337329,4.605352290937705,207.6199916428243,1.0,True,2,29,False,False,False,True,True,5.189681402047995
S17,3,0.08392963408455124,90.89494496991101,0.07391089673462414,0.08392963408455124,90.89494496991101,0.07391089673462414,765.0,3.6846162739282615,True,1,1,True,True,True,False,False,0.0
S17,4,0.0011229442604131059,46.04618661711877,442.7167293552449,0.021752972106825447,17.846933104930184,5.384104104830809,211.08123223712556,1.016671037152606,True,2,42,False,False,False,False,False,5.097712953491168
S17,5,0.016476247754472543,94.85825423324964,2.2908667453654292,0.016476247754472543,94.85825423324964,2.2908667453654292,765.0,3.6846162739282615,True,1,1,True,True,True,False,False,0.0
S17,6,5.069759330435683e-05,65.89515699771015,0.03669467026102268,5.069759330435683e-05,65.89515699771015,0.03669467026102268,765.0,3.6846162739282615,True,1,1,True,True,True,False,False,0.0
S17,7,0.21125026210509162,74.21975510518301,70.5221455146828,0.21125026210509162,74.21975510518301,70.5221455146828,765.0,3.6846162739282615,True,1,1,True,True,True,False,False,0.0
S17,8,0.00029676415557058607,110.83538663464955,306.9014996661175,0.00029676415557058607,110.83538663464955,306.9014996661175,765.0,3.6846162739282615,True,1,1,True,True,True,False,False,0.0
S18,1,0.3,5.0,45.0,0.009172963462679214,22.836781351831394,1.3183722225144294,277.6717795563858,1.0,True,2,49,False,False,False,True,True,2.32359729955661
S18,2,0.034628306909802765,16.17115357186615,753.7178718098891,0.23070256616419302,15.000088485615489,703.3036663297374,307.0792055179467,1.1059071469507735,True,2,28,False,False,False,False,False,1.5524736307339708
S18,3,0.08392963408455124,90.89494496991101,0.07391089673462414,0.08392963408455124,90.89494496991101,0.07391089673462414,333.0,1.1992576290324055,True,1,1,True,True,True,False,False,0.0
S18,4,0.0011229442604131059,46.04618661711877,442.7167293552449,0.0011229442604131059,46.04618661711877,442.7167293552449,333.0,1.1992576290324055,True,1,1,True,True,True,False,False,0.0
S18,5,0.016476247754472543,94.85825423324964,2.2908667453654292,0.016476247754472543,94.85825423324964,2.2908667453654292,333.0,1.1992576290324055,True,1,1,True,True,True,False,False,0.0
S18,6,5.069759330435683e-05,65.89515699771015,0.03669467026102268,5.069759330435683e-05,65.89515699771015,0.03669467026102268,333.0,1.1992576290324055,True,1,1,True,True,True,False,False,0.0
S18,7,0.21125026210509162,74.21975510518301,70.5221455146828,0.21125026210509162,74.21975510518301,70.5221455146828,333.0,1.1992576290324055,True,1,1,True,True,True,False,False,0.0
S18,8,0.00029676415557058607,110.83538663464955,306.9014996661175,0.00029676415557058607,110.83538663464955,306.9014996661175,333.0,1.1992576290324055,True,1,1,True,True,True,False,False,0.0
S19,1,0.3,5.0,45.0,0.03624980416048844,9.651366873013673,8.994195351558067,222.70038005924658,1.0000000000000007,True,2,22,False,False,False,True,True,6.193704948315229
S19,2,0.034628306909802765,16.17115357186615,753.7178718098891,0.036249957912229853,9.651288804065441,8.994737042624452,222.70038106903624,1.0000000045342978,True,2,24,False,False,False,True,True,6.193664032777463
S19,3,0.08392963408455124,90.89494496991101,0.07391089673462414,0.08392963408455124,90.89494496991101,0.07391089673462414,1016.0,4.562183502918616,True,1,1,True,True,True,False,False,0.0
S19,4,0.0011229442604131059,46.04618661711877,442.7167293552449,0.0011093470803110828,46.94245513533214,459.16605373934976,1016.000000000021,4.562183502918711,True,2,2,False,False,False,False,False,4.5876573153691425e-06
S19,5,0.016476247754472543,94.85825423324964,2.2908667453654292,0.016476247754472543,94.85825423324964,2.2908667453654292,1016.0,4.562183502918616,True,1,1,True,True,True,False,False,0.0
S19,6,5.069759330435683e-05,65.89515699771015,0.03669467026102268,5.069759330435683e-05,65.89515699771015,0.03669467026102268,1016.0,4.562183502918616,True,1,1,True,True,True,False,False,0.0
S19,7,0.21125026210509162,74.21975510518301,70.5221455146828,0.21125026210509162,74.21975510518301,70.5221455146828,1016.0,4.562183502918616,True,1,1,True,True,True,False,False,0.0
S19,8,0.00029676415557058607,110.83538663464955,306.9014996661175,0.00029676415557058607,110.83538663464955,306.9014996661175,1016.0,4.562183502918616,True,1,1,True,True,True,False,False,0.0
S20,1,0.3,5.0,45.0,0.35808259527784925,10.549771486787298,54.65228700780056,69.54424541475998,1.0,True,2,8,False,False,False,True,True,10.326122144875882
S20,2,0.034628306909802765,16.17115357186615,753.7178718098891,0.5513308384801281,9.74807358956451,92.84616131430377,70.76656928564847,1.0175762043803709,True,2,12,False,False,False,False,False,10.369929016288609
S20,3,0.08392963408455124,90.89494496991101,0.07391089673462414,0.08392963408455124,90.89494496991101,0.07391089673462414,2171.0,31.217536218161765,True,1,1,True,True,True,False,False,0.0
S20,4,0.0011229442604131059,46.04618661711877,442.7167293552449,0.0011229442604131059,46.04618661711877,442.7167293552449,2171.0,31.217536218161765,True,1,1,True,True,True,False,False,0.0
S20,5,0.016476247754472543,94.85825423324964,2.2908667453654292,0.016476247754472543,94.85825423324964,2.2908667453654292,2171.0,31.217536218161765,True,1,1,True,True,True,False,False,0.0
S20,6,5.069759330435683e-05,65.89515699771015,0.03669467026102268,5.069759330435683e-05,65.89515699771015,0.03669467026102268,2171.0,31.217536218161765,True,1,1,True,True,True,False,False,0.0
S20,7,0.21125026210509162,74.21975510518301,70.5221455146828,0.21125026210509162,74.21975510518301,70.5221455146828,2171.0,31.217536218161765,True,1,1,True,True,True,False,False,0.0
S20,8,0.00029676415557058607,110.83538663464955,306.9014996661175,0.00029676415557058607,110.83538663464955,306.9014996661175,2171.0,31.217536218161765,True,1,1,True,True,True,False,False,0.0
S21,1,0.3,5.0,45.0,0.031196779315000457,10.819948781689499,13.555490135364284,184.8233492463519,1.0017850089948057,True,2,26,False,False,False,False,True,3.856389661161785
S21,2,0.034628306909802765,16.17115357186615,753.7178718098891,0.030231556788341437,11.477419237650942,12.275455669759742,184.49402575089863,0.9999999999999999,True,2,29,False,False,False,True,True,3.8284537687754607
S21,3,0.08392963408455124,90.89494496991101,0.07391089673462414,0.08392963408455124,90.89494496991101,0.07391089673462414,547.0,2.964865652281619,True,1,1,True,True,True,False,False,0.0
S21,4,0.0011229442604131059,46.04618661711877,442.7167293552449,0.0011229442604131059,46.04618661711877,442.7167293552449,547.0,2.964865652281619,True,1,1,True,True,True,False,False,0.0
S21,5,0.016476247754472543,94.85825423324964,2.2908667453654292,0.016476247754472543,94.85825423324964,2.2908667453654292,547.0,2.964865652281619,True,1,1,True,True,True,False,False,0.0
S21,6,5.069759330435683e-05,65.89515699771015,0.03669467026102268,5.069759330435683e-05,65.89515699771015,0.03669467026102268,547.0,2.964865652281619,True,1,1,True,True,True,False,False,0.0
S21,7,0.21125026210509162,74.21975510518301,70.5221455146828,0.21125026210509162,74.21975510518301,70.5221455146828,547.0,2.964865652281619,True,1,1,True,True,True,False,False,0.0
S21,8,0.00029676415557058607,110.83538663464955,306.9014996661175,0.00029676415557058607,110.83538663464955,306.9014996661175,547.0,2.964865652281619,True,1,1,True,True,True,False,False,0.0
S22,1,0.3,5.0,45.0,0.1659618523846773,12.99997986376657,769.5989812727994,326.6993089373812,1.1335557628380577,True,2,24,False,False,False,False,False,2.57278559164061
S22,2,0.034628306909802765,16.17115357186615,753.7178718098891,0.005988151267788708,22.380025958009973,2.1072583981024193,288.2075321283106,0.9999999999999998,True,2,47,False,False,False,True,True,2.808044537682804
S22,3,0.08392963408455124,90.89494496991101,0.07391089673462414,0.08392963408455124,90.89494496991101,0.07391089673462414,408.0,1.415646555060738,True,1,1,True,True,True,False,False,0.0
S22,4,0.0011229442604131059,46.04618661711877,442.7167293552449,0.0011229442604131059,46.04618661711877,442.7167293552449,408.0,1.415646555060738,True,1,1,True,True,True,False,False,0.0
S22,5,0.016476247754472543,94.85825423324964,2.2908667453654292,0.016476247754472543,94.85825423324964,2.2908667453654292,408.0,1.415646555060738,True,1,1,True,True,True,False,False,0.0
S22,6,5.069759330435683e-05,65.89515699771015,0.03669467026102268,5.069759330435683e-05,65.89515699771015,0.03669467026102268,408.0,1.415646555060738,True,1,1,True,True,True,False,False,0.0
S22,7,0.21125026210509162,74.21975510518301,70.5221455146828,0.21125026210509162,74.21975510518301,70.5221455146828,408.0,1.415646555060738,True,1,1,True,True,True,False,False,0.0
S22,8,0.00029676415557058607,110.83538663464955,306.9014996661175,0.00029676415557058607,110.83538663464955,306.9014996661175,408.0,1.415646555060738,True,1,1,True,True,True,False,False,0.0
S23,1,0.3,5.0,45.0,0.039140240513144145,12.600444293152291,11.666700564028938,180.3048025015401,0.9999999999999997,True,2,22,False,False,False,True,True,6.592588335833568
S23,2,0.034628306909802765,16.17115357186615,753.7178718098891,0.03913996266020755,12.600485295780103,11.666466585386399,180.30480268657664,1.0000000010262426,True,2,17,False,False,False,True,True,6.592621769286268
S23,3,0.08392963408455124,90.89494496991101,0.07391089673462414,0.08392963408455124,90.89494496991101,0.07391089673462414,851.0,4.719785542000362,True,1,1,True,True,True,False,False,0.0
S23,4,0.0011229442604131059,46.04618661711877,442.7167293552449,0.0011229442604131059,46.04618661711877,442.7167293552449,851.0,4.719785542000362,True,1,1,True,True,True,False,False,0.0
S23,5,0.016476247754472543,94.85825423324964,2.2908667453654292,0.016476247754472543,94.85825423324964,2.2908667453654292,851.0,4.719785542000362,True,1,1,True,True,True,False,False,0.0
S23,6,5.069759330435683e-05,65.89515699771015,0.03669467026102268,5.069759330435683e-05,65.89515699771015,0.03669467026102268,851.0,4.719785542000362,True,1,1,True,True,True,False,False,0.0
S23,7,0.21125026210509162,74.21975510518301,70.5221455146828,0.21125026210509162,74.21975510518301,70.5221455146828,851.0,4.719785542000362,True,1,1,True,True,True,False,False,0.0
S23,8,0.00029676415557058607,110.83538663464955,306.9014996661175,0.00029676415557058607,110.83538663464955,306.9014996661175,851.0,4.719785542000362,True,1,1,True,True,True,False,False,0.0
S24,1,0.3,5.0,45.0,0.019788498515693823,12.46902825116004,10.354229916205599,182.23150504005503,1.0000000000000007,True,2,31,False,False,False,True,True,5.936992203116773
S24,2,0.034628306909802765,16.17115357186615,753.7178718098891,0.46553723043296263,7.99999794990931,749.3637513732056,267.28752635065405,1.4667470714896615,True,2,27,False,False,False,False,False,5.984170400526722
S24,3,0.08392963408455124,90.89494496991101,0.07391089673462414,0.08392963408455124,90.89494496991101,0.07391089673462414,990.0,5.4326500776163575,True,1,1,True,True,True,False,False,0.0
S24,4,0.0011229442604131059,46.04618661711877,442.7167293552449,0.0011229442604131059,46.04618661711877,442.7167293552449,990.0,5.4326500776163575,True,1,1,False,False,True,False,False,0.0
S24,5,0.016476247754472543,94.85825423324964,2.2908667453654292,0.016476247754472543,94.85825423324964,2.2908667453654292,990.0,5.4326500776163575,True,1,1,True,True,True,False,False,0.0
S24,6,5.069759330435683e-05,65.89515699771015,0.03669467026102268,5.069759330435683e-05,65.89515699771015,0.03669467026102268,990.0,5.4326500776163575,True,1,1,True,True,True,False,False,0.0
S24,7,0.21125026210509162,74.21975510518301,70.5221455146828,0.21125026210509162,74.21975510518301,70.5221455146828,990.0,5.4326500776163575,True,1,1,True,True,True,False,False,0.0
S24,8,0.00029676415557058607,110.83538663464955,306.9014996661175,0.00029676415557058607,110.83538663464955,306.9014996661175,990.0,5.4326500776163575,True,1,1,True,True,True,False,False,0.0
S25,1,0.3,5.0,45.0,0.12250220262276244,9.9999961693312,318.1802043711408,407.54675688433207,0.9999999999999999,True,3,31,False,False,False,True,True,1.8626713254456035
S25,2,0.034628306909802765,16.17115357186615,753.7178718098891,0.2761233852370621,9.999959588121731,738.0285190868402,408.33404941639554,1.0019317845591074,True,2,22,False,False,False,False,True,1.8687882400641627
S25,3,0.08392963408455124,90.89494496991101,0.07391089673462414,0.08392963408455124,90.89494496991101,0.07391089673462414,464.0,1.1385196720671984,True,1,1,True,True,True,False,False,0.0
S25,4,0.0011229442604131059,46.04618661711877,442.7167293552449,0.0011229442604131059,46.04618661711877,442.7167293552449,464.0,1.1385196720671984,True,1,1,True,True,True,False,False,0.0
S25,5,0.016476247754472543,94.85825423324964,2.2908667453654292,0.016476247754472543,94.85825423324964,2.2908667453654292,464.0,1.1385196720671984,True,1,1,True,True,True,False,False,0.0
S25,6,5.069759330435683e-05,65.89515699771015,0.03669467026102268,5.069759330435683e-05,65.89515699771015,0.03669467026102268,464.0,1.1385196720671984,True,1,1,True,True,True,False,False,0.0
S25,7,0.21125026210509162,74.21975510518301,70.5221455146828,0.21125026210509162,74.21975510518301,70.5221455146828,464.0,1.1385196720671984,True,1,1,True,True,True,False,False,0.0
S25,8,0.00029676415557058607,110.83538663464955,306.9014996661175,0.00029676415557058607,110.83538663464955,306.9014996661175,464.0,1.1385196720671984,True,1,1,True,True,True,False,False,0.0
S26,1,0.3,5.0,45.0,0.03746188320192127,19.803275763541244,5.220748791090777,136.28422818065786,0.9999999999999993,True,2,21,False,False,False,True,True,7.032321592279629
S26,2,0.034628306909802765,16.17115357186615,753.7178718098891,0.03746146743205217,19.80338663024897,5.2203351204870065,136.2842282973607,1.0000000008563188,True,2,21,False,False,False,True,True,7.032417162723391
S26,3,0.08392963408455124,90.89494496991101,0.07391089673462414,0.08392963408455124,90.89494496991101,0.07391089673462414,1185.0,8.69506336734114,True,1,1,True,True,True,False,False,0.0
S26,4,0.0011229442604131059,46.04618661711877,442.7167293552449,0.03746151786544081,19.80337318385763,5.220385289948751,136.28422824920227,1.0000000005029512,True,2,24,False,False,False,True,True,7.032405573703812
S26,5,0.016476247754472543,94.85825423324964,2.2908667453654292,0.016476247754472543,94.85825423324964,2.2908667453654292,1185.0,8.69506336734114,True,1,1,True,True,True,False,False,0.0
S26,6,5.069759330435683e-05,65.89515699771015,0.03669467026102268,5.069759330435683e-05,65.89515699771015,0.03669467026102268,1185.0,8.69506336734114,True,1,1,True,True,True,False,False,0.0
S26,7,0.21125026210509162,74.21975510518301,70.5221455146828,0.21125026210509162,74.21975510518301,70.5221455146828,1185.0,8.69506336734114,True,1,1,True,True,True,False,False,0.0
S26,8,0.00029676415557058607,110.83538663464955,306.9014996661175,0.00029676415557058607,110.83538663464955,306.9014996661175,1185.0,8.69506336734114,True,1,1,True,True,True,False,False,0.0
S27,1,0.3,5.0,45.0,0.2048988302879495,7.999887300939687,403.11097493510476,444.28904578395714,1.0057584584539199,True,2,26,False,False,False,False,True,3.285359197707521
S27,2,0.034628306909802765,16.17115357186615,753.7178718098891,0.1180763910835505,7.999999062548078,223.5451260292426,441.7452739765479,1.0000000000000002,False,0,500,False,False,False,True,True,3.2956694338639636
S27,3,0.08392963408455124,90.89494496991101,0.07391089673462414,0.08392963408455124,90.89494496991101,0.07391089673462414,649.0,1.4691724806872646,True,1,1,True,True,True,False,False,0.0
S27,4,0.0011229442604131059,46.04618661711877,442.7167293552449,0.0004271282788131308,91.9114288289945,1284.4870601960697,649.0,1.4691724806872646,True,1,2,False,True,False,False,False,0.0
S27,5,0.016476247754472543,94.85825423324964,2.2908667453654292,0.016476247754472543,94.85825423324964,2.2908667453654292,649.0,1.4691724806872646,True,1,1,True,True,True,False,False,0.0
S27,6,5.069759330435683e-05,65.89515699771015,0.03669467026102268,5.069759330435683e-05,65.89515699771015,0.03669467026102268,649.0,1.4691724806872646,True,1,1,True,True,True,False,False,0.0
S27,7,0.21125026210509162,74.21975510518301,70.5221455146828,0.21125026210509162,74.21975510518301,70.5221455146828,649.0,1.4691724806872646,True,1,1,True,True,True,False,False,0.0
S27,8,0.00029676415557058607,110.83538663464955,306.9014996661175,0.00029676415557058607,110.83538663464955,306.9014996661175,649.0,1.4691724806872646,True,1,1,True,True,True,False,False,0.0
S28,1,0.3,5.0,45.0,0.04059680292181247,8.349998104320214,15.901643549520754,249.13168784142846,1.000000000000001,True,2,21,False,False,False,True,True,6.297135497701163
S28,2,0.034628306909802765,16.17115357186615,753.7178718098891,0.041383910977237245,7.950963660654253,16.788868933684572,249.59664622650746,1.0018663157188388,True,2,17,False,False,False,False,True,6.337696199434788
S28,3,0.08392963408455124,90.89494496991101,0.07391089673462414,0.08392963408455124,90.89494496991101,0.07391089673462414,1196.0,4.800673934185569,True,1,1,True,True,True,False,False,0.0
S28,4,0.0011229442604131059,46.04618661711877,442.7167293552449,0.000442345940786618,91.88509977509045,1266.1280482605507,1196.0,4.800673934185569,True,1,2,False,True,False,False,False,0.0
S28,5,0.016476247754472543,94.85825423324964,2.2908667453654292,0.016476247754472543,94.85825423324964,2.2908667453654292,1196.0,4.800673934185569,True,1,1,True,True,True,False,False,0.0
S28,6,5.069759330435683e-05,65.89515699771015,0.03669467026102268,5.069759330435683e-05,65.89515699771015,0.03669467026102268,1196.0,4.800673934185569,True,1,1,True,True,True,False,False,0.0
S28,7,0.21125026210509162,74.21975510518301,70.5221455146828,0.21125026210509162,74.21975510518301,70.5221455146828,1196.0,4.800673934185569,True,1,1,True,True,True,False,False,0.0
S28,8,0.00029676415557058607,110.83538663464955,306.9014996661175,0.00029676415557058607,110.83538663464955,306.9014996661175,1196.0,4.800673934185569,True,1,1,True,True,True,False,False,0.0
S29,1,0.3,5.0,45.0,0.03991719423334123,13.775644043880474,13.853501067282062,355.3695490216993,1.00000000001091,True,2,21,False,False,False,True,True,6.14341480210004
S29,2,0.034628306909802765,16.17115357186615,753.7178718098891,0.03992030147674821,13.775308496324474,13.856230674384605,355.36954901782224,1.0,True,2,30,False,False,False,True,True,6.143592954432563
S29,3,0.08392963408455124,90.89494496991101,0.07391089673462414,0.08392963408455124,90.89494496991101,0.07391089673462414,1150.0,3.2360679275373876,True,1,1,True,True,True,False,False,0.0
S29,4,0.0011229442604131059,46.04618661711877,442.7167293552449,0.03992097876045553,13.775241993243592,13.856791784658954,355.36954934828674,1.000000000929918,True,2,30,False,False,False,True,True,6.143635493955088
S29,5,0.016476247754472543,94.85825423324964,2.2908667453654292,0.016476247754472543,94.85825423324964,2.2908667453654292,1150.0,3.2360679275373876,True,1,1,True,True,True,False,False,0.0
S29,6,5.069759330435683e-05,65.89515699771015,0.03669467026102268,5.069759330435683e-05,65.89515699771015,0.03669467026102268,1150.0,3.2360679275373876,True,1,1,True,True,True,False,False,0.0
S29,7,0.21125026210509162,74.21975510518301,70.5221455146828,0.21125026210509162,74.21975510518301,70.5221455146828,1150.0,3.2360679275373876,True,1,1,True,True,True,False,False,0.0
S29,8,0.00029676415557058607,110.83538663464955,306.9014996661175,0.00029676415557058607,110.83538663464955,306.9014996661175,1150.0,3.2360679275373876,True,1,1,True,True,True,False,False,0.0
S30,1,0.3,5.0,45.0,0.030243635193899877,9.74469372988064,11.512974710031134,116.66512245599466,0.9999999999999997,True,2,23,False,False,False,True,True,4.769329400054573
S30,2,0.034628306909802765,16.17115357186615,753.7178718098891,0.030243604333168125,9.744699807961725,11.512935665814659,116.66512248164736,1.0000000002198828,True,2,25,False,False,False,True,True,4.769327922729985
S30,3,0.08392963408455124,90.89494496991101,0.07391089673462414,0.08392963408455124,90.89494496991101,0.07391089673462414,640.0,5.485786896091449,True,1,1,True,True,True,False,False,0.0
S30,4,0.0011229442604131059,46.04618661711877,442.7167293552449,0.000442345940786618,91.88509977509045,1266.1280482605507,640.0,5.485786896091449,True,1,2,False,True,False,False,False,0.0
S30,5,0.016476247754472543,94.85825423324964,2.2908667453654292,0.016476247754472543,94.85825423324964,2.2908667453654292,640.0,5.485786896091449,True,1,1,True,True,True,False,False,0.0
S30,6,5.069759330435683e-05,65.89515699771015,0.03669467026102268,5.069759330435683e-05,65.89515699771015,0.03669467026102268,640.0,5.485786896091449,True,1,1,True,True,True,False,False,0.0
S30,7,0.21125026210509162,74.21975510518301,70.5221455146828,0.21125026210509162,74.21975510518301,70.5221455146828,640.0,5.485786896091449,True,1,1,True,True,True,False,False,0.0
S30,8,0.00029676415557058607,110.83538663464955,306.9014996661175,0.00029676415557058607,110.83538663464955,306.9014996661175,640.0,5.485786896091449,True,1,1,True,True,True,False,False,0.0
S31,1,0.3,5.0,45.0,0.10908162366248861,17.99989974363051,211.93783037977863,610.9078111948944,1.1339997415534329,True,2,37,False,False,False,False,False,3.4688510560454517
S31,2,0.034628306909802765,16.17115357186615,753.7178718098891,0.012348224332741265,23.753218950748597,2.1569845374003687,538.7195330027414,1.0000000000000007,True,2,44,False,False,False,True,True,3.844053759375754
S31,3,0.08392963408455124,90.89494496991101,0.07391089673462414,0.08392963408455124,90.89494496991101,0.07391089673462414,748.0,1.388477592098362,True,1,1,True,True,True,False,False,0.0
S31,4,0.0011229442604131059,46.04618661711877,442.7167293552449,0.00042719413047467847,91.9089329552977,1284.407409418851,748.0,1.388477592098362,True,1,2,False,True,False,False,False,0.0
S31,5,0.016476247754472543,94.85825423324964,2.2908667453654292,0.016476247754472543,94.85825423324964,2.2908667453654292,748.0,1.388477592098362,True,1,1,True,True,True,False,False,0.0
S31,6,5.069759330435683e-05,65.89515699771015,0.03669467026102268,5.069759330435683e-05,65.89515699771015,0.03669467026102268,748.0,1.388477592098362,True,1,1,True,True,True,False,False,0.0
S31,7,0.21125026210509162,74.21975510518301,70.5221455146828,0.21125026210509162,74.21975510518301,70.5221455146828,748.0,1.388477592098362,True,1,1,True,True,True,False,False,0.0
S31,8,0.00029676415557058607,110.83538663464955,306.9014996661175,0.00029676415557058607,110.83538663464955,306.9014996661175,748.0,1.388477592098362,True,1,1,True,True,True,False,False,0.0
S32,1,0.3,5.0,45.0,0.017266646412972222,11.792425604124011,7.901902245413566,194.9712210949057,0.9999999999999992,True,2,32,False,False,False,True,True,5.647774222526863
S32,2,0.034628306909802765,16.17115357186615,753.7178718098891,0.017266839802790975,11.79237863429854,7.902120854627182,194.97122131103427,1.0000000011085146,True,2,25,False,False,False,True,True,5.647803336008138
S32,3,0.08392963408455124,90.89494496991101,0.07391089673462414,0.08392963408455124,90.89494496991101,0.07391089673462414,963.0,4.93919048458563,True,1,1,True,True,True,False,False,0.0
S32,4,0.0011229442604131059,46.04618661711877,442.7167293552449,0.0011229442604131059,46.04618661711877,442.7167293552449,963.0,4.93919048458563,True,1,1,False,False,True,False,False,0.0
S32,5,0.016476247754472543,94.85825423324964,2.2908667453654292,0.016476247754472543,94.85825423324964,2.2908667453654292,963.0,4.93919048458563,True,1,1,True,True,True,False,False,0.0
S32,6,5.069759330435683e-05,65.89515699771015,0.03669467026102268,5.069759330435683e-05,65.89515699771015,0.03669467026102268,963.0,4.93919048458563,True,1,1,True,True,True,False,False,0.0
S32,7,0.21125026210509162,74.21975510518301,70.5221455146828,0.21125026210509162,74.21975510518301,70.5221455146828,963.0,4.93919048458563,True,1,1,True,True,True,False,False,0.0
S32,8,0.00029676415557058607,110.83538663464955,306.9014996661175,0.00029676415557058607,110.83538663464955,306.9014996661175,963.0,4.93919048458563,True,1,1,True,True,True,False,False,0.0
S33,1,0.3,5.0,45.0,0.028051749629269637,17.812005949303092,4.353840248199862,4378.6281619716165,1.00000000033073,True,2,37,False,False,False,True,True,16.599064477241512
S33,2,0.034628306909802765,16.17115357186615,753.7178718098891,0.028051705515723196,17.812044738240868,4.353759930235186,4378.628160523473,1.0,True,2,33,False,False,False,True,True,16.599130253078272
S33,3,0.08392963408455124,90.89494496991101,0.07391089673462414,0.08392963408455124,90.89494496991101,0.07391089673462414,9104.0,2.0791900262459375,True,1,1,True,True,True,False,False,0.0
S33,4,0.0011229442604131059,46.04618661711877,442.7167293552449,0.0003671989536183579,83.54894626737003,1356.3528802060782,9104.0,2.0791900262459375,True,1,2,False,True,False,False,False,0.0
S33,5,0.016476247754472543,94.85825423324964,2.2908667453654292,0.016476247754472543,94.85825423324964,2.2908667453654292,9104.0,2.0791900262459375,True,1,1,True,True,True,False,False,0.0
S33,6,5.069759330435683e-05,65.89515699771015,0.03669467026102268,0.01157475763127905,79.99981114928153,81.5625643705681,9103.839228647475,2.0791533089576384,True,3,27,False,False,False,False,False,0.0042304920337130625
S33,7,0.21125026210509162,74.21975510518301,70.5221455146828,0.5467721041950016,79.99975970360654,195.3480843176326,9100.82442665581,2.078464782350413,True,3,39,False,False,False,False,False,0.083732043634825
S33,8,0.00029676415557058607,110.83538663464955,306.9014996661175,0.00029676415557058607,110.83538663464955,306.9014996661175,9104.0,2.0791900262459375,True,1,1,True,True,True,False,False,0.0
S34,1,0.3,5.0,45.0,2.0864915158491035,4.656500553204458,320.18061399538635,1709.3677204848684,1.0000000000119582,True,2,10,False,False,False,True,True,75.49978171822431
S34,2,0.034628306909802765,16.17115357186615,753.7178718098891,2.08649897378408,4.65649799684315,320.18189012204306,1709.3677204644298,1.0000000000000013,True,2,9,False,False,False,True,True,75.49975891952323
S34,3,0.08392963408455124,90.89494496991101,0.07391089673462414,0.08392963408455124,90.89494496991101,0.07391089673462414,196835.0,115.1507646034879,True,1,1,True,True,True,False,False,0.0
S34,4,0.0011229442604131059,46.04618661711877,442.7167293552449,2.08649415361438,4.6564996506688825,320.18106534802484,1709.3677204739088,1.0000000000055467,True,2,15,False,False,False,True,True,75.4997736535428
S34,5,0.016476247754472543,94.85825423324964,2.2908667453654292,0.016476247754472543,94.85825423324964,2.2908667453654292,196835.0,115.1507646034879,True,1,1,True,True,True,False,False,0.0
S34,6,5.069759330435683e-05,65.89515699771015,0.03669467026102268,2.0864937809087527,4.656499778263335,320.1810015734047,1709.3677204752096,1.0000000000063076,True,2,28,False,False,False,True,True,75.49977479311994
S34,7,0.21125026210509162,74.21975510518301,70.5221455146828,2.086493901527526,4.656499736969672,320.1810222135694,1709.3677204747748,1.0000000000060534,True,2,18,False,False,False,True,True,75.49977442414053
S34,8,0.00029676415557058607,110.83538663464955,306.9014996661175,0.00029676415557058607,110.83538663464955,306.9014996661175,196835.0,115.1507646034879,True,1,1,True,True,True,False,False,0.0
