segment,segment_id,filename,activity,activity_code,samples,duration_s,sampling_median_s,max_gap_s,K,L,tau,K_over_tau,L_over_T,effective_horizon_over_tau,RMSE,MAE,bias,residual_sd,SSE,R2_centered,HR0_RMSE,skill_HR0,normalized_RMSE,HR_range,predicted_range,amplitude_ratio,corr_residual_HR,corr_residual_time,residual_slope_bpm_per_s,ACF1,ACF5,ACF10,durbin_watson,RMSE_initial20,RMSE_final20,bias_initial20,bias_final20,HR_initial20_slope,predicted_plateau_initial_s,predicted_plateau_final_s,observed_plateau_initial_s,observed_plateau_final_s,observed_range_during_initial_plateau,observed_range_during_final_plateau,initial_plateau_mismatch,final_plateau_mismatch,observed_flat,predicted_flat,attenuated,residual_tracks_HR,optimizer_success,optimizer_status,rank,jacobian_condition,cov_corr_K_tau,cov_corr_K_L,cov_corr_L_tau,initial_dead_starts,terminal_dead_starts,informative_terminal_starts,matching_starts,equivalent_sse_starts,all_informative_starts_agree,warnings,K_SE,K_CI_low,K_CI_high,K_RSE_pct,K_bound,L_SE,L_CI_low,L_CI_high,L_RSE_pct,L_bound,tau_SE,tau_CI_low,tau_CI_high,tau_RSE_pct,tau_bound
S01,0e3a9cba9997e3916f669e91,250715165154__laps_011-012.csv,250715165154,A1,61,60.0,1.0,1.0,4.999999999999999,12.500149725924782,584.7885915610885,0.008550098398213513,0.20833582876541304,0.08122567874875045,5.470942223599856,4.337997946014322,2.1943538734828643,5.053179219405358,1825.8037376520322,0.767680375476066,21.12763709410799,0.9329463536063743,0.4819954611030419,30.0,36.70066284264729,1.223355428088243,-0.1414287636073206,0.025683277166997753,0.007310464977146946,0.9196098389958538,0.4083017406685531,-0.22133581828622562,0.04769084038999171,2.3696802770383636,8.008789544985314,2.076923076923077,5.380000754542106,0.23626373626373712,13.0,0.0,3.0,2.0,4.0,0.0,True,False,False,False,False,False,True,4,3,9560.671425736238,0.9999204122260051,-0.8529730309854489,-0.8530960250894319,5,5,3,3,3,True,at_bounds;autocorrelated_residuals;multistart_disagreement,13.989505217266355,-22.419430225842056,32.419430225842056,279.79010434532717,True,1.0067957320942789,10.526830091019995,14.473469360829569,8.054269382119696,False,1687.2258470281797,-2722.1740686141434,3891.7512517363207,288.5189402420016,False
S02,179080a78614b252b95ad22a,250715165154__laps_013-014.csv,250715165154,A1,64,63.0,1.0,1.0,4.999996786702583,49.86437581366835,476.11321794021507,0.010501697071830563,0.7914980287883866,0.02758928694137005,7.438579736211391,5.748713220913862,5.007945113181988,5.543749620799484,3541.277983486383,-0.5646978601084491,7.523920188306094,0.022556449493131847,1.2508788351029243,19.0,5.496900906344592,0.2893105740181364,0.9859849928360103,0.22927539509007666,0.06826608791126575,0.976119828418453,0.7693694577612001,0.3458247781519354,0.01328447543209158,1.5191090506254998,1.7602006766359,-1.3846153846153846,0.5775759418190183,-0.11538461538460194,51.0,0.0,5.0,3.0,16.0,0.0,True,False,False,False,True,True,True,2,3,98325.22027204545,0.9999963844450779,0.22973992020282183,0.2276379766331872,5,6,2,2,2,True,at_bounds;autocorrelated_residuals;multistart_disagreement,2631.867994839344,-5153.461273098412,5163.461266671817,52637.39372470714,True,5.201723693608172,39.66899737419634,60.05975425314037,10.431743321215555,False,252578.63657744206,-494578.01447384624,495530.24090972665,53050.12065620872,False
S03,bc317e16d25d9597d28527e6,250715165154__laps_015-016.csv,250715165154,A1,62,61.0,1.0,1.0,4.999999999974588,25.410074856568734,317.2102041535378,0.015762418530377607,0.41655860420604485,0.11219665911568481,7.262752554208755,5.2095679511599835,4.494531570468329,5.751548841712996,3270.3496291472798,-0.5563889021633242,11.196917778653887,0.579268026611697,1.247553166066811,18.0,28.70651708188791,1.5948065045493283,0.29810185075898304,-0.23449495286498906,-0.07475544229032996,0.9414478958163709,0.6055934761316415,0.18463478647958564,0.04487535252838468,1.8397324220155997,4.71916802241213,1.0769230769230769,0.45171136321163463,0.3406593406593467,26.0,0.0,9.0,1.0,13.0,0.0,True,False,False,False,False,False,True,2,3,2578.1972981314416,0.9996067532015055,-0.7636269857318602,-0.7659998595602309,5,5,3,3,3,True,at_bounds;autocorrelated_residuals;multistart_disagreement,19.95419092918269,-34.11021422122348,44.11021422117266,399.0838185856821,True,0.8264593647752572,23.79021450160923,27.029935211528237,3.2524869345735516,False,1314.9233362615778,-2260.039534919155,2894.4599432262303,414.5274392324156,False
S04,5c5b733bc86530e6f9096b1a,250715165154__laps_017-018.csv,250715165154,A1,62,61.0,1.0,1.0,0.28532811041555817,14.681330122236433,90.75703198980693,0.003143867799110088,0.2406775429874825,0.5103590197062162,2.398991627577902,1.9018886147607388,-0.647877894627979,2.3287079858890865,356.8199714097101,0.9229150598537176,12.188704448342008,0.96126153822498,0.2776417478447404,23.0,20.31652863645752,0.8833273320198921,0.5674182115869172,0.37479987228187245,0.048377004155422725,0.913676776505059,0.15681253903535,-0.3844364154616118,0.15624393083796542,3.1008683647302115,0.9463799324046447,-2.8461538461538463,0.19921421083518218,-0.24725274725274313,16.0,0.0,1.0,1.0,4.0,0.0,True,False,False,False,False,False,True,2,3,4279.778228593938,0.9958565859401525,-0.7293489779072572,-0.7356046525196669,5,5,3,3,3,True,autocorrelated_residuals;multistart_disagreement,0.08211352970790116,0.12438559218807191,0.44627062864304445,28.77863298793421,False,0.6408822265728764,13.425200958153596,15.937459286319271,4.365287213330843,False,31.910953772374548,28.21156259595282,153.30250138366105,35.160860897212366,False
S05,b86074ef6406f07a17a16510,250715165154__laps_019-020.csv,250715165154,A1,63,62.0,1.0,1.0,0.1715536091717868,10.000003466651306,290.0125537432707,0.0005915385625811636,0.16129037849437589,0.17930257108587416,5.5335829147759155,4.86500301979296,-2.2759455327703284,5.0843823867856015,1929.0940121060946,0.3131482476592107,6.740072064048828,0.3259629587330207,0.8287651973513303,19.0,5.747765973661416,0.3025139986137587,0.9689145143172857,0.19774673479839291,0.05485015864331515,0.9514633759059707,0.6821780291994518,0.2766974237334104,0.038471897236351214,6.627448749185234,6.490320930274977,-6.076923076923077,-5.634623484882273,-0.6153846153846111,12.0,0.0,0.0,2.0,8.0,0.0,True,False,False,False,True,True,True,3,3,65157.12589268317,0.9995862431334726,-0.7291092800264296,-0.7336028833497069,5,6,2,1,1,False,autocorrelated_residuals;multistart_disagreement,1.1271079152379881,-2.03757790469467,2.3806851230382433,657.0004097724043,False,7.089616796736497,-3.895645454952227,23.895652388254838,70.89614339014416,False,2063.2596312002665,-3753.9763234092516,4334.001430895793,711.4380410672624,False
S06,ad4396643f0227ce0bea97ac,250715165154__laps_021-023.csv,250715165154,A1,84,90.0,1.0,8.0,0.2583706278061698,54.70670297108263,43.51695179992422,0.005937240939900109,0.6078522552342515,0.8110241082873555,5.760578091953356,4.736407526083183,-1.9411521584212803,5.456244143913663,2787.477836093409,0.5846750928447075,9.189149916639526,0.6070100329771029,0.644457063857083,28.0,17.55513162378716,0.6269689865638272,0.7698129863894966,0.5906940594602328,0.12079037364472531,0.9463917639207305,0.6674289189656767,0.3794648416664187,0.05588371014624121,7.983535689483899,4.085192123494079,-7.2105263157894735,0.11137446906740192,-0.27017543859649107,55.0,0.0,0.0,0.0,18.0,0.0,True,False,False,False,False,False,True,2,3,833.1204177747501,0.9634219546270483,-0.10346013875352773,-0.1574859834078058,3,3,5,3,3,False,autocorrelated_residuals;recording_gaps;irregular_sampling;multistart_disagreement,0.08766411987494525,0.08654895285127712,0.4301923027610625,33.929599745645646,False,0.7078415530654439,53.319333527074356,56.0940724150909,1.2938845052307417,False,19.243200670176346,5.800278486378581,81.23362511346986,44.220010534400195,False
S07,3e22715c5aef1590a48f1073,250715165154__laps_024-025.csv,250715165154,A1,63,62.0,1.0,1.0,0.10409329304634542,11.88027037811208,36.172040873559475,0.0028777279504412496,0.19161726416309807,1.3855930827094616,2.3378052624942565,1.664052540974765,-0.9795509739117301,2.1397401112006817,344.3160070567879,0.9324736068044128,12.736648783028533,0.9663095883506079,0.2598584098996743,26.0,20.37525672366823,0.7836637201410858,0.7486553337269484,0.5933986588725579,0.06926884555992793,0.9355969218486447,0.46713222647115255,0.05984898332063364,0.10337412641150492,4.616025596516153,1.0413787533901255,-4.230769230769231,0.38876545709815846,-0.3241758241758254,14.0,0.0,0.0,2.0,6.0,0.0,True,False,False,False,False,False,True,2,3,2187.849959885214,0.9655606678442502,-0.7358163339934803,-0.764715638232144,5,5,3,3,3,True,autocorrelated_residuals;multistart_disagreement,0.009645445843950618,0.08518821919220221,0.12299836690048863,9.26615496702192,False,0.6636802624345033,10.579457063740453,13.181083692483707,5.5864070539779265,False,5.466169578749859,25.458348499209748,46.8857332479092,15.111587421503337,False
S08,27392b64bfefe0f1c44c5c40,250729173622__laps_002-003.csv,250729173622,A2,62,61.0,1.0,1.0,4.999999999999999,18.646521003089056,486.0487043362748,0.01028703493166958,0.3056806721817878,0.08713834358379138,13.133688857984636,9.615302672814467,7.3857214380423155,10.948900622403622,10694.614547137684,-0.3583968457247271,21.127111461571776,0.6135500994746808,1.1655028295653027,34.0,43.04125439991225,1.2659192470562426,0.35367090216475905,0.07890992025417957,0.04788799144947042,0.9144371390874116,0.41042813160343217,-0.09239637867937425,0.04662165338127873,3.305007855221667,17.33547417067683,2.0,11.058400946970533,0.6098901098901135,19.0,0.0,7.0,3.0,12.0,0.0,True,False,False,False,False,False,True,2,3,5387.7765684688065,0.9998271039154448,-0.8528832184965199,-0.8535768746697531,5,5,3,3,3,True,at_bounds;autocorrelated_residuals;multistart_disagreement,28.113812814346847,-50.103073116119816,60.103073116119816,562.276256286937,True,1.6989969968137413,15.316486889334122,21.97655511684399,9.111603159282522,False,2809.409554745485,-5020.394022964876,5992.491431637425,578.0098845406619,False
S09,b4f68fe02d640f0521cf8013,250729173622__laps_004-005.csv,250729173622,A2,61,60.0,1.0,1.0,0.030753594737173456,8.770404384868676e-15,0.9735660688144956,0.031588605768298694,1.4617340641447794e-16,61.62909937181928,4.4254556879975935,3.546509423719177,-3.1381569620843255,3.146252703860229,1194.6641408322455,-0.1703364905050262,8.306623862918075,0.716164376138692,1.0818209142482993,12.0,18.530624743312075,1.5442187286093396,-0.24306875335582026,0.35599447118354066,0.06309089898266837,0.8725192056885444,0.2986203068800324,0.1139539433801127,0.10812714052496555,5.377017240086972,2.265655002657823,-3.4887466970832643,-2.0058289948031485,-0.2527472527472493,1.0,0.0,4.0,0.0,0.0,0.0,False,False,False,False,False,False,True,2,3,1035.140585346663,0.22108695579172988,-0.16008959491235591,-0.935371860326478,5,6,2,2,2,True,at_bounds;autocorrelated_residuals;multistart_disagreement,0.0026309370297305603,0.025596958158901558,0.03591023131544535,8.554892695358344,False,2.010527624725874,-3.9406341444627038,3.9406341444627215,,True,1.7634540077630632,-2.4828037864011083,4.429935924030099,181.13347047010467,False
S10,3eeaafe7dbea9da718f1c67a,250729173622__laps_006-007.csv,250729173622,A2,74,73.0,1.0,1.0,0.2962741590310648,5.884220733164993,96.5731414379298,0.0030678732680710016,0.0806057634680136,0.6949735533867059,3.0253738968779076,2.4295514632957356,0.0540798902471211,3.0455384638107392,677.3136539773559,0.861200068693993,14.534209412391279,0.9566713373863002,0.3725586280117627,27.0,23.329625052752903,0.8640601871389963,0.3460797575293563,-0.13078202267473613,-0.018520651943113916,0.8830838649459941,0.14459707514889128,-0.4340405004072133,0.1873973899725534,2.0779476426558396,4.546180109267485,1.5551718145350415,-0.7129095887086863,0.6857142857142849,8.0,0.0,6.0,1.0,3.0,0.0,True,False,False,False,False,False,True,2,3,2125.01331469685,0.9807439067703205,-0.6512262699079423,-0.6614433891393439,4,5,3,3,3,True,autocorrelated_residuals;multistart_disagreement,0.038321003685951587,0.2211649918065997,0.3713833262555299,12.934305108240496,False,0.6545606523561253,4.601281854546987,7.167159611782998,11.123998946315046,False,15.895305726842242,65.41834221331901,127.7279406625406,16.459344171856092,False
S11,af60cd71712b0f50d535ae24,250729173622__laps_008-009.csv,250729173622,A2,62,61.0,1.0,1.0,4.999999999999999,17.19952997279936,696.7341130898608,0.007176338729599605,0.2819595077508092,0.06286540188617333,5.528346940767326,4.2094911386858085,1.9936931738174057,5.198429870804861,1894.8824336444704,0.7627939296879178,20.213776841390835,0.9252010250012052,0.48703805838156244,35.0,31.538766499000758,0.9011076142571645,-0.03383733971837664,0.07305636007166753,0.02105012714575184,0.9471592575424332,0.4144525667552639,-0.3351209011277486,0.05909509985384631,2.908872369413698,5.912272561705377,-1.5384615384615385,3.7741844080815516,0.41758241758242215,18.0,0.0,0.0,0.0,16.0,0.0,True,False,False,False,False,False,True,4,3,11252.997656008101,0.9999190965891148,-0.7816578708764743,-0.7820058893989602,5,5,3,3,3,True,at_bounds;autocorrelated_residuals;multistart_disagreement,14.591130784409943,-23.598616337443488,33.59861633744349,291.82261568819894,True,0.8565931702241136,15.520607359160099,18.878452586438623,4.980328948400304,False,2086.924535235373,-3393.6379759714696,4787.106202151192,299.5295473592253,False
S12,3ede49e966c35e8699f8108d,250729173622__laps_020-021.csv,250729173622,A2,61,60.0,1.0,1.0,4.999999999999999,23.28488599101463,205.4959386623255,0.024331381109268958,0.3880814331835772,0.17866588628457655,18.889967597387788,14.020702469789896,11.818262792863173,14.858629346690753,21766.683425651994,-0.8686688316310247,35.05195207491724,0.7095723187632328,1.3669926231077565,45.0,49.19740105647085,1.0932755790326856,-0.09268393008725918,-0.32869366638004677,-0.2751059261047193,0.9546307811709138,0.6291978665332015,0.18963879065694242,0.02456731355509605,9.876156212740943,14.448211782557566,8.153846153846153,4.090507442060216,1.4725274725274768,24.0,0.0,0.0,2.0,38.0,0.0,True,False,False,False,False,False,True,4,3,1619.788328116814,0.999627680277516,-0.8765929196039935,-0.8772252777707255,5,5,3,3,3,True,at_bounds;autocorrelated_residuals;multistart_disagreement,15.486981466865663,-25.3544836750567,35.3544836750567,309.7396293373133,True,1.6575984566352862,20.03599301600947,26.53377896601979,7.118774200891232,False,683.8628976826114,-1134.875340795593,1545.867218120244,332.7865758000925,False
S13,b2ec6405ffe5a44c560b3c57,250729173622__laps_022-023.csv,250729173622,A2,62,61.0,1.0,1.0,0.0406883393414034,17.305087123808104,7.792361008688038,0.005221567544937693,0.2836899528493132,5.607403561959534,2.8837231388781217,1.9461843362968247,-1.371449183251533,2.557435797397775,515.5832667854675,0.8311143850510152,8.053250195397968,0.8717773522045592,0.4109569502380812,21.0,14.663920591472333,0.6982819329272539,0.7716261903284471,0.5849320997552834,0.08291530422252115,0.9490792261420239,0.5058704013271305,0.04812693000371565,0.07378341567989119,5.449064845669181,1.4841464124100017,-4.923076923076923,-0.20830108449057042,-0.5219780219780175,18.0,0.0,1.0,2.0,7.0,0.0,True,False,False,False,False,False,True,2,3,981.4797450704012,0.6761859745691003,-0.5529250399394704,-0.8324359482629975,5,5,3,2,3,False,autocorrelated_residuals;equivalent_predictions_different_parameters;multistart_disagreement,0.002758314679219342,0.035282042570133496,0.04609463611267331,6.779128182340321,False,1.033325536262043,15.2797690727345,19.330405174881708,5.9712241196428755,False,1.7802388898314239,4.303092784618448,11.281629232757629,22.845949871246457,False
S14,b46e28750587e4ed8e1d1171,250729173622__laps_024-025.csv,250729173622,A2,61,60.0,1.0,1.0,0.07604520134622526,11.89220254912893,22.911087960430972,0.003319144052764346,0.1982033758188155,2.0997604973607777,2.7653675588038538,1.773537728986882,-1.2429300602463742,2.4908008706634384,466.4827218523719,0.9164853487485628,13.002521823496078,0.954767504911047,0.288989015797205,27.0,20.872260065749515,0.7730466691018338,0.7863891756622904,0.6137360931277767,0.08610939423047544,0.9492467626684581,0.5662432070931254,0.05203222103887051,0.07758335439760389,5.3923022056375025,0.8963771942283926,-4.769230769230769,0.312143995992067,-0.5659340659340613,15.0,0.0,1.0,1.0,7.0,0.0,True,False,False,False,False,False,True,2,3,1598.1619968836906,0.925521330836788,-0.6937160403038002,-0.7547753478822024,5,5,3,3,3,True,autocorrelated_residuals;multistart_disagreement,0.005740196463664939,0.06479441627744198,0.08729598641500855,7.548400638102685,False,0.7276760464161351,10.465957498153305,13.318447600104555,6.118934179013251,False,3.428848546301331,16.190544809680365,29.63163111118158,14.965891415646386,False
S15,8b23fd95d4771e4802050d49,250729173622__laps_026-027.csv,250729173622,A2,62,61.0,1.0,1.0,0.04657866422094043,17.781953952617318,6.461523940973855,0.007208618995524496,0.29150744184618554,6.688522157029884,3.9365400879154335,2.6082936239799794,-1.9660554248209137,3.4382620077697497,960.7735675534453,0.7951590221893543,9.462148702304152,0.8269188312820311,0.4525936122070723,27.0,20.847335785448934,0.7721235476092198,0.7693601601121206,0.6841554723910604,0.13038219166772014,0.9491817399324698,0.6255310642715676,0.21100160465248372,0.05869070651682397,7.385016014773532,1.4847872896786851,-6.6923076923076925,-0.19740551495507055,-0.7087912087912038,18.0,0.0,0.0,2.0,10.0,0.0,True,False,False,False,False,False,True,2,3,645.2769519446817,0.6279885399304543,-0.4999867453493542,-0.7960973235187383,5,5,3,3,3,True,autocorrelated_residuals;multistart_disagreement,0.003564927182697808,0.03959140694285273,0.053565921499028134,7.653562510483328,False,0.910422804315286,15.997525256159358,19.56638264907528,5.119925553407932,False,1.6200353557272,3.286254643748543,9.636793238199168,25.072032086025743,False
S16,bfd3899e037bd0f014bfa589,250729173622__laps_028-029.csv,250729173622,A2,63,62.0,1.0,1.0,0.05566435542768899,14.891370885536883,14.189005715755028,0.0039230624430492,0.24018340137962715,3.3200796488618765,2.2767764584386256,1.4151340755539672,-0.9157153220836838,2.10125200354108,326.5737956271209,0.9059390069833924,9.56514837794289,0.9433425059633725,0.30669364684748135,22.0,15.447344807834526,0.7021520367197511,0.6919129400691137,0.499684416750676,0.05728017122506753,0.9166186187636299,0.350949204318934,-0.12805405726926883,0.11955546605337544,4.616025596516153,1.1717922479365466,-4.076923076923077,-0.21571203601159866,-0.39010989010989394,16.0,0.0,2.0,0.0,7.0,0.0,True,False,False,False,False,False,True,2,3,995.7418990637226,0.7982704060720197,-0.6127309146352391,-0.7527574184579527,5,5,3,3,3,True,autocorrelated_residuals;multistart_disagreement,0.002925341205900355,0.04993068666412429,0.06139802419125368,5.2553221597985305,False,0.6084103014755885,13.69888669464473,16.083855076429035,4.085656761571238,False,1.6893711879437907,10.877838187385198,17.50017324412486,11.906198515854891,False
S17,b9fa287bb1c45cc14b7d0305,260407082440__laps_057-058.csv,260407082440,A3,52,51.0,1.0,1.0,0.02141955168148873,18.87312038337329,4.605352290937705,0.004651012632331641,0.3700611839877116,6.975987413567723,1.998172201532538,1.736163392868222,-0.8157110771217027,1.8418873230594037,207.6199916428243,0.6683692346666605,3.835562339675691,0.7286013181139552,0.5758739144407736,10.0,5.189681402047995,0.5189681402047995,0.841491458947193,0.21618736208362585,0.026275099997532983,0.929905400558385,0.42820424733294427,-0.09410434879238329,0.09422296125596478,2.412090756622109,2.4606180756284575,-2.1818181818181817,-2.051131715367492,-0.29090909090909195,19.0,0.0,2.0,5.0,3.0,0.0,True,False,False,False,False,False,True,2,3,1139.194151431252,0.5680380341197654,-0.3483757246602477,-0.6060001860318533,5,5,3,1,1,False,autocorrelated_residuals;multistart_disagreement,0.002269219300716018,0.016971881852085334,0.025867221510892123,10.594149375577873,False,0.9122569958111424,17.08509667158345,20.66114409516313,4.8336309909558794,False,2.044586305972962,0.5979631312307001,8.612741450644709,44.39587195090909,False
S18,301ca304954b94d24d3028c1,260407082440__laps_076-077.csv,260407082440,A3,47,46.0,1.0,1.0,0.009172963462679214,22.836781351831394,1.3183722225144294,0.0069577948518851,0.49645176851807377,17.56955907641257,2.4306193044833977,1.9477348277287334,-1.3909320178854772,2.014843079835329,277.6717795563858,0.10379249834156512,2.661786314296984,0.16615081214298566,0.9466823657692346,8.0,2.32359729955661,0.29044966244457626,0.9635569959533886,0.42840826658056647,0.06295353847126492,0.938871181349059,0.4990688108511964,0.0038564255062041573,0.06151401386020122,2.6076809620810595,2.07181949690107,-2.2,-1.1833329661750356,-0.47272727272726695,23.0,3.0,2.0,3.0,4.0,1.0,True,False,False,False,True,True,True,2,3,845.1053695854756,0.3402578745875285,-0.14704113094395557,-0.4295786683316468,6,6,2,1,1,False,autocorrelated_residuals;multistart_disagreement,0.0032945399870102318,0.002715665088139159,0.01563026183721927,35.9157648497596,False,1.150128141795341,20.582530193912525,25.091032509750264,5.036297033614619,False,2.5621797251386553,-3.703500038757335,6.3402444837861935,194.3441830298888,False
S19,0740f71b8bc225fe09d4da56,260424160919__laps_006-007.csv,260424160919,A4,49,48.0,1.0,1.0,0.03624980416048844,9.651366873013673,8.994195351558067,0.004030355439656853,0.20107014318778485,4.263709162192389,2.131878447635987,1.8317957908608151,-0.7823094524199977,2.0037048194704035,222.7003800592464,0.678178641532881,4.553536414431208,0.7808067125401118,0.5672930093585845,12.0,6.193704948315229,0.5161420790262691,0.8797607719941207,0.2961266520160126,0.04152587766373659,0.9520306129145675,0.5241870816493274,0.010402716436646028,0.07820305330147795,2.8635642126552705,1.8952782775575907,-2.4,-1.6852985633345696,-0.5212121212121161,11.0,0.0,2.0,2.0,4.0,0.0,True,False,False,False,False,False,True,2,3,1076.2209646581318,0.7239818747347487,-0.4406228201010376,-0.6005418049661619,5,5,3,2,2,False,autocorrelated_residuals;multistart_disagreement,0.004105421971702004,0.028203177095952513,0.044296431225024364,11.325363175828773,False,0.8042599893704485,8.075017293847594,11.227716452179752,8.333120064260033,False,3.007359805120509,3.0997701335218695,14.888620569594266,33.436674294599825,False
S20,19e001cb8986f779b5a7a3ea,260424160919__laps_010-011.csv,260424160919,A4,47,46.0,1.0,1.0,0.35808259527784925,10.549771486787298,54.65228700780056,0.006552014835659849,0.22934285840841953,0.6486504125280771,1.216414730286806,0.958056637640694,-0.4071123960385826,1.15865778581879,69.54424541475998,0.9340959042161925,6.796432105281574,0.9679667225173837,0.25671793039016105,14.0,10.326122144875882,0.7375801532054201,0.6376374680384466,0.44882291955987075,0.03792724404257063,0.776079028095811,0.02680604604772867,-0.021228691062125535,0.3701849905907061,2.04939015319192,0.8069669212538317,-1.8,-0.3092069330507655,-0.18181818181817708,12.0,0.0,2.0,1.0,4.0,0.0,True,False,False,False,False,False,True,2,3,1913.6674685599326,0.9947054610701287,-0.855882318867009,-0.8601874532196732,6,6,2,1,1,False,autocorrelated_residuals;multistart_disagreement,0.09556058403668864,0.1707838505659395,0.545381339989759,26.6867435884561,False,0.5268831333468722,9.51708054542743,11.582462428147167,4.994261098515253,False,18.78695297382092,17.82985917911156,91.47471483648957,34.37541958882608,False
S21,51bae7ee2dbb8a23d31be5a8,260424160919__laps_014-015.csv,260424160919,A4,47,46.0,1.0,1.0,0.030231556788341437,11.477419237650942,12.275455669759742,0.0024627645279853908,0.249509113861977,2.812325806152721,1.9812634360959196,1.6977742966125862,-0.7888423915989874,1.8371008987938917,184.49402575089866,0.58605980474068,3.411494961500079,0.6627165891208434,0.6433818425004859,9.0,3.8284537687754607,0.4253837520861623,0.9082815465739724,0.3579106640655994,0.047954428932604605,0.8963139435999932,0.3839772778940026,-0.08793428189018677,0.10741942811037786,2.345207879911715,2.5197477011490808,-2.1,-0.9978615385112846,-0.33333333333333054,13.0,0.0,2.0,1.0,3.0,0.0,True,False,False,False,False,False,True,2,3,2203.471215720254,0.8732085578611204,-0.5679885819265516,-0.6772017892281852,6,6,2,1,2,False,autocorrelated_residuals;equivalent_predictions_different_parameters;multistart_disagreement,0.006685731097795724,0.01712752383666182,0.04333558974002105,22.115073810469543,False,1.6775133077932474,8.189493154376176,14.765345320925707,14.615770959121821,False,7.07082825154462,-1.5833677032677134,26.1342790427872,57.60135054671264,False
S22,28aabaeddbc46de54319c4e5,260424160919__laps_022-023.csv,260424160919,A4,46,45.0,1.0,1.0,0.005988151267788708,22.380025958009973,2.1072583981024193,0.002841678682206711,0.4973339101779994,10.734314340547535,2.5030743363360477,1.9952030838778447,-1.268335153777206,2.1817858396897734,288.2075321283107,0.2911919120026579,2.978181528616297,0.29360898988159145,0.841907410584645,9.0,2.808044537682804,0.31200494863142264,0.9421787278885663,0.4985348576951017,0.08103458767644997,0.9444899203957833,0.549799218659149,0.04044891947540909,0.06400018752280374,3.7013511046643495,2.06096921251007,-3.3,-1.0932435597795434,-0.5515151515151472,23.0,0.0,1.0,3.0,6.0,0.0,True,False,False,False,True,True,True,2,3,3360.162377082003,0.47922348658335634,-0.27526604657207443,-0.7627544378326414,6,6,2,1,1,False,autocorrelated_residuals;multistart_disagreement,0.0016346189866365604,0.0027842980539810494,0.009192004481596365,27.297556683804167,False,2.739444164056544,17.010715396459148,27.7493365195608,12.240576347839655,False,4.193337609582942,-6.111683316680147,10.326200112884987,198.99494116901047,False
S23,2792539d5c3bcce12a8ba628,260424160919__laps_026-027.csv,260424160919,A4,46,45.0,1.0,1.0,0.039140240513144145,12.600444293152291,11.666700564028938,0.003354868010740098,0.28000987318116205,2.7770967060509655,1.979815551913536,1.485298214200272,-0.8207751070032275,1.8215738054577164,180.30480250154017,0.7173616999464697,4.301162633521313,0.7881259665081785,0.5316373764640051,11.0,6.592588335833568,0.5993262123485062,0.8474863502152944,0.3918497117136963,0.05317764276751004,0.8965636292688203,0.2695185159749259,-0.17885365667187494,0.10851944813593319,2.8809720581775866,2.244975628250136,-2.5,-0.7143727652774601,-0.47878787878787776,13.0,0.0,2.0,1.0,4.0,0.0,True,False,False,False,False,False,True,2,3,1282.3773996935854,0.831499547625403,-0.5034299668600888,-0.6328375618032032,6,6,2,2,2,True,autocorrelated_residuals;multistart_disagreement,0.005578737939439692,0.02820591415184235,0.05007456687444594,14.25320301127488,False,1.082108965825102,10.479510720135092,14.72137786616949,8.58786357567704,False,3.906348030617818,4.010258424018015,19.32314270403986,33.482885835451775,False
S24,76bfabcecd3b38597f4ac401,260424160919__laps_028-029.csv,260424160919,A4,48,47.0,1.0,1.0,0.019788498515693823,12.46902825116004,10.354229916205599,0.0019111511600416052,0.26529847342893703,3.3349628150322306,1.948458284986999,1.6396177963749075,-0.810996710259459,1.7904067834800512,182.2315050400549,0.7396382830717159,4.541475531146237,0.8159277726868133,0.5102565207111852,12.0,5.936992203116773,0.4947493502597311,0.8558747896853751,0.39013132097330017,0.049892411679902146,0.9048587072015224,0.40746736596618566,-0.08180697891861757,0.10242069440740843,2.6267851073127395,2.1371716866553814,-2.3,-1.0672779116250866,-0.4303030303030326,13.0,0.0,2.0,1.0,4.0,0.0,True,False,False,False,False,False,True,2,3,2874.0308493665884,0.834484494986869,-0.532387199873423,-0.6908176137953053,5,5,3,1,1,False,autocorrelated_residuals;multistart_disagreement,0.002558433644305042,0.01477396857285594,0.024803028458531703,12.92889221623361,False,1.2742036435430042,9.971589109815753,14.966467392504327,10.218949046205427,False,3.924022106276736,2.6631465879031957,18.045313244508,37.89776871899644,False
S25,66315c73f6af774675ce5911,260424160919__laps_035-036.csv,260424160919,A4,45,44.0,1.0,1.0,0.12250220262276244,9.9999961693312,318.1802043711408,0.0003850088752846168,0.22727264021207272,0.10685769687610594,3.00941765088025,2.393848616706165,-1.3084672788770977,2.7406985630292677,407.5467568843321,0.10451152051782475,3.2110918876779455,0.12166647223204285,0.9463025306328707,9.0,1.8626713254456035,0.20696348060506706,0.9834447598441338,0.4654582095207709,0.09712866442194831,0.9425998412337739,0.5330049056835007,0.019518946291245225,0.05878108967808997,4.255715111601235,2.645254436986044,-3.6666666666666665,-1.4662751371192289,-0.8166666666666714,12.0,7.0,1.0,2.0,6.0,6.0,True,True,False,False,True,True,True,3,3,284414.1100053834,0.9999326908537773,-0.7539481659052857,-0.7582529011977621,6,6,2,1,2,False,autocorrelated_residuals;equivalent_predictions_different_parameters;multistart_disagreement,5.297156126512836,-10.259923805342396,10.50492821058792,4324.13133241782,False,15.342752885000634,-20.07179948527004,40.07179182393244,153.42758762303365,False,14454.108133985837,-28011.8717382411,28648.23214698338,4542.742739936726,False
S26,0a1ac3e4f02d355c0d7992ea,260424160919__laps_062-063.csv,260424160919,A4,52,51.0,1.0,1.0,0.03746188320192127,19.803275763541244,5.220748791090777,0.007175576665525467,0.3882995247753185,5.9755267845286975,1.618904117585637,1.1975165474919245,-0.7135113112817171,1.4673646634435056,136.28422818065795,0.8386838481847849,4.773726169195458,0.8849922125057739,0.4016418203016402,12.0,7.032321592279629,0.5860267993566358,0.7590066102326976,0.4308289902199363,0.04171516750070601,0.9004029859875544,0.42649732226395914,-0.16124803039379057,0.13293917765192387,2.335496832484569,1.201847221869521,-1.8181818181818181,-0.47725022335078454,-0.4545454545454521,21.0,0.0,4.0,3.0,5.0,0.0,True,False,False,False,False,False,True,2,3,765.8184946962944,0.5897812550044378,-0.22973735589239433,-0.5655283065217217,5,5,3,3,3,True,autocorrelated_residuals;multistart_disagreement,0.0024185140587464865,0.03272159564677816,0.04220217075706439,6.455932943121371,False,0.6726099018305873,18.48496035595329,21.121591171129197,3.396457787397445,False,1.4192974552659567,2.438925778769502,8.002571803412053,27.18570672636063,False
S27,f4a9c8abd5b86bc533ba4e0c,260424160919__laps_066-067.csv,260424160919,A4,49,48.0,1.0,1.0,0.1180763910835505,7.999999062548078,223.5451260292426,0.0005281993536647477,0.1666666471364183,0.17893479338135695,3.0025338754110287,2.541269119593355,-1.0302143568487214,2.8494865566183725,441.74527397654776,0.2981349408284423,3.639354057959142,0.3193447242271992,0.8377738711439727,11.0,3.2956694338639636,0.2996063121694512,0.9558188423161643,0.33254717077904616,0.06631739379551797,0.911869862130005,0.5195482721269362,0.04112203975328424,0.07214492665038617,3.701351107139253,3.6400121322781485,-3.3000000018320974,-2.1653154266031747,-0.5515151515151423,10.0,3.0,0.0,1.0,5.0,4.0,True,False,False,False,True,True,False,0,3,132720.91871030963,0.9998407386740585,-0.7933116686029317,-0.7987756509910992,5,6,2,1,2,False,optimizer_not_converged;autocorrelated_residuals;equivalent_predictions_different_parameters;multistart_disagreement,1.6390004810879375,-3.094364551848807,3.3305173340159078,1388.0848373221245,False,9.530255235928845,-10.679301199872459,26.679299324968614,119.1282044087311,False,3368.6072803361376,-6378.925143429587,6826.0153954880725,1506.9025839084857,False
S28,30d723fb944bd3ab7ea9b615,260424160919__laps_068-069.csv,260424160919,A4,50,49.0,1.0,1.0,0.04059680292181247,8.349998104320214,15.901643549520754,0.002552994147767573,0.17040812457796356,2.5563396493631565,2.23218138976844,1.893275286360805,-0.487609843615287,2.2003873493041155,249.13168784142817,0.642422080833867,4.890807704254994,0.7916959131760634,0.5979781928851027,11.0,6.297135497701163,0.5724668634273784,0.8022746663248944,0.12058600713734655,0.01820189426310831,0.9328001132679001,0.4647035003996263,-0.18696619130415307,0.08174320251330688,1.378404875209022,2.661659776733997,-1.1,-2.2770657835142005,-0.22424242424242016,11.0,0.0,4.0,2.0,2.0,0.0,False,False,False,False,False,False,True,2,3,1999.4102292923053,0.8860882949663309,-0.5801587713139001,-0.6781093976339215,5,6,2,1,2,False,autocorrelated_residuals;equivalent_predictions_different_parameters;multistart_disagreement,0.006565247593355309,0.027728917638836063,0.05346468820478888,16.171834038260762,False,1.277104181821714,5.8468739079496554,10.853122300690773,15.294664332449988,False,6.009561281315226,4.122903438142911,27.6803836608986,37.792076413990195,False
S29,c762be06adcac09c8409a276,260424160919__laps_070-071.csv,260424160919,A4,50,49.0,1.0,1.0,0.03992030147674821,13.775308496324474,13.856230674384605,0.002881036150079912,0.2811287448229485,2.5421553907004335,2.665969050899962,2.1672964216581305,-1.249465839248246,2.3789523712340532,355.36954901782224,0.6348742920661863,4.795831523312719,0.6909830008540676,0.6042563263498478,14.0,6.143592954432563,0.4388280681737545,0.9101002220738106,0.551144474311661,0.08994390471410721,0.9403853551731749,0.5608940713552487,0.0755084152733677,0.07761774740873843,4.110960958218893,2.11343395978193,-3.7,-1.1449652113717292,-0.575757575757573,15.0,0.0,0.0,2.0,6.0,0.0,True,False,False,False,False,False,True,2,3,2514.240949847817,0.9337631692498134,-0.5393491573039045,-0.638470173066383,5,5,3,3,3,True,autocorrelated_residuals;multistart_disagreement,0.011119749161852429,0.018125593119517447,0.06171500983397897,27.85487271014019,False,1.9364120966156733,9.979940786957755,17.570676205691193,14.057123273372401,False,9.710298855344305,-5.175955082090233,32.88841643085944,70.07893476611429,False
S30,30e06bcbd399cb3f59196dcc,260424160919__laps_074-075.csv,260424160919,A4,50,49.0,1.0,1.0,0.030243635193899877,9.74469372988064,11.512974710031134,0.0026269175391785506,0.19887130060980895,3.4096579953325725,1.5275151223866472,1.2507962834109037,-0.6604792810124809,1.3913250065862304,116.6651224559947,0.7348519944181939,3.5777087639996634,0.8177107461625083,0.5149252427118,9.0,4.769329400054573,0.5299254888949526,0.894368719382756,0.44005810377175386,0.04200095320078462,0.9172252369104864,0.46885594265031233,0.08350474067881254,0.12909013979570547,2.1447610589527217,1.3475154063189858,-1.8,-0.9814088749264102,-0.3878787878787861,12.0,0.0,3.0,4.0,3.0,0.0,True,False,False,False,False,False,True,2,3,1971.0561941335757,0.8384487961858548,-0.5381955842921498,-0.6476584784960461,5,6,2,2,2,True,autocorrelated_residuals;multistart_disagreement,0.003822207782268406,0.022752107940653802,0.037735162447145955,12.638056760581952,False,0.9747310629033836,7.834220846590007,11.655166613171271,10.00268546064734,False,4.054996218309959,3.5651821221436153,19.460767297918654,35.22109898128138,False
S31,d8cc9b80bc56c20a87939ada,260424160919__laps_076-077.csv,260424160919,A4,50,49.0,1.0,1.0,0.012348224332741265,23.753218950748597,2.1569845374003687,0.005724762564883074,0.48475957042344076,11.704664827907953,3.282436695513688,2.5263345706602847,-1.9332960706329965,2.6796201686611765,538.7195330027411,0.2643659424804169,3.867815921162743,0.27978672058457077,0.8576911201123533,11.0,3.844053759375754,0.3494594326705231,0.9546618392985066,0.5222630981814955,0.09600262574429876,0.9464475343537043,0.6309119341237545,0.14947179216294293,0.046697998441430605,3.9370039370059056,2.252624366964585,-3.3,-1.3580867032900215,-0.7333333333333256,25.0,0.0,1.0,1.0,6.0,0.0,True,False,False,False,True,True,True,2,3,1277.3190647501801,0.419945547576021,-0.17092510449133966,-0.6151173468544405,5,6,2,1,1,False,autocorrelated_residuals;multistart_disagreement,0.0032082202737066003,0.006060112596276328,0.0186363360692062,25.981227642585157,False,1.9192599351125892,19.99146947792792,27.51496842356927,8.079999342792664,False,3.4568535956698656,-4.618448510112568,8.932417584913305,160.26325343231804,False
S32,1c7a975eaa1b9b7e685b287e,260424160919__laps_084-085.csv,260424160919,A4,48,47.0,1.0,1.0,0.017266646412972222,11.792425604124011,7.901902245413566,0.0021851252871413532,0.25090267242817044,4.455582124710695,2.0154156989259575,1.7929832573850895,-0.7920400153398983,1.8728718792256245,194.97122109490584,0.7123522786981564,4.479118216792229,0.797537672798644,0.5363279978724247,11.0,5.647774222526863,0.5134340202297148,0.8604702348091159,0.34904721373275077,0.04669433650872324,0.9250124750689317,0.453345916063902,-0.07673395826172606,0.09904329877653252,2.449489742783178,2.2842071283420435,-2.2,-1.5068293935582489,-0.3272727272727353,12.0,0.0,2.0,2.0,3.0,0.0,True,False,False,False,False,False,True,2,3,2880.86184609488,0.7934719946549434,-0.504100372785519,-0.6822600162694483,5,5,3,2,2,False,autocorrelated_residuals;multistart_disagreement,0.002138397429476055,0.013075387451199155,0.02145790537474529,12.384555624359708,False,1.3023603392169305,9.239799339258827,14.345051868989195,11.04404117471365,False,3.621350693693979,0.8040548857733665,14.999749605053765,45.82884704497438,False
S33,5abf5e9550ce48a903709d69,260424160919__laps_086-087.csv,260424160919,A4,83,82.0,1.0,1.0,0.028051705515723196,17.812044738240868,4.353759930235186,0.006443098830717538,0.2172200577834252,14.743108552219082,7.263233174756626,4.992068839035434,-3.69394169776964,6.291763996514158,4378.628160523473,0.5160822024220139,10.473144083223136,0.5190434797316046,0.6956420038913594,34.0,16.599130253078272,0.4882097133258315,0.8542722661518685,-0.6872670302176662,-0.179394807327141,0.9405678099575138,0.6456249831080192,0.3497763182669004,0.01989453290751149,2.765331593774861,14.861484783002338,-2.1176470588235294,-14.252932311188887,0.039215686274508464,19.0,0.0,2.0,4.0,8.0,0.0,True,False,False,False,False,False,True,2,3,695.9582359441458,0.42919055992099303,-0.2940592505791755,-0.6335839663766585,3,4,4,2,2,False,autocorrelated_residuals;multistart_disagreement,0.0033441659781671394,0.021497140198515605,0.03460627083293079,11.921435494511051,False,1.1093701877432347,15.637679170264128,19.986410306217607,6.2282023431117715,False,1.9548820021893234,0.5221912059441123,8.18532865452626,44.90100587800951,False
S34,e921de16ed0a69aad9e613e7,260501094312__laps_016-017.csv,260501094312,A5,87,86.0,1.0,1.0,2.08649897378408,4.65649799684315,320.18189012204306,0.006516605211458941,0.05414532554468779,0.25405403776007235,4.43259572180054,3.41311948482346,1.2665958699453004,4.272405586964364,1709.3677204644275,0.9459800448969164,47.565441912882676,0.9913157328703511,0.23242193335200428,72.0,75.49975891952329,1.0486077627711567,-0.43875177907697216,-0.4783261315597805,-0.08090702692505708,0.9322088714589313,0.5517780711584452,-0.002214973306603598,0.1123925233773312,7.691197050821805,2.318572166047406,6.539306466889555,-2.1430177455170014,1.5108359133126956,5.0,0.0,0.0,8.0,9.0,0.0,True,False,False,False,False,False,True,2,3,2152.2066128324423,0.9968364269293698,-0.35691535066250346,-0.36359374917487675,3,3,5,5,5,True,autocorrelated_residuals;multistart_disagreement,0.26883935791748337,1.5595738322658124,2.6134241153023474,12.884710766471915,False,0.25376061709534253,4.159127187336279,5.1538688063500215,5.449602196057601,False,45.856126234775644,230.3038827018828,410.0598975422033,14.32189878612334,False
