filename,left_timestamp,right_timestamp,start_s,end_s,interval_s,missing_nominal_seconds,position_percent
001_250511145356.csv,2025-05-11T13:11:31+00:00,2025-05-11T13:12:44+00:00,1054.0,1127.0,73.0,72.0,14.000513544742585
001_250511145356.csv,2025-05-11T13:14:21+00:00,2025-05-11T13:14:46+00:00,1224.0,1249.0,25.0,24.0,15.874951855180383
001_250511145356.csv,2025-05-11T13:21:29+00:00,2025-05-11T13:21:48+00:00,1652.0,1671.0,19.0,18.0,21.331364745153422
001_250511145356.csv,2025-05-11T13:48:21+00:00,2025-05-11T13:50:50+00:00,3264.0,3413.0,149.0,148.0,42.8617280780588
001_250511145356.csv,2025-05-11T14:22:17+00:00,2025-05-11T14:22:28+00:00,5300.0,5311.0,11.0,10.0,68.11529079471049
001_250511145356.csv,2025-05-11T14:59:25+00:00,2025-05-11T14:59:33+00:00,7528.0,7536.0,8.0,7.0,96.70047502888688
004_250525093943.csv,2025-05-25T07:41:35+00:00,2025-05-25T07:41:49+00:00,111.0,125.0,14.0,13.0,3.2878239063806074
004_250525093943.csv,2025-05-25T07:58:22+00:00,2025-05-25T07:59:38+00:00,1118.0,1194.0,76.0,75.0,32.209529116745614
004_250525093943.csv,2025-05-25T08:00:49+00:00,2025-05-25T08:10:33+00:00,1265.0,1849.0,584.0,583.0,43.38255781554751
004_250525093943.csv,2025-05-25T08:18:00+00:00,2025-05-25T08:18:10+00:00,2296.0,2306.0,10.0,9.0,64.11256617442184
004_250525093943.csv,2025-05-25T08:31:51+00:00,2025-05-25T08:38:22+00:00,3127.0,3518.0,391.0,390.0,92.57453329618278
005_250525105224.csv,2025-05-25T08:52:25+00:00,2025-05-25T08:52:31+00:00,0.0,6.0,6.0,5.0,0.04818503051718599
006_250601090758.csv,2025-06-01T07:24:08+00:00,2025-06-01T07:24:33+00:00,970.0,995.0,25.0,24.0,59.437386569872956
006_250601090758.csv,2025-06-01T07:25:21+00:00,2025-06-01T07:26:13+00:00,1043.0,1095.0,52.0,51.0,64.67029643073201
006_250601090758.csv,2025-06-01T07:26:30+00:00,2025-06-01T07:27:05+00:00,1112.0,1147.0,35.0,34.0,68.33030852994555
006_250601090758.csv,2025-06-01T07:31:39+00:00,2025-06-01T07:34:22+00:00,1421.0,1584.0,163.0,162.0,90.89534180278282
009_250607081806.csv,2025-06-07T06:48:05+00:00,2025-06-07T06:48:56+00:00,1798.0,1849.0,51.0,50.0,49.822404371584696
009_250607081806.csv,2025-06-07T07:07:15+00:00,2025-06-07T07:07:20+00:00,2948.0,2953.0,5.0,4.0,80.61475409836065
010_250608073054.csv,2025-06-08T06:08:10+00:00,2025-06-08T06:08:15+00:00,2235.0,2240.0,5.0,4.0,27.026210895035632
012_250615095052.csv,2025-06-15T07:59:28+00:00,2025-06-15T08:03:06+00:00,516.0,734.0,218.0,217.0,43.675751222921036
012_250615095052.csv,2025-06-15T08:03:25+00:00,2025-06-15T08:04:25+00:00,753.0,813.0,60.0,59.0,54.716981132075475
012_250615095052.csv,2025-06-15T08:04:48+00:00,2025-06-15T08:07:30+00:00,836.0,998.0,162.0,161.0,64.08106219426975
012_250615095052.csv,2025-06-15T08:08:25+00:00,2025-06-15T08:09:35+00:00,1053.0,1123.0,70.0,69.0,76.03074772886093
012_250615095052.csv,2025-06-15T08:09:54+00:00,2025-06-15T08:10:13+00:00,1142.0,1161.0,19.0,18.0,80.46820405310972
012_250615095052.csv,2025-06-15T08:11:25+00:00,2025-06-15T08:14:36+00:00,1233.0,1424.0,191.0,190.0,92.83717679944095
015_250622100132.csv,2025-06-22T08:23:15+00:00,2025-06-22T08:24:18+00:00,1303.0,1366.0,63.0,62.0,84.03652392947103
015_250622100132.csv,2025-06-22T08:25:52+00:00,2025-06-22T08:25:59+00:00,1460.0,1467.0,7.0,6.0,92.15994962216625
018_250628080614.csv,2025-06-28T06:47:16+00:00,2025-06-28T06:47:26+00:00,2461.0,2471.0,10.0,9.0,73.69994022713688
019_250629080321.csv,2025-06-29T06:03:51+00:00,2025-06-29T06:12:31+00:00,30.0,550.0,520.0,519.0,18.261964735516372
019_250629080321.csv,2025-06-29T06:21:56+00:00,2025-06-29T06:22:33+00:00,1115.0,1152.0,37.0,36.0,71.37909319899245
019_250629080321.csv,2025-06-29T06:22:35+00:00,2025-06-29T06:22:38+00:00,1154.0,1157.0,3.0,2.0,72.76448362720403
020_250629084934.csv,2025-06-29T09:48:26+00:00,2025-06-29T09:48:52+00:00,10731.0,10757.0,26.0,25.0,75.57149890975593
021_250701180337.csv,2025-07-01T16:36:19+00:00,2025-07-01T16:36:58+00:00,1961.0,2000.0,39.0,38.0,40.44312844598734
021_250701180337.csv,2025-07-01T16:48:42+00:00,2025-07-01T16:48:54+00:00,2704.0,2716.0,12.0,11.0,55.34000408413314
021_250701180337.csv,2025-07-01T17:25:04+00:00,2025-07-01T17:25:10+00:00,4886.0,4892.0,6.0,5.0,99.83663467429038
022_250706152531.csv,2025-07-06T13:39:27+00:00,2025-07-06T13:39:46+00:00,836.0,855.0,19.0,18.0,7.249421246677527
022_250706152531.csv,2025-07-06T13:47:34+00:00,2025-07-06T13:48:46+00:00,1323.0,1395.0,72.0,71.0,11.65223355911858
022_250706152531.csv,2025-07-06T16:08:57+00:00,2025-07-06T16:11:05+00:00,9806.0,9934.0,128.0,127.0,84.62659693046386
022_250706152531.csv,2025-07-06T16:16:53+00:00,2025-07-06T16:16:59+00:00,10282.0,10288.0,6.0,5.0,88.18485809825945
022_250706152531.csv,2025-07-06T16:30:28+00:00,2025-07-06T16:31:27+00:00,11097.0,11156.0,59.0,58.0,95.3999828517534
023_250708171459.csv,2025-07-08T15:19:00+00:00,2025-07-08T15:19:05+00:00,240.0,245.0,5.0,4.0,4.822991249005569
023_250708171459.csv,2025-07-08T15:23:01+00:00,2025-07-08T15:23:11+00:00,481.0,491.0,10.0,9.0,9.665871121718377
024_250709173010.csv,2025-07-09T15:33:42+00:00,2025-07-09T15:33:50+00:00,211.0,219.0,8.0,7.0,4.568635784105397
024_250709173010.csv,2025-07-09T15:47:35+00:00,2025-07-09T15:47:52+00:00,1044.0,1061.0,17.0,16.0,22.365065873353167
024_250709173010.csv,2025-07-09T16:25:47+00:00,2025-07-09T16:25:54+00:00,3336.0,3343.0,7.0,6.0,70.96260093497662
025_250712072905.csv,2025-07-12T06:28:32+00:00,2025-07-12T06:28:49+00:00,3565.0,3582.0,17.0,16.0,20.202962460425148
025_250712072905.csv,2025-07-12T06:44:44+00:00,2025-07-12T06:45:00+00:00,4537.0,4553.0,16.0,15.0,25.69538670284939
025_250712072905.csv,2025-07-12T07:33:04+00:00,2025-07-12T07:33:51+00:00,7437.0,7484.0,47.0,46.0,42.17831298055179
025_250712072905.csv,2025-07-12T08:12:14+00:00,2025-07-12T08:12:31+00:00,9787.0,9804.0,17.0,16.0,55.37935323383085
025_250712072905.csv,2025-07-12T08:12:48+00:00,2025-07-12T08:13:26+00:00,9821.0,9859.0,38.0,37.0,55.63093622795115
025_250712072905.csv,2025-07-12T08:16:16+00:00,2025-07-12T08:16:38+00:00,10029.0,10051.0,22.0,21.0,56.76164631388512
025_250712072905.csv,2025-07-12T08:41:14+00:00,2025-07-12T08:41:33+00:00,11527.0,11546.0,19.0,18.0,65.22218453188603
025_250712072905.csv,2025-07-12T09:14:00+00:00,2025-07-12T09:15:16+00:00,13493.0,13569.0,76.0,75.0,76.4981908638625
025_250712072905.csv,2025-07-12T09:16:00+00:00,2025-07-12T09:16:33+00:00,13613.0,13646.0,33.0,32.0,77.05506558118499
025_250712072905.csv,2025-07-12T09:20:39+00:00,2025-07-12T09:25:34+00:00,13892.0,14187.0,295.0,294.0,79.37302125734962
025_250712072905.csv,2025-07-12T10:16:36+00:00,2025-07-12T10:17:02+00:00,17249.0,17275.0,26.0,25.0,97.59158751696066
026_250715165154.csv,2025-07-15T14:55:08+00:00,2025-07-15T14:56:07+00:00,193.0,252.0,59.0,58.0,3.942239546420978
026_250715165154.csv,2025-07-15T16:09:50+00:00,2025-07-15T16:09:58+00:00,4675.0,4683.0,8.0,7.0,82.90219702338767
026_250715165154.csv,2025-07-15T16:14:21+00:00,2025-07-15T16:14:39+00:00,4946.0,4964.0,18.0,17.0,87.79234585400425
026_250715165154.csv,2025-07-15T16:20:27+00:00,2025-07-15T16:21:44+00:00,5312.0,5389.0,77.0,76.0,94.79978738483345
027_250716153128.csv,2025-07-16T13:36:49+00:00,2025-07-16T13:36:57+00:00,321.0,329.0,8.0,7.0,6.919310197998723
028_250717102658.csv,2025-07-17T08:49:16+00:00,2025-07-17T08:49:29+00:00,1338.0,1351.0,13.0,12.0,26.461326510529425
028_250717102658.csv,2025-07-17T08:55:40+00:00,2025-07-17T08:56:40+00:00,1722.0,1782.0,60.0,59.0,34.4814012989569
028_250717102658.csv,2025-07-17T09:26:11+00:00,2025-07-17T09:27:16+00:00,3553.0,3618.0,65.0,64.0,70.56681755559929
029_250718101116.csv,2025-07-18T08:55:08+00:00,2025-07-18T08:55:13+00:00,2631.0,2636.0,5.0,4.0,38.95710059171598
029_250718101116.csv,2025-07-18T09:14:27+00:00,2025-07-18T09:14:31+00:00,3790.0,3794.0,4.0,3.0,56.094674556213015
029_250718101116.csv,2025-07-18T09:14:42+00:00,2025-07-18T09:15:35+00:00,3805.0,3858.0,53.0,52.0,56.678994082840234
029_250718101116.csv,2025-07-18T09:23:36+00:00,2025-07-18T09:24:17+00:00,4339.0,4380.0,41.0,40.0,64.4896449704142
029_250718101116.csv,2025-07-18T09:55:38+00:00,2025-07-18T09:55:45+00:00,6261.0,6268.0,7.0,6.0,92.67011834319527
030_250722170310.csv,2025-07-22T15:06:18+00:00,2025-07-22T15:08:38+00:00,187.0,327.0,140.0,139.0,4.787630402384501
030_250722170310.csv,2025-07-22T15:09:22+00:00,2025-07-22T15:09:36+00:00,371.0,385.0,14.0,13.0,7.041728763040238
030_250722170310.csv,2025-07-22T16:23:45+00:00,2025-07-22T16:24:01+00:00,4834.0,4850.0,16.0,15.0,90.20119225037257
031_250723173905.csv,2025-07-23T16:12:11+00:00,2025-07-23T16:14:18+00:00,1985.0,2112.0,127.0,126.0,38.25396825396825
032_250726080238.csv,2025-07-26T06:12:43+00:00,2025-07-26T06:13:56+00:00,604.0,677.0,73.0,72.0,3.7658748824082786
032_250726080238.csv,2025-07-26T06:14:16+00:00,2025-07-26T06:14:20+00:00,697.0,701.0,4.0,3.0,4.109830667920979
032_250726080238.csv,2025-07-26T08:27:33+00:00,2025-07-26T08:30:48+00:00,8694.0,8889.0,195.0,194.0,51.6903809971778
032_250726080238.csv,2025-07-26T08:33:23+00:00,2025-07-26T08:36:37+00:00,9044.0,9238.0,194.0,193.0,53.745296331138285
032_250726080238.csv,2025-07-26T08:37:54+00:00,2025-07-26T08:38:09+00:00,9315.0,9330.0,15.0,14.0,54.812441204139226
032_250726080238.csv,2025-07-26T08:38:27+00:00,2025-07-26T08:38:49+00:00,9348.0,9370.0,22.0,21.0,55.027046095954844
032_250726080238.csv,2025-07-26T09:10:54+00:00,2025-07-26T09:10:59+00:00,11295.0,11300.0,5.0,4.0,66.42462370649106
032_250726080238.csv,2025-07-26T09:28:09+00:00,2025-07-26T09:29:24+00:00,12330.0,12405.0,75.0,74.0,72.71578080903105
032_250726080238.csv,2025-07-26T09:29:29+00:00,2025-07-26T09:30:23+00:00,12410.0,12464.0,54.0,53.0,73.12441204139229
032_250726080238.csv,2025-07-26T09:38:41+00:00,2025-07-26T09:39:17+00:00,12962.0,12998.0,36.0,35.0,76.3170272812794
032_250726080238.csv,2025-07-26T10:07:56+00:00,2025-07-26T10:08:20+00:00,14717.0,14741.0,24.0,23.0,86.60042333019756
032_250726080238.csv,2025-07-26T10:09:55+00:00,2025-07-26T10:13:01+00:00,14836.0,15022.0,186.0,185.0,87.77634054562559
032_250726080238.csv,2025-07-26T10:41:22+00:00,2025-07-26T10:41:31+00:00,16723.0,16732.0,9.0,8.0,98.35077610536219
034_250731170346.csv,2025-07-31T15:28:57+00:00,2025-07-31T15:29:16+00:00,1510.0,1529.0,19.0,18.0,17.74494920004671
034_250731170346.csv,2025-07-31T15:36:45+00:00,2025-07-31T15:36:51+00:00,1978.0,1984.0,6.0,5.0,23.13441550858344
034_250731170346.csv,2025-07-31T16:35:21+00:00,2025-07-31T16:36:20+00:00,5494.0,5553.0,59.0,58.0,64.50426252481607
034_250731170346.csv,2025-07-31T16:38:54+00:00,2025-07-31T16:40:00+00:00,5707.0,5773.0,66.0,65.0,67.03258203900502
034_250731170346.csv,2025-07-31T16:48:10+00:00,2025-07-31T16:48:22+00:00,6263.0,6275.0,12.0,11.0,73.21032348476001
034_250731170346.csv,2025-07-31T17:21:27+00:00,2025-07-31T17:22:21+00:00,8260.0,8314.0,54.0,53.0,96.77683055004087
035_250815073628.csv,2025-08-15T05:40:18+00:00,2025-08-15T05:40:25+00:00,229.0,236.0,7.0,6.0,3.0843725126028123
035_250815073628.csv,2025-08-15T06:44:36+00:00,2025-08-15T06:44:54+00:00,4087.0,4105.0,18.0,17.0,54.3380206951446
035_250815073628.csv,2025-08-15T06:46:44+00:00,2025-08-15T06:48:32+00:00,4215.0,4323.0,108.0,107.0,56.63305916688777
035_250815073628.csv,2025-08-15T07:31:27+00:00,2025-08-15T07:32:03+00:00,6898.0,6934.0,36.0,35.0,91.74847439639161
035_250815073628.csv,2025-08-15T07:32:08+00:00,2025-08-15T07:32:43+00:00,6939.0,6974.0,35.0,34.0,92.28575218890953
035_250815073628.csv,2025-08-15T07:35:28+00:00,2025-08-15T07:36:03+00:00,7139.0,7174.0,35.0,34.0,94.93897585566464
036_250823070906.csv,2025-08-23T05:39:09+00:00,2025-08-23T05:39:23+00:00,1802.0,1816.0,14.0,13.0,9.638233256966274
036_250823070906.csv,2025-08-23T06:03:56+00:00,2025-08-23T06:05:04+00:00,3289.0,3357.0,68.0,67.0,17.704725877777186
036_250823070906.csv,2025-08-23T06:41:27+00:00,2025-08-23T06:47:12+00:00,5540.0,5885.0,345.0,344.0,30.435825030635623
036_250823070906.csv,2025-08-23T06:50:02+00:00,2025-08-23T06:50:31+00:00,6055.0,6084.0,29.0,28.0,32.3378975971016
036_250823070906.csv,2025-08-23T06:51:41+00:00,2025-08-23T06:51:51+00:00,6154.0,6164.0,10.0,9.0,32.81474772230806
036_250823070906.csv,2025-08-23T07:15:10+00:00,2025-08-23T07:16:01+00:00,7563.0,7614.0,51.0,50.0,40.43102988971176
036_250823070906.csv,2025-08-23T07:51:49+00:00,2025-08-23T07:55:15+00:00,9762.0,9968.0,206.0,205.0,52.560072459907296
036_250823070906.csv,2025-08-23T08:09:01+00:00,2025-08-23T08:09:36+00:00,10794.0,10829.0,35.0,34.0,57.602962331504074
036_250823070906.csv,2025-08-23T08:28:12+00:00,2025-08-23T08:29:09+00:00,11945.0,12002.0,57.0,56.0,63.79402205764825
036_250823070906.csv,2025-08-23T09:10:05+00:00,2025-08-23T09:13:29+00:00,14458.0,14662.0,204.0,203.0,77.57472427939688
036_250823070906.csv,2025-08-23T09:13:45+00:00,2025-08-23T09:14:07+00:00,14678.0,14700.0,22.0,21.0,78.26202781181736
036_250823070906.csv,2025-08-23T09:24:57+00:00,2025-08-23T09:26:00+00:00,15350.0,15413.0,63.0,62.0,81.95162235601258
036_250823070906.csv,2025-08-23T09:50:20+00:00,2025-08-23T09:50:40+00:00,16873.0,16893.0,20.0,19.0,89.95151579732537
036_250823070906.csv,2025-08-23T10:09:52+00:00,2025-08-23T10:10:18+00:00,18045.0,18071.0,26.0,25.0,96.21183867014759
036_250823070906.csv,2025-08-23T10:12:48+00:00,2025-08-23T10:13:50+00:00,18221.0,18283.0,62.0,61.0,97.24545793595823
036_250823070906.csv,2025-08-23T10:19:37+00:00,2025-08-23T10:19:43+00:00,18630.0,18636.0,6.0,5.0,99.27540092706057
038_250831104855.csv,2025-08-31T10:24:38+00:00,2025-08-31T10:26:03+00:00,5742.0,5827.0,85.0,84.0,96.74694765010871
038_250831104855.csv,2025-08-31T10:27:45+00:00,2025-08-31T10:28:10+00:00,5929.0,5954.0,25.0,24.0,99.372804816859
038_250831104855.csv,2025-08-31T10:28:14+00:00,2025-08-31T10:28:22+00:00,5958.0,5966.0,8.0,7.0,99.71567151697609
039_250831123125.csv,2025-08-31T10:39:22+00:00,2025-08-31T10:40:37+00:00,477.0,552.0,75.0,74.0,50.342465753424655
039_250831123125.csv,2025-08-31T10:42:25+00:00,2025-08-31T10:48:23+00:00,660.0,1018.0,358.0,357.0,82.09393346379647
040_250906154316.csv,2025-09-06T13:50:42+00:00,2025-09-06T13:50:56+00:00,446.0,460.0,14.0,13.0,13.18393480791618
040_250906154316.csv,2025-09-06T13:54:01+00:00,2025-09-06T13:54:07+00:00,645.0,651.0,6.0,5.0,18.859138533178115
040_250906154316.csv,2025-09-06T13:57:29+00:00,2025-09-06T13:58:43+00:00,853.0,927.0,74.0,73.0,25.90221187427241
040_250906154316.csv,2025-09-06T14:18:49+00:00,2025-09-06T14:19:22+00:00,2133.0,2166.0,33.0,32.0,62.55820721769499
040_250906154316.csv,2025-09-06T14:24:57+00:00,2025-09-06T14:39:19+00:00,2501.0,3363.0,862.0,861.0,85.33178114086147
042_250907080204.csv,2025-09-07T06:03:24+00:00,2025-09-07T06:04:42+00:00,79.0,157.0,78.0,77.0,1.7922235722964763
042_250907080204.csv,2025-09-07T06:25:13+00:00,2025-09-07T06:25:22+00:00,1388.0,1397.0,9.0,8.0,21.149756986634266
042_250907080204.csv,2025-09-07T07:09:01+00:00,2025-09-07T07:10:30+00:00,4016.0,4105.0,89.0,88.0,61.672235722964764
042_250907080204.csv,2025-09-07T07:14:46+00:00,2025-09-07T07:14:56+00:00,4361.0,4371.0,10.0,9.0,66.31227217496962
042_250907080204.csv,2025-09-07T07:22:21+00:00,2025-09-07T07:22:30+00:00,4816.0,4825.0,9.0,8.0,73.21537059538275
043_250913140208.csv,2025-09-13T12:03:32+00:00,2025-09-13T12:03:47+00:00,84.0,99.0,15.0,14.0,2.9970520799213887
043_250913140208.csv,2025-09-13T12:03:49+00:00,2025-09-13T12:04:03+00:00,101.0,115.0,14.0,13.0,3.5375040943334426
043_250913140208.csv,2025-09-13T12:04:14+00:00,2025-09-13T12:05:21+00:00,126.0,193.0,67.0,66.0,5.224369472649853
043_250913140208.csv,2025-09-13T12:26:18+00:00,2025-09-13T12:28:30+00:00,1450.0,1582.0,132.0,131.0,49.65607599082869
043_250913140208.csv,2025-09-13T12:30:19+00:00,2025-09-13T12:32:07+00:00,1691.0,1799.0,108.0,107.0,57.156894857517194
043_250913140208.csv,2025-09-13T12:34:21+00:00,2025-09-13T12:34:44+00:00,1933.0,1956.0,23.0,22.0,63.691451031772026
043_250913140208.csv,2025-09-13T12:44:22+00:00,2025-09-13T12:44:36+00:00,2534.0,2548.0,14.0,13.0,83.22961021945628
044_250913145805.csv,2025-09-13T12:58:05+00:00,2025-09-13T12:58:09+00:00,0.0,4.0,4.0,3.0,0.03892565200467108
045_250914163102.csv,2025-09-14T14:57:32+00:00,2025-09-14T15:00:05+00:00,1589.0,1742.0,153.0,152.0,39.10542380840573
045_250914163102.csv,2025-09-14T15:00:55+00:00,2025-09-14T15:01:35+00:00,1792.0,1832.0,40.0,39.0,42.54519840338108
045_250914163102.csv,2025-09-14T15:27:28+00:00,2025-09-14T15:27:44+00:00,3385.0,3401.0,16.0,15.0,79.66658840103311
045_250914163102.csv,2025-09-14T15:34:59+00:00,2025-09-14T15:35:15+00:00,3836.0,3852.0,16.0,15.0,90.2559286217422
046_250920081438.csv,2025-09-20T07:39:12+00:00,2025-09-20T07:39:22+00:00,5073.0,5083.0,10.0,9.0,92.15970961887477
046_250920081438.csv,2025-09-20T07:41:19+00:00,2025-09-20T07:42:20+00:00,5200.0,5261.0,61.0,60.0,94.92740471869328
047_250921082448.csv,2025-09-21T06:48:43+00:00,2025-09-21T06:49:29+00:00,1434.0,1480.0,46.0,45.0,94.12144702842377
048_250921090114.csv,2025-09-21T07:01:15+00:00,2025-09-21T07:01:19+00:00,0.0,4.0,4.0,3.0,0.027052617340727714
049_251011081438.csv,2025-10-11T07:30:08+00:00,2025-10-11T07:30:46+00:00,4529.0,4567.0,38.0,37.0,32.787830725975056
049_251011081438.csv,2025-10-11T08:03:26+00:00,2025-10-11T08:07:00+00:00,6527.0,6741.0,214.0,213.0,47.826400403719994
049_251011081438.csv,2025-10-11T08:49:56+00:00,2025-10-11T08:50:51+00:00,9317.0,9372.0,55.0,54.0,67.36716891356066
049_251011081438.csv,2025-10-11T09:26:54+00:00,2025-10-11T09:28:01+00:00,11535.0,11602.0,67.0,66.0,83.40061999855814
049_251011081438.csv,2025-10-11T09:53:19+00:00,2025-10-11T09:53:44+00:00,13120.0,13145.0,25.0,24.0,94.67594261408695
049_251011081438.csv,2025-10-11T09:53:57+00:00,2025-10-11T09:54:13+00:00,13158.0,13174.0,16.0,15.0,94.91745368034027
049_251011081438.csv,2025-10-11T09:59:31+00:00,2025-10-11T10:01:45+00:00,13492.0,13626.0,134.0,133.0,97.75070290534208
050_251015170431.csv,2025-10-15T15:14:56+00:00,2025-10-15T15:15:09+00:00,624.0,637.0,13.0,12.0,12.655560016057809
050_251015170431.csv,2025-10-15T15:21:28+00:00,2025-10-15T15:22:03+00:00,1016.0,1051.0,35.0,34.0,20.74468085106383
050_251015170431.csv,2025-10-15T15:24:35+00:00,2025-10-15T15:24:48+00:00,1203.0,1216.0,13.0,12.0,24.27739863508631
050_251015170431.csv,2025-10-15T15:31:03+00:00,2025-10-15T15:31:15+00:00,1591.0,1603.0,12.0,11.0,32.05539943797672
050_251015170431.csv,2025-10-15T15:31:56+00:00,2025-10-15T15:32:09+00:00,1644.0,1657.0,13.0,12.0,33.129265355279
050_251015170431.csv,2025-10-15T16:06:39+00:00,2025-10-15T16:06:46+00:00,3727.0,3734.0,7.0,6.0,74.87956643918105
051_251018083143.csv,2025-10-18T07:45:14+00:00,2025-10-18T07:45:54+00:00,4409.0,4449.0,40.0,39.0,32.17113387085058
051_251018083143.csv,2025-10-18T07:46:14+00:00,2025-10-18T07:46:44+00:00,4469.0,4499.0,30.0,29.0,32.57063993607903
051_251018083143.csv,2025-10-18T09:42:27+00:00,2025-10-18T09:43:05+00:00,11442.0,11480.0,38.0,37.0,83.24980024696738
051_251018083143.csv,2025-10-18T10:14:00+00:00,2025-10-18T10:14:33+00:00,13335.0,13368.0,33.0,32.0,96.9819132708651
051_251018083143.csv,2025-10-18T10:14:54+00:00,2025-10-18T10:14:58+00:00,13389.0,13393.0,4.0,3.0,97.26883126316554
052_251025083018.csv,2025-10-25T06:49:16+00:00,2025-10-25T06:49:24+00:00,1137.0,1145.0,8.0,7.0,7.74136644277088
052_251025083018.csv,2025-10-25T07:22:58+00:00,2025-10-25T07:23:15+00:00,3159.0,3176.0,17.0,16.0,21.490603161679896
052_251025083018.csv,2025-10-25T08:16:05+00:00,2025-10-25T08:20:27+00:00,6346.0,6608.0,262.0,261.0,43.944636678200695
052_251025083018.csv,2025-10-25T08:34:11+00:00,2025-10-25T08:34:19+00:00,7432.0,7440.0,8.0,7.0,50.451183933781124
052_251025083018.csv,2025-10-25T08:45:28+00:00,2025-10-25T08:45:42+00:00,8109.0,8123.0,14.0,13.0,55.064794083723456
052_251025083018.csv,2025-10-25T09:11:06+00:00,2025-10-25T09:11:23+00:00,9647.0,9664.0,17.0,16.0,65.50987176877672
052_251025083018.csv,2025-10-25T09:42:37+00:00,2025-10-25T09:42:59+00:00,11538.0,11560.0,22.0,21.0,78.35674062012349
052_251025083018.csv,2025-10-25T10:00:39+00:00,2025-10-25T10:03:16+00:00,12620.0,12777.0,157.0,156.0,86.15577718976864
053_251220083114.csv,2025-12-20T08:47:22+00:00,2025-12-20T08:47:28+00:00,4567.0,4573.0,6.0,5.0,30.484957641251416
053_251220083114.csv,2025-12-20T10:29:43+00:00,2025-12-20T10:46:31+00:00,10708.0,11716.0,1008.0,1007.0,74.79154159162164
053_251220083114.csv,2025-12-20T11:34:55+00:00,2025-12-20T11:35:06+00:00,14620.0,14631.0,11.0,10.0,97.5618704556067
053_251220083114.csv,2025-12-20T11:38:48+00:00,2025-12-20T11:39:10+00:00,14853.0,14875.0,22.0,21.0,99.15282502835035
053_251220083114.csv,2025-12-20T11:39:12+00:00,2025-12-20T11:39:30+00:00,14877.0,14895.0,18.0,17.0,99.29957974784871
054_260105090043.csv,2026-01-05T08:30:16+00:00,2026-01-05T08:30:42+00:00,1771.0,1797.0,26.0,25.0,13.395404715422735
054_260105090043.csv,2026-01-05T09:53:07+00:00,2026-01-05T09:55:09+00:00,6742.0,6864.0,122.0,121.0,51.081243429944436
054_260105090043.csv,2026-01-05T10:36:57+00:00,2026-01-05T10:37:38+00:00,9372.0,9413.0,41.0,40.0,70.52485358161886
054_260105090043.csv,2026-01-05T11:04:03+00:00,2026-01-05T11:11:57+00:00,10998.0,11472.0,474.0,473.0,84.35951344045652
055_260110082743.csv,2026-01-10T08:29:25+00:00,2026-01-10T08:29:59+00:00,3702.0,3736.0,34.0,33.0,25.434277116673506
055_260110082743.csv,2026-01-10T08:32:12+00:00,2026-01-10T08:32:23+00:00,3869.0,3880.0,11.0,10.0,26.49774312679524
055_260110082743.csv,2026-01-10T08:41:27+00:00,2026-01-10T08:42:35+00:00,4424.0,4492.0,68.0,67.0,30.488305293393516
055_260110082743.csv,2026-01-10T09:02:26+00:00,2026-01-10T09:02:48+00:00,5683.0,5705.0,22.0,21.0,38.94132129667624
055_260110082743.csv,2026-01-10T09:04:17+00:00,2026-01-10T09:04:42+00:00,5794.0,5819.0,25.0,24.0,39.71070988920804
055_260110082743.csv,2026-01-10T09:09:43+00:00,2026-01-10T09:10:20+00:00,6120.0,6157.0,37.0,36.0,41.98126111339078
055_260110082743.csv,2026-01-10T09:48:41+00:00,2026-01-10T09:49:26+00:00,8458.0,8503.0,45.0,44.0,57.99822185747504
055_260110082743.csv,2026-01-10T09:49:31+00:00,2026-01-10T09:49:52+00:00,8508.0,8529.0,21.0,20.0,58.258104226508
055_260110082743.csv,2026-01-10T10:20:36+00:00,2026-01-10T10:21:01+00:00,10373.0,10398.0,25.0,24.0,71.0265353576802
055_260110082743.csv,2026-01-10T10:27:33+00:00,2026-01-10T10:27:37+00:00,10790.0,10794.0,4.0,3.0,73.80659280536179
055_260110082743.csv,2026-01-10T10:53:07+00:00,2026-01-10T10:53:34+00:00,12324.0,12351.0,27.0,26.0,84.37628231432089
055_260110082743.csv,2026-01-10T11:20:52+00:00,2026-01-10T11:21:15+00:00,13989.0,14012.0,23.0,22.0,95.74955546436875
055_260110082743.csv,2026-01-10T11:24:14+00:00,2026-01-10T11:25:00+00:00,14191.0,14237.0,46.0,45.0,97.20968403775133
056_260117082736.csv,2026-01-17T07:58:54+00:00,2026-01-17T07:59:20+00:00,1877.0,1903.0,26.0,25.0,13.688708626059245
056_260117082736.csv,2026-01-17T08:25:40+00:00,2026-01-17T08:25:48+00:00,3483.0,3491.0,8.0,7.0,25.25530527993047
056_260117082736.csv,2026-01-17T09:05:50+00:00,2026-01-17T09:05:57+00:00,5893.0,5900.0,7.0,6.0,42.70659810241182
056_260117082736.csv,2026-01-17T10:17:44+00:00,2026-01-17T10:17:51+00:00,10207.0,10214.0,7.0,6.0,73.95161874411531
056_260117082736.csv,2026-01-17T10:33:04+00:00,2026-01-17T10:35:16+00:00,11127.0,11259.0,132.0,131.0,81.06757441877309
056_260117082736.csv,2026-01-17T10:54:37+00:00,2026-01-17T10:54:47+00:00,12420.0,12430.0,10.0,9.0,89.99058448613022
056_260117082736.csv,2026-01-17T11:12:23+00:00,2026-01-17T11:13:52+00:00,13486.0,13575.0,89.0,88.0,97.99739262692837
057_260221081917.csv,2026-02-21T09:00:10+00:00,2026-02-21T09:02:42+00:00,6053.0,6205.0,152.0,151.0,42.6246609639057
057_260221081917.csv,2026-02-21T09:12:47+00:00,2026-02-21T09:13:48+00:00,6810.0,6871.0,61.0,60.0,47.57284929410947
057_260221081917.csv,2026-02-21T10:09:17+00:00,2026-02-21T10:10:10+00:00,10200.0,10253.0,53.0,52.0,71.12107935183253
057_260221081917.csv,2026-02-21T10:10:12+00:00,2026-02-21T10:17:31+00:00,10255.0,10694.0,439.0,438.0,72.84581681619028
057_260221081917.csv,2026-02-21T10:20:23+00:00,2026-02-21T10:20:28+00:00,10866.0,10871.0,5.0,4.0,75.58592391682315
059_260321102409.csv,2026-03-21T10:29:54+00:00,2026-03-21T10:30:13+00:00,3944.0,3963.0,19.0,18.0,71.89488997999636
060_260322111400.csv,2026-03-22T10:14:00+00:00,2026-03-22T10:14:04+00:00,0.0,4.0,4.0,3.0,0.038774718883288095
061_260404082403.csv,2026-04-04T07:00:57+00:00,2026-04-04T07:10:35+00:00,2214.0,2792.0,578.0,577.0,14.060217953038984
061_260404082403.csv,2026-04-04T07:11:45+00:00,2026-04-04T07:12:04+00:00,2862.0,2881.0,19.0,18.0,16.130210088754072
061_260404082403.csv,2026-04-04T07:25:23+00:00,2026-04-04T07:25:44+00:00,3680.0,3701.0,21.0,20.0,20.730816762161556
061_260404082403.csv,2026-04-04T07:30:21+00:00,2026-04-04T07:33:42+00:00,3978.0,4179.0,201.0,200.0,22.910347152005393
061_260404082403.csv,2026-04-04T07:35:00+00:00,2026-04-04T07:35:20+00:00,4257.0,4277.0,20.0,19.0,23.96921694191664
061_260404082403.csv,2026-04-04T07:35:55+00:00,2026-04-04T07:36:15+00:00,4312.0,4332.0,20.0,19.0,24.27817099202337
061_260404082403.csv,2026-04-04T07:37:16+00:00,2026-04-04T07:37:35+00:00,4393.0,4412.0,19.0,18.0,24.73036737445231
061_260404082403.csv,2026-04-04T07:58:19+00:00,2026-04-04T07:59:33+00:00,5656.0,5730.0,74.0,73.0,31.9795528592293
061_260404082403.csv,2026-04-04T07:59:43+00:00,2026-04-04T08:01:14+00:00,5740.0,5831.0,91.0,90.0,32.49915739804516
061_260404082403.csv,2026-04-04T08:25:15+00:00,2026-04-04T08:25:46+00:00,7272.0,7303.0,31.0,30.0,40.93641163914167
061_260404082403.csv,2026-04-04T08:26:13+00:00,2026-04-04T08:27:13+00:00,7330.0,7390.0,60.0,59.0,41.343669250645995
061_260404082403.csv,2026-04-04T08:27:48+00:00,2026-04-04T08:28:18+00:00,7425.0,7455.0,30.0,29.0,41.79305695989215
061_260404082403.csv,2026-04-04T08:50:30+00:00,2026-04-04T08:51:31+00:00,8787.0,8848.0,61.0,60.0,49.53095157847433
061_260404082403.csv,2026-04-04T08:51:48+00:00,2026-04-04T08:53:03+00:00,8865.0,8940.0,75.0,74.0,50.00842601954837
061_260404082403.csv,2026-04-04T08:53:13+00:00,2026-04-04T09:00:17+00:00,8950.0,9374.0,424.0,423.0,51.46612740141557
061_260404082403.csv,2026-04-04T09:00:31+00:00,2026-04-04T09:01:48+00:00,9388.0,9465.0,77.0,76.0,52.95191551511066
061_260404082403.csv,2026-04-04T09:03:36+00:00,2026-04-04T09:04:11+00:00,9573.0,9608.0,35.0,34.0,53.87316031906527
061_260404082403.csv,2026-04-04T09:12:52+00:00,2026-04-04T09:13:12+00:00,10129.0,10149.0,20.0,19.0,56.9542748005842
061_260404082403.csv,2026-04-04T09:24:58+00:00,2026-04-04T09:26:07+00:00,10855.0,10924.0,69.0,68.0,61.170093247949666
061_260404082403.csv,2026-04-04T09:45:12+00:00,2026-04-04T09:45:40+00:00,12069.0,12097.0,28.0,27.0,67.8743961352657
061_260404082403.csv,2026-04-04T09:45:42+00:00,2026-04-04T09:49:15+00:00,12099.0,12312.0,213.0,212.0,68.56252106504887
061_260404082403.csv,2026-04-04T10:07:46+00:00,2026-04-04T10:07:58+00:00,13423.0,13435.0,12.0,11.0,75.4353443433322
061_260404082403.csv,2026-04-04T10:08:04+00:00,2026-04-04T10:08:51+00:00,13441.0,13488.0,47.0,46.0,75.63476013931019
061_260404082403.csv,2026-04-04T10:09:00+00:00,2026-04-04T10:17:03+00:00,13497.0,13980.0,483.0,482.0,77.17391304347827
061_260404082403.csv,2026-04-04T10:34:29+00:00,2026-04-04T10:36:56+00:00,15026.0,15173.0,147.0,146.0,84.81912144702842
064_260418073226.csv,2026-04-18T05:32:27+00:00,2026-04-18T05:32:31+00:00,0.0,4.0,4.0,3.0,0.013575889220743959
064_260418073226.csv,2026-04-18T05:49:42+00:00,2026-04-18T05:51:20+00:00,1035.0,1133.0,98.0,97.0,7.358131957643225
064_260418073226.csv,2026-04-18T06:43:50+00:00,2026-04-18T06:43:58+00:00,4283.0,4291.0,8.0,7.0,29.099918544664675
064_260418073226.csv,2026-04-18T06:57:14+00:00,2026-04-18T06:57:22+00:00,5087.0,5095.0,8.0,7.0,34.55742601140375
064_260418073226.csv,2026-04-18T07:16:34+00:00,2026-04-18T07:18:07+00:00,6247.0,6340.0,93.0,92.0,42.71992940537605
064_260418073226.csv,2026-04-18T08:10:09+00:00,2026-04-18T08:10:36+00:00,9462.0,9489.0,27.0,26.0,64.31916915557969
064_260418073226.csv,2026-04-18T08:14:34+00:00,2026-04-18T08:15:04+00:00,9727.0,9757.0,30.0,29.0,66.12815639424382
064_260418073226.csv,2026-04-18T09:02:44+00:00,2026-04-18T09:02:50+00:00,12617.0,12623.0,6.0,5.0,85.66386098289438
064_260418073226.csv,2026-04-18T09:07:42+00:00,2026-04-18T09:07:46+00:00,12915.0,12919.0,4.0,3.0,87.67988053217486
064_260418073226.csv,2026-04-18T09:14:37+00:00,2026-04-18T09:14:43+00:00,13330.0,13336.0,6.0,5.0,90.5036654900896
064_260418073226.csv,2026-04-18T09:37:54+00:00,2026-04-18T09:37:59+00:00,14727.0,14732.0,5.0,4.0,99.98303013847406
065_260419082508.csv,2026-04-19T07:02:27+00:00,2026-04-19T07:02:33+00:00,2239.0,2245.0,6.0,5.0,80.93862815884476
066_260424160919.csv,2026-04-24T15:16:53+00:00,2026-04-24T15:17:16+00:00,4052.0,4075.0,23.0,22.0,86.6787542662116
067_260425073220.csv,2026-04-25T06:40:15+00:00,2026-04-25T06:41:07+00:00,4074.0,4126.0,52.0,51.0,23.21105072463768
067_260425073220.csv,2026-04-25T06:49:27+00:00,2026-04-25T06:49:48+00:00,4626.0,4647.0,21.0,20.0,26.24830163043478
067_260425073220.csv,2026-04-25T07:45:27+00:00,2026-04-25T07:53:28+00:00,7986.0,8467.0,481.0,480.0,46.5721240942029
067_260425073220.csv,2026-04-25T08:16:22+00:00,2026-04-25T08:16:33+00:00,9841.0,9852.0,11.0,10.0,55.74331974637681
067_260425073220.csv,2026-04-25T08:23:52+00:00,2026-04-25T08:25:38+00:00,10291.0,10397.0,106.0,105.0,58.55978260869565
067_260425073220.csv,2026-04-25T08:25:41+00:00,2026-04-25T08:25:54+00:00,10400.0,10413.0,13.0,12.0,58.913609601449274
067_260425073220.csv,2026-04-25T08:32:35+00:00,2026-04-25T08:33:06+00:00,10814.0,10845.0,31.0,30.0,61.3083106884058
067_260425073220.csv,2026-04-25T09:49:52+00:00,2026-04-25T09:50:09+00:00,15451.0,15468.0,17.0,16.0,87.5198143115942
067_260425073220.csv,2026-04-25T09:57:28+00:00,2026-04-25T09:57:36+00:00,15907.0,15915.0,8.0,7.0,90.07586050724638
068_260427170343.csv,2026-04-27T15:30:46+00:00,2026-04-27T15:31:07+00:00,1623.0,1644.0,21.0,20.0,30.238800444279896
068_260427170343.csv,2026-04-27T15:53:13+00:00,2026-04-27T15:53:20+00:00,2970.0,2977.0,7.0,6.0,55.04442798963347
068_260427170343.csv,2026-04-27T15:53:47+00:00,2026-04-27T15:53:53+00:00,3004.0,3010.0,6.0,5.0,55.66456867826731
068_260427170343.csv,2026-04-27T15:55:44+00:00,2026-04-27T15:56:20+00:00,3121.0,3157.0,36.0,35.0,58.108108108108105
068_260427170343.csv,2026-04-27T16:14:26+00:00,2026-04-27T16:17:48+00:00,4243.0,4445.0,202.0,201.0,80.41466123657905
069_260428165622.csv,2026-04-28T15:17:56+00:00,2026-04-28T15:18:01+00:00,1293.0,1298.0,5.0,4.0,29.66567437600183
071_260502130449.csv,2026-05-02T11:25:57+00:00,2026-05-02T11:26:51+00:00,1267.0,1321.0,54.0,53.0,48.48257774447359
071_260502130449.csv,2026-05-02T11:27:00+00:00,2026-05-02T11:27:06+00:00,1330.0,1336.0,6.0,5.0,49.943799175721246
071_260502130449.csv,2026-05-02T11:27:16+00:00,2026-05-02T11:30:15+00:00,1346.0,1525.0,179.0,178.0,53.78418883476958
073_260509140032.csv,2026-05-09T12:32:02+00:00,2026-05-09T12:32:18+00:00,1890.0,1906.0,16.0,15.0,65.2233676975945
073_260509140032.csv,2026-05-09T12:48:33+00:00,2026-05-09T12:48:44+00:00,2881.0,2892.0,11.0,10.0,99.19243986254295
075_260512171641.csv,2026-05-12T15:20:41+00:00,2026-05-12T15:21:34+00:00,239.0,292.0,53.0,52.0,4.974704890387859
075_260512171641.csv,2026-05-12T15:21:37+00:00,2026-05-12T15:21:43+00:00,295.0,301.0,6.0,5.0,5.583661232902379
075_260512171641.csv,2026-05-12T15:25:51+00:00,2026-05-12T15:26:13+00:00,549.0,571.0,22.0,21.0,10.492786209480983
075_260512171641.csv,2026-05-12T16:00:14+00:00,2026-05-12T16:00:20+00:00,2612.0,2618.0,6.0,5.0,48.99756417462994
075_260512171641.csv,2026-05-12T16:12:06+00:00,2026-05-12T16:12:41+00:00,3324.0,3359.0,35.0,34.0,62.61008056960839
075_260512171641.csv,2026-05-12T16:12:42+00:00,2026-05-12T16:12:48+00:00,3360.0,3366.0,6.0,5.0,63.01292861157954
076_260513170002.csv,2026-05-13T15:04:38+00:00,2026-05-13T15:05:07+00:00,271.0,300.0,29.0,28.0,4.842265943012212
076_260513170002.csv,2026-05-13T15:14:34+00:00,2026-05-13T15:14:42+00:00,867.0,875.0,8.0,7.0,14.772727272727273
076_260513170002.csv,2026-05-13T15:15:41+00:00,2026-05-13T15:16:53+00:00,934.0,1006.0,72.0,71.0,16.451831750339213
076_260513170002.csv,2026-05-13T15:58:38+00:00,2026-05-13T15:58:53+00:00,3511.0,3526.0,15.0,14.0,59.67605156037992
077_260517080120.csv,2026-05-17T06:21:41+00:00,2026-05-17T06:21:46+00:00,1220.0,1225.0,5.0,4.0,11.638423457730388
077_260517080120.csv,2026-05-17T06:59:04+00:00,2026-05-17T06:59:14+00:00,3463.0,3473.0,10.0,9.0,33.015993907083015
078_260519170927.csv,2026-05-19T15:52:20+00:00,2026-05-19T15:53:00+00:00,2572.0,2612.0,40.0,39.0,44.04418011894647
078_260519170927.csv,2026-05-19T16:00:50+00:00,2026-05-19T16:02:51+00:00,3082.0,3203.0,121.0,120.0,53.398470688190315
078_260519170927.csv,2026-05-19T16:30:57+00:00,2026-05-19T16:31:26+00:00,4889.0,4918.0,29.0,28.0,83.32200509770603
078_260519170927.csv,2026-05-19T16:32:03+00:00,2026-05-19T16:32:35+00:00,4955.0,4987.0,32.0,31.0,84.46898895497026
078_260519170927.csv,2026-05-19T16:38:19+00:00,2026-05-19T16:38:39+00:00,5331.0,5351.0,20.0,19.0,90.75615972812234
078_260519170927.csv,2026-05-19T16:41:24+00:00,2026-05-19T16:41:32+00:00,5516.0,5524.0,8.0,7.0,93.79779099405268
078_260519170927.csv,2026-05-19T16:47:15+00:00,2026-05-19T16:47:26+00:00,5867.0,5878.0,11.0,10.0,99.7875955819881
079_260522164831.csv,2026-05-22T14:52:18+00:00,2026-05-22T14:52:22+00:00,227.0,231.0,4.0,3.0,5.15185601799775
079_260522164831.csv,2026-05-22T15:04:07+00:00,2026-05-22T15:04:18+00:00,936.0,947.0,11.0,10.0,21.181102362204726
079_260522164831.csv,2026-05-22T15:05:30+00:00,2026-05-22T15:06:07+00:00,1019.0,1056.0,37.0,36.0,23.340832395950507
079_260522164831.csv,2026-05-22T15:06:12+00:00,2026-05-22T15:06:19+00:00,1061.0,1068.0,7.0,6.0,23.94825646794151
079_260522164831.csv,2026-05-22T15:11:06+00:00,2026-05-22T15:11:16+00:00,1355.0,1365.0,10.0,9.0,30.59617547806524
080_260523080618.csv,2026-05-23T06:35:26+00:00,2026-05-23T06:35:31+00:00,1747.0,1752.0,5.0,4.0,44.29113924050633
080_260523080618.csv,2026-05-23T06:57:25+00:00,2026-05-23T06:58:06+00:00,3066.0,3107.0,41.0,40.0,78.13924050632912
081_260524095636.csv,2026-05-24T07:59:51+00:00,2026-05-24T07:59:55+00:00,194.0,198.0,4.0,3.0,7.373965387509406
081_260524095636.csv,2026-05-24T08:05:46+00:00,2026-05-24T08:05:54+00:00,549.0,557.0,8.0,7.0,20.805116629044395
081_260524095636.csv,2026-05-24T08:08:39+00:00,2026-05-24T08:08:46+00:00,722.0,729.0,7.0,6.0,27.294958615500377
081_260524095636.csv,2026-05-24T08:16:45+00:00,2026-05-24T08:17:51+00:00,1208.0,1274.0,66.0,65.0,46.68924003009782
081_260524095636.csv,2026-05-24T08:18:59+00:00,2026-05-24T08:23:30+00:00,1342.0,1613.0,271.0,270.0,55.58690744920993
081_260524095636.csv,2026-05-24T08:24:37+00:00,2026-05-24T08:24:57+00:00,1680.0,1700.0,20.0,19.0,63.581640331075995
081_260524095636.csv,2026-05-24T08:25:44+00:00,2026-05-24T08:25:50+00:00,1747.0,1753.0,6.0,5.0,65.83897667419112
081_260524095636.csv,2026-05-24T08:36:20+00:00,2026-05-24T08:37:13+00:00,2383.0,2436.0,53.0,52.0,90.65086531226486
081_260524095636.csv,2026-05-24T08:39:35+00:00,2026-05-24T08:39:59+00:00,2578.0,2602.0,24.0,23.0,97.44168547780286
083_260526170146.csv,2026-05-26T15:15:50+00:00,2026-05-26T15:16:15+00:00,843.0,868.0,25.0,24.0,13.333852867830425
083_260526170146.csv,2026-05-26T15:37:02+00:00,2026-05-26T15:37:10+00:00,2115.0,2123.0,8.0,7.0,33.026807980049874
083_260526170146.csv,2026-05-26T16:04:48+00:00,2026-05-26T16:04:55+00:00,3781.0,3788.0,7.0,6.0,58.98534912718205
083_260526170146.csv,2026-05-26T16:38:01+00:00,2026-05-26T16:44:39+00:00,5774.0,6172.0,398.0,397.0,93.09538653366583
084_260529161523.csv,2026-05-29T14:15:25+00:00,2026-05-29T14:15:29+00:00,1.0,5.0,4.0,3.0,0.061149612719119444
084_260529161523.csv,2026-05-29T14:19:20+00:00,2026-05-29T14:19:32+00:00,236.0,248.0,12.0,11.0,4.932735426008969
084_260529161523.csv,2026-05-29T15:07:02+00:00,2026-05-29T15:07:57+00:00,3098.0,3153.0,55.0,54.0,63.70770485120261
084_260529161523.csv,2026-05-29T15:31:51+00:00,2026-05-29T15:33:00+00:00,4587.0,4656.0,69.0,68.0,94.20097839380351
084_260529161523.csv,2026-05-29T15:33:51+00:00,2026-05-29T15:35:17+00:00,4707.0,4793.0,86.0,85.0,96.82022013860579
084_260529161523.csv,2026-05-29T15:35:29+00:00,2026-05-29T15:36:15+00:00,4805.0,4851.0,46.0,45.0,98.41011006930289
084_260529161523.csv,2026-05-29T15:36:31+00:00,2026-05-29T15:36:59+00:00,4867.0,4895.0,28.0,27.0,99.49041989400733
085_260602090418.csv,2026-06-02T07:04:20+00:00,2026-06-02T07:04:45+00:00,1.0,26.0,25.0,24.0,0.4624871531346352
085_260602090418.csv,2026-06-02T07:24:51+00:00,2026-06-02T07:26:01+00:00,1232.0,1302.0,70.0,69.0,43.405275779376495
085_260602090418.csv,2026-06-02T07:37:02+00:00,2026-06-02T07:37:46+00:00,1963.0,2007.0,44.0,43.0,68.00274066461117
085_260602090418.csv,2026-06-02T07:39:29+00:00,2026-06-02T07:43:19+00:00,2110.0,2340.0,230.0,229.0,76.2247344981158
085_260602090418.csv,2026-06-02T07:43:37+00:00,2026-06-02T07:44:50+00:00,2358.0,2431.0,73.0,72.0,82.03151764302844
085_260602090418.csv,2026-06-02T07:49:42+00:00,2026-06-02T07:51:19+00:00,2723.0,2820.0,97.0,96.0,94.94689962315861
087_260606075342.csv,2026-06-06T06:09:32+00:00,2026-06-06T06:09:38+00:00,949.0,955.0,6.0,5.0,6.560088202866593
087_260606075342.csv,2026-06-06T08:30:04+00:00,2026-06-06T08:30:14+00:00,9381.0,9391.0,10.0,9.0,64.67750826901874
087_260606075342.csv,2026-06-06T08:39:10+00:00,2026-06-06T08:39:24+00:00,9927.0,9941.0,14.0,13.0,68.45369349503859
087_260606075342.csv,2026-06-06T08:42:39+00:00,2026-06-06T08:43:37+00:00,10136.0,10194.0,58.0,57.0,70.0454796030871
087_260606075342.csv,2026-06-06T09:39:56+00:00,2026-06-06T09:40:16+00:00,13573.0,13593.0,20.0,19.0,93.59840132304299
087_260606075342.csv,2026-06-06T09:46:25+00:00,2026-06-06T09:46:34+00:00,13962.0,13971.0,9.0,8.0,96.24104189636164
088_260609170059.csv,2026-06-09T15:36:43+00:00,2026-06-09T15:36:57+00:00,2143.0,2157.0,14.0,13.0,41.78002331908278
088_260609170059.csv,2026-06-09T16:26:42+00:00,2026-06-09T16:26:46+00:00,5142.0,5146.0,4.0,3.0,99.96113486202876
089_260614094858.csv,2026-06-14T08:02:39+00:00,2026-06-14T08:03:24+00:00,820.0,865.0,45.0,44.0,51.62377450980392
089_260614094858.csv,2026-06-14T08:04:19+00:00,2026-06-14T08:10:04+00:00,920.0,1265.0,345.0,344.0,66.94240196078431
089_260614094858.csv,2026-06-14T08:14:40+00:00,2026-06-14T08:15:11+00:00,1541.0,1572.0,31.0,30.0,95.37377450980392
089_260614094858.csv,2026-06-14T08:15:24+00:00,2026-06-14T08:15:33+00:00,1585.0,1594.0,9.0,8.0,97.39583333333333
089_260614094858.csv,2026-06-14T08:15:51+00:00,2026-06-14T08:16:05+00:00,1612.0,1626.0,14.0,13.0,99.20343137254902
090_260614104013.csv,2026-06-14T09:25:15+00:00,2026-06-14T09:25:19+00:00,2698.0,2702.0,4.0,3.0,30.664395229982965
091_260616171138.csv,2026-06-16T15:25:08+00:00,2026-06-16T15:25:14+00:00,809.0,815.0,6.0,5.0,14.351360904913397
091_260616171138.csv,2026-06-16T16:00:05+00:00,2026-06-16T16:00:49+00:00,2906.0,2950.0,44.0,43.0,51.74973488865324
091_260616171138.csv,2026-06-16T16:33:35+00:00,2026-06-16T16:34:17+00:00,4916.0,4958.0,42.0,41.0,87.25698126546483
091_260616171138.csv,2026-06-16T16:45:29+00:00,2026-06-16T16:45:34+00:00,5630.0,5635.0,5.0,4.0,99.5493107104984
092_260621094805.csv,2026-06-21T07:54:39+00:00,2026-06-21T07:55:09+00:00,393.0,423.0,30.0,29.0,14.078674948240165
092_260621094805.csv,2026-06-21T08:07:46+00:00,2026-06-21T08:10:12+00:00,1180.0,1326.0,146.0,145.0,43.23671497584541
092_260621094805.csv,2026-06-21T08:17:33+00:00,2026-06-21T08:18:30+00:00,1767.0,1824.0,57.0,56.0,61.95652173913044
092_260621094805.csv,2026-06-21T08:18:39+00:00,2026-06-21T08:18:54+00:00,1833.0,1848.0,15.0,14.0,63.50931677018634
092_260621094805.csv,2026-06-21T08:30:24+00:00,2026-06-21T08:34:25+00:00,2538.0,2779.0,241.0,240.0,91.73567977915803
092_260621094805.csv,2026-06-21T08:34:47+00:00,2026-06-21T08:34:53+00:00,2801.0,2807.0,6.0,5.0,96.75638371290545
092_260621094805.csv,2026-06-21T08:35:48+00:00,2026-06-21T08:35:59+00:00,2862.0,2873.0,11.0,10.0,98.94755003450656
093_260621150426.csv,2026-06-21T13:58:52+00:00,2026-06-21T13:59:16+00:00,3265.0,3289.0,24.0,23.0,33.926907547365154
093_260621150426.csv,2026-06-21T14:05:15+00:00,2026-06-21T14:06:10+00:00,3648.0,3703.0,55.0,54.0,38.05259343617352
093_260621150426.csv,2026-06-21T14:24:00+00:00,2026-06-21T14:25:12+00:00,4773.0,4845.0,72.0,71.0,49.787762708354904
093_260621150426.csv,2026-06-21T14:44:41+00:00,2026-06-21T14:45:38+00:00,6014.0,6071.0,57.0,56.0,62.558235842219695
093_260621150426.csv,2026-06-21T15:09:46+00:00,2026-06-21T15:10:43+00:00,7519.0,7576.0,57.0,56.0,78.13955896055492
093_260621150426.csv,2026-06-21T15:28:27+00:00,2026-06-21T15:28:42+00:00,8640.0,8655.0,15.0,14.0,89.52790143907237
094_260623171613.csv,2026-06-23T15:20:54+00:00,2026-06-23T15:21:22+00:00,280.0,308.0,28.0,27.0,4.38740486494553
094_260623171613.csv,2026-06-23T16:16:08+00:00,2026-06-23T16:16:24+00:00,3594.0,3610.0,16.0,15.0,53.75317116848232
094_260623171613.csv,2026-06-23T16:48:08+00:00,2026-06-23T16:48:12+00:00,5514.0,5518.0,4.0,3.0,82.31607222802566
094_260623171613.csv,2026-06-23T16:53:19+00:00,2026-06-23T16:53:23+00:00,5825.0,5829.0,4.0,3.0,86.95717057155649
095_260624171412.csv,2026-06-24T15:17:39+00:00,2026-06-24T15:17:47+00:00,207.0,215.0,8.0,7.0,4.669174596149591
095_260624171412.csv,2026-06-24T15:26:46+00:00,2026-06-24T15:26:52+00:00,754.0,760.0,6.0,5.0,16.751493693294975
095_260624171412.csv,2026-06-24T15:35:41+00:00,2026-06-24T15:35:48+00:00,1289.0,1296.0,7.0,6.0,28.601460500110644
095_260624171412.csv,2026-06-24T16:11:32+00:00,2026-06-24T16:11:36+00:00,3440.0,3444.0,4.0,3.0,76.1672936490374
095_260624171412.csv,2026-06-24T16:29:24+00:00,2026-06-24T16:29:29+00:00,4512.0,4517.0,5.0,4.0,99.90042044700155
096_260625062641.csv,2026-06-25T05:05:18+00:00,2026-06-25T05:06:22+00:00,2317.0,2381.0,64.0,63.0,56.52069297401347
096_260625062641.csv,2026-06-25T05:07:05+00:00,2026-06-25T05:11:21+00:00,2424.0,2680.0,256.0,255.0,61.40519730510106
096_260625062641.csv,2026-06-25T05:20:03+00:00,2026-06-25T05:20:17+00:00,3202.0,3216.0,14.0,13.0,77.21366698748797
097_260705084902.csv,2026-07-05T07:17:11+00:00,2026-07-05T07:17:17+00:00,1688.0,1694.0,6.0,5.0,15.679184051923968
097_260705084902.csv,2026-07-05T07:17:19+00:00,2026-07-05T07:17:27+00:00,1696.0,1704.0,8.0,7.0,15.762633286972648
097_260705084902.csv,2026-07-05T07:32:51+00:00,2026-07-05T07:33:01+00:00,2628.0,2638.0,10.0,9.0,24.41353732035234
097_260705084902.csv,2026-07-05T08:20:00+00:00,2026-07-05T08:21:04+00:00,5457.0,5521.0,64.0,63.0,50.89476124246639
098_260707172316.csv,2026-07-07T15:55:04+00:00,2026-07-07T15:55:44+00:00,1908.0,1948.0,40.0,39.0,32.72233536999321
099_260708172128.csv,2026-07-08T15:39:50+00:00,2026-07-08T15:39:54+00:00,1101.0,1105.0,4.0,3.0,19.109494109494108
099_260708172128.csv,2026-07-08T16:01:43+00:00,2026-07-08T16:02:18+00:00,2414.0,2449.0,35.0,34.0,42.12577962577963
099_260708172128.csv,2026-07-08T16:19:41+00:00,2026-07-08T16:19:50+00:00,3492.0,3501.0,9.0,8.0,60.57692307692308
099_260708172128.csv,2026-07-08T16:42:34+00:00,2026-07-08T16:43:37+00:00,4865.0,4928.0,63.0,62.0,84.83194733194733
101_260714172507.csv,2026-07-14T15:29:44+00:00,2026-07-14T15:30:17+00:00,276.0,309.0,33.0,32.0,5.531391830559758
101_260714172507.csv,2026-07-14T15:49:33+00:00,2026-07-14T15:49:43+00:00,1465.0,1475.0,10.0,9.0,27.798789712556733
101_260714172507.csv,2026-07-14T15:56:27+00:00,2026-07-14T15:57:11+00:00,1879.0,1923.0,44.0,43.0,35.94931921331316
101_260714172507.csv,2026-07-14T16:17:45+00:00,2026-07-14T16:18:00+00:00,3157.0,3172.0,15.0,14.0,59.84304084720121
101_260714172507.csv,2026-07-14T16:35:43+00:00,2026-07-14T16:35:52+00:00,4235.0,4244.0,9.0,8.0,80.17208774583963
102_260715173151.csv,2026-07-15T15:36:59+00:00,2026-07-15T15:39:44+00:00,308.0,473.0,165.0,164.0,7.579580745341615
102_260715173151.csv,2026-07-15T15:50:58+00:00,2026-07-15T15:51:12+00:00,1147.0,1161.0,14.0,13.0,22.399068322981368
102_260715173151.csv,2026-07-15T15:51:46+00:00,2026-07-15T15:52:03+00:00,1195.0,1212.0,17.0,16.0,23.359860248447205
102_260715173151.csv,2026-07-15T15:53:36+00:00,2026-07-15T15:53:40+00:00,1305.0,1309.0,4.0,3.0,25.368788819875775
102_260715173151.csv,2026-07-15T15:55:35+00:00,2026-07-15T15:55:40+00:00,1424.0,1429.0,5.0,4.0,27.688276397515526
102_260715173151.csv,2026-07-15T16:03:04+00:00,2026-07-15T16:03:30+00:00,1873.0,1899.0,26.0,25.0,36.607142857142854
102_260715173151.csv,2026-07-15T16:57:33+00:00,2026-07-15T16:57:41+00:00,5142.0,5150.0,8.0,7.0,99.88354037267081
103_260716153012.csv,2026-07-16T14:42:04+00:00,2026-07-16T14:42:39+00:00,4311.0,4346.0,35.0,34.0,89.41334435034084
103_260716153012.csv,2026-07-16T14:45:12+00:00,2026-07-16T14:45:29+00:00,4499.0,4516.0,17.0,16.0,93.11092749431936
104_260721071628.csv,2026-07-21T06:48:35+00:00,2026-07-21T06:49:01+00:00,5526.0,5552.0,26.0,25.0,91.35741382154049
104_260721071628.csv,2026-07-21T06:51:08+00:00,2026-07-21T06:52:07+00:00,5679.0,5738.0,59.0,58.0,94.15305954148111
104_260721071628.csv,2026-07-21T06:57:21+00:00,2026-07-21T06:57:27+00:00,6052.0,6058.0,6.0,5.0,99.86805211941284
105_260722172413.csv,2026-07-22T15:28:08+00:00,2026-07-22T15:28:25+00:00,234.0,251.0,17.0,16.0,6.217948717948718
105_260722172413.csv,2026-07-22T15:36:29+00:00,2026-07-22T15:36:39+00:00,735.0,745.0,10.0,9.0,18.974358974358974
105_260722172413.csv,2026-07-22T15:53:57+00:00,2026-07-22T15:54:54+00:00,1783.0,1840.0,57.0,56.0,46.44871794871795
105_260722172413.csv,2026-07-22T16:19:33+00:00,2026-07-22T16:19:43+00:00,3319.0,3329.0,10.0,9.0,85.23076923076923
105_260722172413.csv,2026-07-22T16:22:37+00:00,2026-07-22T16:23:01+00:00,3503.0,3527.0,24.0,23.0,90.12820512820512
106_260728062911.csv,2026-07-28T05:23:34+00:00,2026-07-28T05:24:00+00:00,3262.0,3288.0,26.0,25.0,58.38830451060795
106_260728062911.csv,2026-07-28T05:44:33+00:00,2026-07-28T05:44:50+00:00,4521.0,4538.0,17.0,16.0,80.754145123908
106_260728062911.csv,2026-07-28T05:44:54+00:00,2026-07-28T05:45:07+00:00,4542.0,4555.0,13.0,12.0,81.09288643251917
107_260729172451.csv,2026-07-29T15:32:03+00:00,2026-07-29T15:32:08+00:00,432.0,437.0,5.0,4.0,11.479524438573316
107_260729172451.csv,2026-07-29T16:09:56+00:00,2026-07-29T16:10:13+00:00,2705.0,2722.0,17.0,16.0,71.69088507265522
108_260801060832.csv,2026-08-01T05:19:10+00:00,2026-08-01T05:20:31+00:00,4238.0,4319.0,81.0,80.0,20.77647744379158
108_260801060832.csv,2026-08-01T05:57:09+00:00,2026-08-01T05:57:44+00:00,6517.0,6552.0,35.0,34.0,31.73165638809304
108_260801060832.csv,2026-08-01T06:09:02+00:00,2026-08-01T06:10:48+00:00,7230.0,7336.0,106.0,105.0,35.36638663623562
108_260801060832.csv,2026-08-01T07:01:11+00:00,2026-08-01T07:03:09+00:00,10359.0,10477.0,118.0,117.0,50.59000631282475
108_260801060832.csv,2026-08-01T07:06:30+00:00,2026-08-01T07:06:36+00:00,10678.0,10684.0,6.0,5.0,51.86713931918613
108_260801060832.csv,2026-08-01T07:08:56+00:00,2026-08-01T07:09:45+00:00,10824.0,10873.0,49.0,48.0,52.68052250764823
108_260801060832.csv,2026-08-01T07:09:49+00:00,2026-08-01T07:12:34+00:00,10877.0,11042.0,165.0,164.0,53.21954062059923
108_260801060832.csv,2026-08-01T07:59:34+00:00,2026-08-01T08:00:42+00:00,13862.0,13930.0,68.0,67.0,67.47924051862283
108_260801060832.csv,2026-08-01T08:20:26+00:00,2026-08-01T08:20:30+00:00,15114.0,15118.0,4.0,3.0,73.40358374204827
108_260801060832.csv,2026-08-01T08:24:23+00:00,2026-08-01T08:25:20+00:00,15351.0,15408.0,57.0,56.0,74.68314475792745
108_260801060832.csv,2026-08-01T08:35:12+00:00,2026-08-01T08:41:24+00:00,16000.0,16372.0,372.0,371.0,78.59952411013451
108_260801060832.csv,2026-08-01T08:41:43+00:00,2026-08-01T08:42:39+00:00,16391.0,16447.0,56.0,55.0,79.73097654542806
108_260801060832.csv,2026-08-01T08:54:10+00:00,2026-08-01T08:54:17+00:00,17138.0,17145.0,7.0,6.0,83.23945029864517
108_260801060832.csv,2026-08-01T08:58:32+00:00,2026-08-01T08:58:42+00:00,17400.0,17410.0,10.0,9.0,84.51901131452435
108_260801060832.csv,2026-08-01T09:35:33+00:00,2026-08-01T09:35:51+00:00,19621.0,19639.0,18.0,17.0,95.32365366872239
108_260801060832.csv,2026-08-01T09:37:21+00:00,2026-08-01T09:39:11+00:00,19729.0,19839.0,110.0,109.0,96.07148060020396
109_260802064005.csv,2026-08-02T04:56:36+00:00,2026-08-02T04:56:55+00:00,990.0,1009.0,19.0,18.0,25.840227507755944
110_260811165713.csv,2026-08-11T15:58:14+00:00,2026-08-11T15:58:33+00:00,3660.0,3679.0,19.0,18.0,69.4060904104407
110_260811165713.csv,2026-08-11T16:05:48+00:00,2026-08-11T16:06:31+00:00,4114.0,4157.0,43.0,42.0,78.220162663136
111_260815064223.csv,2026-08-15T05:55:52+00:00,2026-08-15T05:56:16+00:00,4408.0,4432.0,24.0,23.0,24.183399901515568
111_260815064223.csv,2026-08-15T06:46:31+00:00,2026-08-15T06:46:39+00:00,7447.0,7455.0,8.0,7.0,40.767084313618206
111_260815064223.csv,2026-08-15T07:00:14+00:00,2026-08-15T07:01:07+00:00,8270.0,8323.0,53.0,52.0,45.393117032335724
111_260815064223.csv,2026-08-15T07:22:41+00:00,2026-08-15T07:22:55+00:00,9617.0,9631.0,14.0,13.0,52.656344038956064
111_260815064223.csv,2026-08-15T07:27:15+00:00,2026-08-15T07:27:40+00:00,9891.0,9916.0,25.0,24.0,54.18558844449308
111_260815064223.csv,2026-08-15T07:29:31+00:00,2026-08-15T07:35:00+00:00,10027.0,10356.0,329.0,328.0,55.76133938830224
111_260815064223.csv,2026-08-15T08:24:00+00:00,2026-08-15T08:26:26+00:00,13296.0,13442.0,146.0,145.0,73.14657766591891
111_260815064223.csv,2026-08-15T08:27:37+00:00,2026-08-15T08:27:43+00:00,13513.0,13519.0,6.0,5.0,73.95086721015484
111_260815064223.csv,2026-08-15T08:51:27+00:00,2026-08-15T08:53:34+00:00,14943.0,15070.0,127.0,126.0,82.10592548011162
111_260815064223.csv,2026-08-15T08:53:48+00:00,2026-08-15T08:54:15+00:00,15084.0,15111.0,27.0,26.0,82.60381900749576
111_260815064223.csv,2026-08-15T09:18:37+00:00,2026-08-15T09:19:11+00:00,16573.0,16607.0,34.0,33.0,90.7698199923401
111_260815064223.csv,2026-08-15T09:19:18+00:00,2026-08-15T09:20:03+00:00,16614.0,16659.0,45.0,44.0,91.02423811347596
111_260815064223.csv,2026-08-15T09:38:57+00:00,2026-08-15T09:39:17+00:00,17793.0,17813.0,20.0,19.0,97.40657657164742
112_260816063546.csv,2026-08-16T05:38:08+00:00,2026-08-16T05:39:41+00:00,3741.0,3834.0,93.0,92.0,93.42624568327578
113_260818062429.csv,2026-08-18T05:02:36+00:00,2026-08-18T05:02:49+00:00,2287.0,2300.0,13.0,12.0,42.933358292774244
114_260819062707.csv,2026-08-19T05:51:39+00:00,2026-08-19T05:55:05+00:00,5071.0,5277.0,206.0,205.0,94.05562624977277
115_260822080018.csv,2026-08-22T06:27:04+00:00,2026-08-22T06:27:31+00:00,1605.0,1632.0,27.0,26.0,7.723693629205441
115_260822080018.csv,2026-08-22T06:27:46+00:00,2026-08-22T06:28:01+00:00,1647.0,1662.0,15.0,14.0,7.895490336435218
115_260822080018.csv,2026-08-22T06:29:09+00:00,2026-08-22T06:29:47+00:00,1730.0,1768.0,38.0,37.0,8.346456692913385
115_260822080018.csv,2026-08-22T06:38:59+00:00,2026-08-22T06:39:31+00:00,2320.0,2352.0,32.0,31.0,11.147697446910046
115_260822080018.csv,2026-08-22T06:54:46+00:00,2026-08-22T06:55:22+00:00,3267.0,3303.0,36.0,35.0,15.676449534717252
115_260822080018.csv,2026-08-22T07:26:49+00:00,2026-08-22T07:26:52+00:00,5190.0,5193.0,3.0,2.0,24.774516821760916
115_260822080018.csv,2026-08-22T07:26:58+00:00,2026-08-22T07:27:02+00:00,5199.0,5203.0,4.0,3.0,24.819852063946552
115_260822080018.csv,2026-08-22T07:27:05+00:00,2026-08-22T07:27:27+00:00,5206.0,5228.0,22.0,21.0,24.896206156048677
115_260822080018.csv,2026-08-22T07:43:29+00:00,2026-08-22T07:43:47+00:00,6190.0,6208.0,18.0,17.0,29.582438558816513
115_260822080018.csv,2026-08-22T08:36:20+00:00,2026-08-22T08:46:36+00:00,9361.0,9977.0,616.0,615.0,46.14173228346457
115_260822080018.csv,2026-08-22T08:56:55+00:00,2026-08-22T08:58:16+00:00,10596.0,10677.0,81.0,80.0,50.75876879026485
115_260822080018.csv,2026-08-22T09:05:39+00:00,2026-08-22T09:06:26+00:00,11120.0,11167.0,47.0,46.0,53.178239083750896
115_260822080018.csv,2026-08-22T09:07:06+00:00,2026-08-22T09:08:17+00:00,11207.0,11278.0,71.0,70.0,53.650680028632785
115_260822080018.csv,2026-08-22T09:12:30+00:00,2026-08-22T09:13:08+00:00,11531.0,11569.0,38.0,37.0,55.118110236220474
115_260822080018.csv,2026-08-22T10:08:32+00:00,2026-08-22T10:09:50+00:00,14893.0,14971.0,78.0,77.0,71.25745645430685
115_260822080018.csv,2026-08-22T10:09:57+00:00,2026-08-22T10:25:28+00:00,14978.0,15909.0,931.0,930.0,73.69840133619661
115_260822080018.csv,2026-08-22T10:25:28+00:00,2026-08-22T10:27:15+00:00,15909.0,16016.0,107.0,106.0,76.17513719875924
115_260822080018.csv,2026-08-22T10:27:19+00:00,2026-08-22T10:28:30+00:00,16020.0,16091.0,71.0,70.0,76.61894535910284
115_260822080018.csv,2026-08-22T10:33:28+00:00,2026-08-22T10:34:32+00:00,16389.0,16453.0,64.0,63.0,78.36315915056072
115_260822080018.csv,2026-08-22T10:50:28+00:00,2026-08-22T10:51:54+00:00,17409.0,17495.0,86.0,85.0,83.28322596039132
115_260822080018.csv,2026-08-22T10:59:01+00:00,2026-08-22T11:00:02+00:00,17922.0,17983.0,61.0,60.0,85.67167740396087
115_260822080018.csv,2026-08-22T11:04:52+00:00,2026-08-22T11:05:53+00:00,18273.0,18334.0,61.0,60.0,87.3466952994512
115_260822080018.csv,2026-08-22T11:20:54+00:00,2026-08-22T11:21:52+00:00,19235.0,19293.0,58.0,57.0,91.9303268909568
115_260822080018.csv,2026-08-22T11:46:37+00:00,2026-08-22T11:48:59+00:00,20778.0,20920.0,142.0,141.0,99.49415413982344
116_260824074938.csv,2026-08-24T05:54:11+00:00,2026-08-24T05:54:47+00:00,272.0,308.0,36.0,35.0,1.1641443538998837
116_260824074938.csv,2026-08-24T06:22:16+00:00,2026-08-24T06:23:16+00:00,1957.0,2017.0,60.0,59.0,7.976395969651961
116_260824074938.csv,2026-08-24T06:52:24+00:00,2026-08-24T06:53:30+00:00,3765.0,3831.0,66.0,65.0,15.246276745212958
116_260824074938.csv,2026-08-24T07:16:01+00:00,2026-08-24T07:18:50+00:00,5182.0,5351.0,169.0,168.0,21.14126289590944
116_260824074938.csv,2026-08-24T07:23:49+00:00,2026-08-24T07:24:22+00:00,5650.0,5683.0,33.0,32.0,22.746979246116172
116_260824074938.csv,2026-08-24T07:43:20+00:00,2026-08-24T07:43:34+00:00,6821.0,6835.0,14.0,13.0,27.409578098028984
116_260824074938.csv,2026-08-24T07:44:57+00:00,2026-08-24T07:45:42+00:00,6918.0,6963.0,45.0,44.0,27.86118582152463
116_260824074938.csv,2026-08-24T07:50:46+00:00,2026-08-24T07:51:53+00:00,7267.0,7334.0,67.0,66.0,29.30633053671069
116_260824074938.csv,2026-08-24T08:23:16+00:00,2026-08-24T08:24:40+00:00,9217.0,9301.0,84.0,83.0,37.168319216410424
116_260824074938.csv,2026-08-24T08:37:20+00:00,2026-08-24T08:38:09+00:00,10061.0,10110.0,49.0,48.0,40.48613062502509
116_260824074938.csv,2026-08-24T08:54:59+00:00,2026-08-24T08:56:32+00:00,11120.0,11213.0,93.0,92.0,44.8255790614588
116_260824074938.csv,2026-08-24T09:56:29+00:00,2026-08-24T09:56:43+00:00,14810.0,14824.0,14.0,13.0,59.47974790253302
116_260824074938.csv,2026-08-24T09:59:52+00:00,2026-08-24T10:00:15+00:00,15013.0,15036.0,23.0,22.0,60.31271325920276
116_260824074938.csv,2026-08-24T10:03:41+00:00,2026-08-24T10:04:41+00:00,15242.0,15302.0,60.0,59.0,61.30625025089318
116_260824074938.csv,2026-08-24T10:14:33+00:00,2026-08-24T10:14:39+00:00,15894.0,15900.0,6.0,5.0,63.8151820480912
116_260824074938.csv,2026-08-24T10:14:45+00:00,2026-08-24T10:15:34+00:00,15906.0,15955.0,49.0,48.0,63.94966079242102
116_260824074938.csv,2026-08-24T10:19:51+00:00,2026-08-24T10:21:26+00:00,16212.0,16307.0,95.0,94.0,65.27036249046606
116_260824074938.csv,2026-08-24T10:28:09+00:00,2026-08-24T10:28:16+00:00,16710.0,16717.0,7.0,6.0,67.0928505479507
116_260824074938.csv,2026-08-24T11:05:05+00:00,2026-08-24T11:06:24+00:00,18926.0,19005.0,79.0,78.0,76.13303359961463
116_260824074938.csv,2026-08-24T11:31:28+00:00,2026-08-24T11:32:56+00:00,20509.0,20597.0,88.0,87.0,82.5057203644976
116_260824074938.csv,2026-08-24T11:56:56+00:00,2026-08-24T11:57:01+00:00,22037.0,22042.0,5.0,4.0,88.4729637509534
116_260824074938.csv,2026-08-24T12:00:35+00:00,2026-08-24T12:01:02+00:00,22256.0,22283.0,27.0,26.0,89.39625065232227
116_260824074938.csv,2026-08-24T12:01:05+00:00,2026-08-24T12:01:16+00:00,22286.0,22297.0,11.0,10.0,89.48456505158364
116_260824074938.csv,2026-08-24T12:12:54+00:00,2026-08-24T12:14:27+00:00,22995.0,23088.0,93.0,92.0,92.49528320822127
116_260824074938.csv,2026-08-24T12:15:38+00:00,2026-08-24T12:16:39+00:00,23159.0,23220.0,61.0,60.0,93.08939825779775
117_260826062619.csv,2026-08-26T04:39:21+00:00,2026-08-26T04:39:34+00:00,781.0,794.0,13.0,12.0,15.535608601302032
117_260826062619.csv,2026-08-26T04:50:33+00:00,2026-08-26T04:50:44+00:00,1453.0,1464.0,11.0,10.0,28.772933517459066
118_260827070608.csv,2026-08-27T05:06:13+00:00,2026-08-27T05:10:11+00:00,5.0,243.0,238.0,237.0,2.541504406640705
118_260827070608.csv,2026-08-27T05:10:25+00:00,2026-08-27T05:11:12+00:00,257.0,304.0,47.0,46.0,5.7491289198606275
118_260827070608.csv,2026-08-27T05:48:03+00:00,2026-08-27T05:48:15+00:00,2515.0,2527.0,12.0,11.0,51.67042426726788
120_260830095410.csv,2026-08-30T07:54:26+00:00,2026-08-30T07:54:34+00:00,16.0,24.0,8.0,7.0,0.8550662676357418
120_260830095410.csv,2026-08-30T08:13:49+00:00,2026-08-30T08:14:07+00:00,1179.0,1197.0,18.0,17.0,50.790936297563064
120_260830095410.csv,2026-08-30T08:25:37+00:00,2026-08-30T08:28:29+00:00,1887.0,2059.0,172.0,171.0,84.35228730226592
122_260901062237.csv,2026-09-01T05:36:10+00:00,2026-09-01T05:37:08+00:00,4412.0,4470.0,58.0,57.0,90.96681687832856
122_260901062237.csv,2026-09-01T05:39:23+00:00,2026-09-01T05:40:03+00:00,4605.0,4645.0,40.0,39.0,94.73576403113478
123_260902062649.csv,2026-09-02T04:30:13+00:00,2026-09-02T04:30:24+00:00,203.0,214.0,11.0,10.0,4.112426035502959
123_260902062649.csv,2026-09-02T05:47:06+00:00,2026-09-02T05:47:22+00:00,4816.0,4832.0,16.0,15.0,95.14792899408285
124_260904062108.csv,2026-09-04T05:12:47+00:00,2026-09-04T05:13:07+00:00,3098.0,3118.0,20.0,19.0,66.76691729323308
124_260904062108.csv,2026-09-04T05:18:26+00:00,2026-09-04T05:18:33+00:00,3437.0,3444.0,7.0,6.0,73.90977443609023
125_260905142842.csv,2026-09-05T12:29:04+00:00,2026-09-05T12:29:15+00:00,21.0,32.0,11.0,10.0,1.0355607659241892
125_260905142842.csv,2026-09-05T12:35:24+00:00,2026-09-05T12:35:36+00:00,401.0,413.0,12.0,11.0,15.904650254005471
125_260905142842.csv,2026-09-05T12:43:45+00:00,2026-09-05T12:44:56+00:00,902.0,973.0,71.0,70.0,36.63540445486518
125_260905142842.csv,2026-09-05T12:46:29+00:00,2026-09-05T12:46:40+00:00,1066.0,1077.0,11.0,10.0,41.871824931613915
125_260905142842.csv,2026-09-05T12:47:07+00:00,2026-09-05T12:47:23+00:00,1104.0,1120.0,16.0,15.0,43.45447440406409
125_260905142842.csv,2026-09-05T13:01:07+00:00,2026-09-05T13:02:10+00:00,1944.0,2007.0,63.0,62.0,77.19812426729192
125_260905142842.csv,2026-09-05T13:02:35+00:00,2026-09-05T13:04:28+00:00,2032.0,2145.0,113.0,112.0,81.61391168425166
125_260905142842.csv,2026-09-05T13:07:27+00:00,2026-09-05T13:07:37+00:00,2324.0,2334.0,10.0,9.0,91.01211410707307
125_260905142842.csv,2026-09-05T13:09:34+00:00,2026-09-05T13:09:48+00:00,2451.0,2465.0,14.0,13.0,96.05314576006252
128_260908061657.csv,2026-09-08T04:37:39+00:00,2026-09-08T04:37:45+00:00,1241.0,1247.0,6.0,5.0,25.835929387331255
128_260908061657.csv,2026-09-08T04:47:50+00:00,2026-09-08T04:48:32+00:00,1852.0,1894.0,42.0,41.0,38.89927310488058
128_260908061657.csv,2026-09-08T05:30:44+00:00,2026-09-08T05:31:21+00:00,4426.0,4463.0,37.0,36.0,92.30529595015577
130_260916062309.csv,2026-09-16T04:43:45+00:00,2026-09-16T04:43:55+00:00,1235.0,1245.0,10.0,9.0,32.300078145350355
130_260916062309.csv,2026-09-16T04:43:59+00:00,2026-09-16T04:44:18+00:00,1249.0,1268.0,19.0,18.0,32.78197447251888
130_260916062309.csv,2026-09-16T05:01:39+00:00,2026-09-16T05:02:26+00:00,2309.0,2356.0,47.0,46.0,60.758009898411046
130_260916062309.csv,2026-09-16T05:09:50+00:00,2026-09-16T05:09:58+00:00,2800.0,2808.0,8.0,7.0,73.03985412867934
131_260919065417.csv,2026-09-19T05:27:01+00:00,2026-09-19T05:28:31+00:00,1963.0,2053.0,90.0,89.0,43.350604490500864
131_260919065417.csv,2026-09-19T05:57:35+00:00,2026-09-19T05:57:39+00:00,3797.0,3801.0,4.0,3.0,82.01640759930915
