filename,segments,original_samples,duration_s,longest_segment_s
001_250511145356.csv,6,7511,7789.0,2478.0
002_250518083010.csv,1,10133,10132.0,10132.0
003_250524075639.csv,1,3676,3675.0,3675.0
004_250525093943.csv,5,2520,3589.0,1278.0
005_250525105224.csv,1,6222,6226.0,6226.0
006_250601090758.csv,5,1383,1653.0,970.0
007_250601095058.csv,1,5950,5949.0,5949.0
008_250604173939.csv,1,3716,3715.0,3715.0
009_250607081806.csv,2,3607,3660.0,1811.0
010_250608073054.csv,1,8276,8279.0,8279.0
011_250611110321.csv,1,3775,3774.0,3774.0
012_250615095052.csv,7,718,1431.0,516.0
013_250615104019.csv,1,8374,8373.0,8373.0
014_250618105426.csv,1,220,219.0,219.0
015_250622100132.csv,2,1521,1588.0,1303.0
016_250622105241.csv,1,6666,6665.0,6665.0
017_250625105513.csv,1,4371,4370.0,4370.0
018_250628080614.csv,1,3338,3346.0,3346.0
019_250629080321.csv,3,1032,1588.0,565.0
020_250629084934.csv,2,14193,14217.0,10731.0
021_250701180337.csv,3,4844,4897.0,2181.0
022_250706152531.csv,5,11385,11663.0,8411.0
023_250708171459.csv,1,5016,5028.0,5028.0
024_250709173010.csv,2,4678,4706.0,3645.0
025_250712072905.csv,12,17094,17688.0,3565.0
026_250715165154.csv,4,5487,5644.0,4694.0
027_250716153128.csv,1,4691,4697.0,4697.0
028_250717102658.csv,4,4947,5081.0,1771.0
029_250718101116.csv,3,6656,6760.0,3805.0
030_250722170310.csv,4,5202,5368.0,4449.0
031_250723173905.csv,2,5230,5355.0,3243.0
032_250726080238.csv,11,16130,17008.0,8017.0
033_250729173622.csv,1,4980,4979.0,4979.0
034_250731170346.csv,6,8354,8563.0,3965.0
035_250815073628.csv,6,7306,7538.0,4087.0
036_250823070906.csv,15,17568,18769.0,2456.0
037_250830074715.csv,1,6942,6941.0,6941.0
038_250831104855.csv,3,5865,5979.0,5742.0
039_250831123125.csv,3,592,1022.0,477.0
040_250906154316.csv,5,2453,3436.0,1206.0
041_250906164426.csv,1,4684,4683.0,4683.0
042_250907080204.csv,3,6395,6584.0,3859.0
043_250913140208.csv,8,2688,3053.0,1257.0
044_250913145805.csv,1,5136,5138.0,5138.0
045_250914163102.csv,5,4039,4259.0,1589.0
046_250920081438.csv,2,5442,5510.0,5200.0
047_250921082448.csv,2,1504,1548.0,1434.0
048_250921090114.csv,1,7391,7393.0,7393.0
049_251011081438.csv,8,13330,13871.0,4529.0
050_251015170431.csv,6,4896,4982.0,3325.0
051_251018083143.csv,5,13628,13767.0,6943.0
052_251025083018.csv,7,14243,14739.0,3170.0
053_251220083114.csv,5,13932,14991.0,10708.0
054_260105090043.csv,5,12660,13318.0,4945.0
055_260110082743.csv,13,14248,14622.0,3702.0
056_260117082736.csv,4,13536,13807.0,9224.0
057_260221081917.csv,5,13675,14379.0,6053.0
058_260301114610.csv,1,7915,7914.0,7914.0
059_260321102409.csv,2,5482,5499.0,3944.0
060_260322111400.csv,1,5156,5158.0,5158.0
061_260404082403.csv,26,14973,17802.0,2629.0
062_260407082440.csv,1,5157,5156.0,5156.0
063_260412113502.csv,1,7818,7817.0,7817.0
064_260418073226.csv,5,14455,14732.0,5114.0
065_260419082508.csv,1,2766,2770.0,2770.0
066_260424160919.csv,2,4667,4688.0,4052.0
067_260425073220.csv,9,16934,17664.0,4606.0
068_260427170343.csv,4,5136,5402.0,1623.0
069_260428165622.csv,1,4364,4367.0,4367.0
070_260501094312.csv,1,4477,4476.0,4476.0
071_260502130449.csv,3,2434,2669.0,1267.0
072_260502140459.csv,1,6105,6104.0,6104.0
073_260509140032.csv,3,2886,2910.0,1890.0
074_260509150834.csv,1,5835,5834.0,5834.0
075_260512171641.csv,4,5216,5337.0,2753.0
076_260513170002.csv,4,5777,5896.0,2505.0
077_260517080120.csv,1,10492,10504.0,10504.0
078_260519170927.csv,7,5632,5885.0,2572.0
079_260522164831.csv,3,4382,4445.0,3389.0
080_260523080618.csv,2,3907,3950.0,3066.0
081_260524095636.csv,6,2209,2658.0,1208.0
082_260524104617.csv,1,5968,5967.0,5967.0
083_260526170146.csv,3,5983,6416.0,4906.0
084_260529161523.csv,7,4614,4906.0,2850.0
085_260602090418.csv,7,2387,2919.0,1206.0
086_260602100204.csv,1,6026,6025.0,6025.0
087_260606075342.csv,4,14402,14512.0,9927.0
088_260609170059.csv,2,5131,5146.0,2989.0
089_260614094858.csv,5,1194,1632.0,820.0
090_260614104013.csv,1,8803,8805.0,8805.0
091_260616171138.csv,3,5566,5658.0,2906.0
092_260621094805.csv,7,2400,2898.0,757.0
093_260621150426.csv,7,9386,9659.0,3265.0
094_260623171613.csv,3,6654,6701.0,3286.0
095_260624171412.csv,1,4495,4519.0,4519.0
096_260625062641.csv,4,3826,4156.0,2317.0
097_260705084902.csv,2,10702,10785.0,5457.0
098_260707172316.csv,2,5854,5892.0,3944.0
099_260708172128.csv,3,5666,5772.0,2416.0
100_260712080105.csv,1,5774,5773.0,5773.0
101_260714172507.csv,4,5183,5288.0,2116.0
102_260715173151.csv,5,4921,5152.0,3253.0
103_260716153012.csv,3,4792,4841.0,4311.0
104_260721071628.csv,3,5976,6063.0,5526.0
105_260722172413.csv,4,3788,3900.0,1663.0
106_260728062911.csv,4,5557,5609.0,3262.0
107_260729172451.csv,2,3766,3785.0,2705.0
108_260801060832.csv,13,19348,20593.0,4238.0
109_260802064005.csv,2,3851,3868.0,2859.0
110_260811165713.csv,3,5228,5287.0,3660.0
111_260815064223.csv,12,17433,18277.0,4408.0
112_260816063546.csv,2,3963,4054.0,3741.0
113_260818062429.csv,2,5331,5342.0,3042.0
114_260819062707.csv,2,5297,5501.0,5071.0
115_260822080018.csv,23,18273,20955.0,3324.0
116_260824074938.csv,23,23603,24911.0,3597.0
117_260826062619.csv,3,5048,5069.0,3605.0
118_260827070608.csv,4,4586,4879.0,2352.0
119_260829063044.csv,1,4545,4544.0,4544.0
120_260830095410.csv,3,2145,2339.0,1179.0
121_260830104514.csv,1,5761,5760.0,5760.0
122_260901062237.csv,3,4787,4882.0,4412.0
123_260902062649.csv,3,5046,5070.0,4602.0
124_260904062108.csv,2,4631,4655.0,3098.0
125_260905142842.csv,9,2248,2559.0,824.0
126_260905152115.csv,1,5337,5336.0,5336.0
127_260906074723.csv,1,4046,4045.0,4045.0
128_260908061657.csv,3,4734,4815.0,2532.0
129_260915062325.csv,1,4547,4546.0,4546.0
130_260916062309.csv,3,3760,3839.0,1483.0
131_260919065417.csv,2,4541,4632.0,2579.0
