filename,activity_id,segment,first_row,last_row,samples,start_s,end_s,duration_s,missing_power,missing_hr,remaining_timestamp_gaps,preceding_gap_s
001_250511145356.csv,fit:bd953ed8d9fdeaf6f70e8df529e53ba39388b97a9718cfe04d340da0810e46b3,1,0,1054,1055,0.0,1054.0,1054.0,0,0,0,
001_250511145356.csv,fit:bd953ed8d9fdeaf6f70e8df529e53ba39388b97a9718cfe04d340da0810e46b3,2,1055,1152,98,1127.0,1224.0,97.0,0,0,0,73.0
001_250511145356.csv,fit:bd953ed8d9fdeaf6f70e8df529e53ba39388b97a9718cfe04d340da0810e46b3,3,1153,1556,404,1249.0,1652.0,403.0,0,0,0,25.0
001_250511145356.csv,fit:bd953ed8d9fdeaf6f70e8df529e53ba39388b97a9718cfe04d340da0810e46b3,4,1557,3150,1594,1671.0,3264.0,1593.0,0,0,0,19.0
001_250511145356.csv,fit:bd953ed8d9fdeaf6f70e8df529e53ba39388b97a9718cfe04d340da0810e46b3,5,3151,5038,1888,3413.0,5300.0,1887.0,0,0,0,149.0
001_250511145356.csv,fit:bd953ed8d9fdeaf6f70e8df529e53ba39388b97a9718cfe04d340da0810e46b3,6,5039,7510,2472,5311.0,7789.0,2478.0,0,0,1,11.0
002_250518083010.csv,fit:d798b0e98d78fb92ed800bf80922217a9263b7a0a753e5f0de9284291120fc23,1,0,10132,10133,0.0,10132.0,10132.0,65,16,0,
003_250524075639.csv,fit:4279d88f7a0b2ed0da31a209240ae6bfdc0fc0b8a2ef99483f8fd4ab1f42f922,1,0,3675,3676,0.0,3675.0,3675.0,0,0,0,
004_250525093943.csv,fit:f0a8d34fd1436b027339f41ab0817c5de4e6319324d2dfd97d60f56df0e79f07,1,0,111,112,0.0,111.0,111.0,0,0,0,
004_250525093943.csv,fit:f0a8d34fd1436b027339f41ab0817c5de4e6319324d2dfd97d60f56df0e79f07,2,112,1105,994,125.0,1118.0,993.0,0,0,0,14.0
004_250525093943.csv,fit:f0a8d34fd1436b027339f41ab0817c5de4e6319324d2dfd97d60f56df0e79f07,3,1106,1177,72,1194.0,1265.0,71.0,0,0,0,76.0
004_250525093943.csv,fit:f0a8d34fd1436b027339f41ab0817c5de4e6319324d2dfd97d60f56df0e79f07,4,1178,2447,1270,1849.0,3127.0,1278.0,0,0,1,584.0
004_250525093943.csv,fit:f0a8d34fd1436b027339f41ab0817c5de4e6319324d2dfd97d60f56df0e79f07,5,2448,2519,72,3518.0,3589.0,71.0,0,0,0,391.0
005_250525105224.csv,fit:2e1e0ac89806c9183b4103d234e9a804dfb41774b1cf0cce3486605525abf7a2,1,0,6221,6222,0.0,6226.0,6226.0,6,6,1,
006_250601090758.csv,fit:ab24a3b75ed10b4c51939f514002715b41f1d21540a9b9dc3ac9ec382d916911,1,0,970,971,0.0,970.0,970.0,0,0,0,
006_250601090758.csv,fit:ab24a3b75ed10b4c51939f514002715b41f1d21540a9b9dc3ac9ec382d916911,2,971,1019,49,995.0,1043.0,48.0,0,0,0,25.0
006_250601090758.csv,fit:ab24a3b75ed10b4c51939f514002715b41f1d21540a9b9dc3ac9ec382d916911,3,1020,1037,18,1095.0,1112.0,17.0,0,0,0,52.0
006_250601090758.csv,fit:ab24a3b75ed10b4c51939f514002715b41f1d21540a9b9dc3ac9ec382d916911,4,1038,1312,275,1147.0,1421.0,274.0,0,0,0,35.0
006_250601090758.csv,fit:ab24a3b75ed10b4c51939f514002715b41f1d21540a9b9dc3ac9ec382d916911,5,1313,1382,70,1584.0,1653.0,69.0,0,0,0,163.0
007_250601095058.csv,fit:6299d0f36a567afd2557f20a76873a563768ae4d6933b4b3fc172017bb27871c,1,0,5949,5950,0.0,5949.0,5949.0,17,7,0,
008_250604173939.csv,fit:9db5fef0121d344ba644a31687d0dff35659a3fd18b5a7a6713660a6bb5d5ac7,1,0,3715,3716,0.0,3715.0,3715.0,0,0,0,
009_250607081806.csv,fit:c8eeca99acfd7d9289d22e0fc16ac8aefbd49ef25c3e63e353b0b8aa4643c6a8,1,0,1798,1799,0.0,1798.0,1798.0,0,0,0,
009_250607081806.csv,fit:c8eeca99acfd7d9289d22e0fc16ac8aefbd49ef25c3e63e353b0b8aa4643c6a8,2,1799,3606,1808,1849.0,3660.0,1811.0,0,0,1,51.0
010_250608073054.csv,fit:61337ccd04fbb2beb815c116231ebc38646bd65c9028e3c40f8c260e5903df72,1,0,8275,8276,0.0,8279.0,8279.0,14,0,1,
011_250611110321.csv,fit:20a7a50b2dc2e902d837119fcc8cb2d49e71f8d5138f26b0d6212e069518af6a,1,0,3774,3775,0.0,3774.0,3774.0,0,0,0,
012_250615095052.csv,fit:b6d534b0d55965187aefb49f107f10e0595a495b5781239277071d1149e5e446,1,0,516,517,0.0,516.0,516.0,0,0,0,
012_250615095052.csv,fit:b6d534b0d55965187aefb49f107f10e0595a495b5781239277071d1149e5e446,2,517,536,20,734.0,753.0,19.0,0,0,0,218.0
012_250615095052.csv,fit:b6d534b0d55965187aefb49f107f10e0595a495b5781239277071d1149e5e446,3,537,560,24,813.0,836.0,23.0,0,0,0,60.0
012_250615095052.csv,fit:b6d534b0d55965187aefb49f107f10e0595a495b5781239277071d1149e5e446,4,561,616,56,998.0,1053.0,55.0,0,0,0,162.0
012_250615095052.csv,fit:b6d534b0d55965187aefb49f107f10e0595a495b5781239277071d1149e5e446,5,617,636,20,1123.0,1142.0,19.0,0,0,0,70.0
012_250615095052.csv,fit:b6d534b0d55965187aefb49f107f10e0595a495b5781239277071d1149e5e446,6,637,709,73,1161.0,1233.0,72.0,0,0,0,19.0
012_250615095052.csv,fit:b6d534b0d55965187aefb49f107f10e0595a495b5781239277071d1149e5e446,7,710,717,8,1424.0,1431.0,7.0,0,0,0,191.0
013_250615104019.csv,fit:88b2b04537258317dfd27d3274ff5ad0a378c13286086f95584251cc33afe483,1,0,8373,8374,0.0,8373.0,8373.0,50,26,0,
014_250618105426.csv,fit:db0c90a1392af9218036d07d2374b3e8d83a93418604182b7f81a9790373a55f,1,0,219,220,0.0,219.0,219.0,1,0,0,
015_250622100132.csv,fit:093d62ce79fd401bebeaa4c2ebb1f16bcd6b0fc6efb198845415c49c543069c7,1,0,1303,1304,0.0,1303.0,1303.0,0,0,0,
015_250622100132.csv,fit:093d62ce79fd401bebeaa4c2ebb1f16bcd6b0fc6efb198845415c49c543069c7,2,1304,1520,217,1366.0,1588.0,222.0,0,0,1,63.0
016_250622105241.csv,fit:672034aeb27a4906d75a49020b144c88c5eb72437eb03dfb4085624d282a3103,1,0,6665,6666,0.0,6665.0,6665.0,2,0,0,
017_250625105513.csv,fit:2c00887703f88c10dd1c6f2601191dbc4dfaa46f21b8f9a3602dfe18a916e9fd,1,0,4370,4371,0.0,4370.0,4370.0,0,0,0,
018_250628080614.csv,fit:747f2314c63ccabeacb28da58fe27460535ac5cdeeaf737f5ba9f9b9cee0630b,1,0,3337,3338,0.0,3346.0,3346.0,1,0,1,
019_250629080321.csv,fit:327d8d8e3c879f49b9ea35850124ee6aa0d23ef753a0791933c2eea95e49a74e,1,0,30,31,0.0,30.0,30.0,0,0,0,
019_250629080321.csv,fit:327d8d8e3c879f49b9ea35850124ee6aa0d23ef753a0791933c2eea95e49a74e,2,31,596,566,550.0,1115.0,565.0,1,0,0,520.0
019_250629080321.csv,fit:327d8d8e3c879f49b9ea35850124ee6aa0d23ef753a0791933c2eea95e49a74e,3,597,1031,435,1152.0,1588.0,436.0,0,0,1,37.0
020_250629084934.csv,fit:2a8989b2765b0b7d7e3566a7b73cba4bf28e84974df0132897f84763c8e1d600,1,0,10731,10732,0.0,10731.0,10731.0,40,39,0,
020_250629084934.csv,fit:2a8989b2765b0b7d7e3566a7b73cba4bf28e84974df0132897f84763c8e1d600,2,10732,14192,3461,10757.0,14217.0,3460.0,0,0,0,26.0
021_250701180337.csv,fit:93ecb362d04cd9bd21d5b7806b24d0cf69e786351fe2bddac4ba8d8e37c7b159,1,0,1961,1962,0.0,1961.0,1961.0,0,0,0,
021_250701180337.csv,fit:93ecb362d04cd9bd21d5b7806b24d0cf69e786351fe2bddac4ba8d8e37c7b159,2,1962,2666,705,2000.0,2704.0,704.0,0,0,0,39.0
021_250701180337.csv,fit:93ecb362d04cd9bd21d5b7806b24d0cf69e786351fe2bddac4ba8d8e37c7b159,3,2667,4843,2177,2716.0,4897.0,2181.0,0,0,1,12.0
022_250706152531.csv,fit:d4c13ab46c2a6bef62845d370be2b08bc4cb92c1650dc39056ebce7e30c798bc,1,0,836,837,0.0,836.0,836.0,0,0,0,
022_250706152531.csv,fit:d4c13ab46c2a6bef62845d370be2b08bc4cb92c1650dc39056ebce7e30c798bc,2,837,1305,469,855.0,1323.0,468.0,0,0,0,19.0
022_250706152531.csv,fit:d4c13ab46c2a6bef62845d370be2b08bc4cb92c1650dc39056ebce7e30c798bc,3,1306,9717,8412,1395.0,9806.0,8411.0,0,0,0,72.0
022_250706152531.csv,fit:d4c13ab46c2a6bef62845d370be2b08bc4cb92c1650dc39056ebce7e30c798bc,4,9718,10876,1159,9934.0,11097.0,1163.0,0,0,1,128.0
022_250706152531.csv,fit:d4c13ab46c2a6bef62845d370be2b08bc4cb92c1650dc39056ebce7e30c798bc,5,10877,11384,508,11156.0,11663.0,507.0,0,0,0,59.0
023_250708171459.csv,fit:427d7eacfd0ac0a298060f0342190f61db2b003b584506ff5b58548aacdee71d,1,0,5015,5016,0.0,5028.0,5028.0,0,0,2,
024_250709173010.csv,fit:e3d56ee010891547bf5bc8f5e49d8b070d3566de50a464a905137d1420160656,1,0,1037,1038,0.0,1044.0,1044.0,0,0,1,
024_250709173010.csv,fit:e3d56ee010891547bf5bc8f5e49d8b070d3566de50a464a905137d1420160656,2,1038,4677,3640,1061.0,4706.0,3645.0,0,0,1,17.0
025_250712072905.csv,fit:3c9bbdd8024c1251b49a6a58b8a4fd32f2a23aa33c83b96e137fdbc7539c8804,1,0,3565,3566,0.0,3565.0,3565.0,0,0,0,
025_250712072905.csv,fit:3c9bbdd8024c1251b49a6a58b8a4fd32f2a23aa33c83b96e137fdbc7539c8804,2,3566,4521,956,3582.0,4537.0,955.0,0,0,0,17.0
025_250712072905.csv,fit:3c9bbdd8024c1251b49a6a58b8a4fd32f2a23aa33c83b96e137fdbc7539c8804,3,4522,7406,2885,4553.0,7437.0,2884.0,0,0,0,16.0
025_250712072905.csv,fit:3c9bbdd8024c1251b49a6a58b8a4fd32f2a23aa33c83b96e137fdbc7539c8804,4,7407,9710,2304,7484.0,9787.0,2303.0,0,0,0,47.0
025_250712072905.csv,fit:3c9bbdd8024c1251b49a6a58b8a4fd32f2a23aa33c83b96e137fdbc7539c8804,5,9711,9728,18,9804.0,9821.0,17.0,0,0,0,17.0
025_250712072905.csv,fit:3c9bbdd8024c1251b49a6a58b8a4fd32f2a23aa33c83b96e137fdbc7539c8804,6,9729,9899,171,9859.0,10029.0,170.0,0,0,0,38.0
025_250712072905.csv,fit:3c9bbdd8024c1251b49a6a58b8a4fd32f2a23aa33c83b96e137fdbc7539c8804,7,9900,11376,1477,10051.0,11527.0,1476.0,0,0,0,22.0
025_250712072905.csv,fit:3c9bbdd8024c1251b49a6a58b8a4fd32f2a23aa33c83b96e137fdbc7539c8804,8,11377,13324,1948,11546.0,13493.0,1947.0,0,0,0,19.0
025_250712072905.csv,fit:3c9bbdd8024c1251b49a6a58b8a4fd32f2a23aa33c83b96e137fdbc7539c8804,9,13325,13369,45,13569.0,13613.0,44.0,0,0,0,76.0
025_250712072905.csv,fit:3c9bbdd8024c1251b49a6a58b8a4fd32f2a23aa33c83b96e137fdbc7539c8804,10,13370,13616,247,13646.0,13892.0,246.0,0,0,0,33.0
025_250712072905.csv,fit:3c9bbdd8024c1251b49a6a58b8a4fd32f2a23aa33c83b96e137fdbc7539c8804,11,13617,16679,3063,14187.0,17249.0,3062.0,0,0,0,295.0
025_250712072905.csv,fit:3c9bbdd8024c1251b49a6a58b8a4fd32f2a23aa33c83b96e137fdbc7539c8804,12,16680,17093,414,17275.0,17688.0,413.0,0,0,0,26.0
026_250715165154.csv,fit:6e89a0befe0a3ac47a7a1c34172354760de7b862b17e4a8744ec85fadd57b030,1,0,193,194,0.0,193.0,193.0,0,0,0,
026_250715165154.csv,fit:6e89a0befe0a3ac47a7a1c34172354760de7b862b17e4a8744ec85fadd57b030,2,194,4881,4688,252.0,4946.0,4694.0,0,0,1,59.0
026_250715165154.csv,fit:6e89a0befe0a3ac47a7a1c34172354760de7b862b17e4a8744ec85fadd57b030,3,4882,5230,349,4964.0,5312.0,348.0,0,0,0,18.0
026_250715165154.csv,fit:6e89a0befe0a3ac47a7a1c34172354760de7b862b17e4a8744ec85fadd57b030,4,5231,5486,256,5389.0,5644.0,255.0,0,0,0,77.0
027_250716153128.csv,fit:657741a578b890fd82e4c78d9f8d7ba9eeef8e949d5aa3d7f03de1e1c35fa752,1,0,4690,4691,0.0,4697.0,4697.0,0,0,1,
028_250717102658.csv,fit:6f0193eb6b5521365b2256cc7655b148139f2f7ae8ddc611e194ea8367f14a98,1,0,1338,1339,0.0,1338.0,1338.0,0,0,0,
028_250717102658.csv,fit:6f0193eb6b5521365b2256cc7655b148139f2f7ae8ddc611e194ea8367f14a98,2,1339,1710,372,1351.0,1722.0,371.0,0,0,0,13.0
028_250717102658.csv,fit:6f0193eb6b5521365b2256cc7655b148139f2f7ae8ddc611e194ea8367f14a98,3,1711,3482,1772,1782.0,3553.0,1771.0,0,0,0,60.0
028_250717102658.csv,fit:6f0193eb6b5521365b2256cc7655b148139f2f7ae8ddc611e194ea8367f14a98,4,3483,4946,1464,3618.0,5081.0,1463.0,0,0,0,65.0
029_250718101116.csv,fit:84f3302e1ae40a14a1559ac794a865ed5912459c4c2aa9d270d1f3af00ace206,1,0,3798,3799,0.0,3805.0,3805.0,2,0,2,
029_250718101116.csv,fit:84f3302e1ae40a14a1559ac794a865ed5912459c4c2aa9d270d1f3af00ace206,2,3799,4280,482,3858.0,4339.0,481.0,0,0,0,53.0
029_250718101116.csv,fit:84f3302e1ae40a14a1559ac794a865ed5912459c4c2aa9d270d1f3af00ace206,3,4281,6655,2375,4380.0,6760.0,2380.0,0,0,1,41.0
030_250722170310.csv,fit:7ccf5e24d71e45af0e0414ebfbe0abb40e903411b089acd1c6e7cad9c845e632,1,0,187,188,0.0,187.0,187.0,0,0,0,
030_250722170310.csv,fit:7ccf5e24d71e45af0e0414ebfbe0abb40e903411b089acd1c6e7cad9c845e632,2,188,232,45,327.0,371.0,44.0,0,0,0,140.0
030_250722170310.csv,fit:7ccf5e24d71e45af0e0414ebfbe0abb40e903411b089acd1c6e7cad9c845e632,3,233,4682,4450,385.0,4834.0,4449.0,0,0,0,14.0
030_250722170310.csv,fit:7ccf5e24d71e45af0e0414ebfbe0abb40e903411b089acd1c6e7cad9c845e632,4,4683,5201,519,4850.0,5368.0,518.0,0,0,0,16.0
031_250723173905.csv,fit:0ee8ebeb882b9c8ac7371622aa68aa4f2ed90efe5b43e9c96b1f0cf24011cd50,1,0,1985,1986,0.0,1985.0,1985.0,0,0,0,
031_250723173905.csv,fit:0ee8ebeb882b9c8ac7371622aa68aa4f2ed90efe5b43e9c96b1f0cf24011cd50,2,1986,5229,3244,2112.0,5355.0,3243.0,0,0,0,127.0
032_250726080238.csv,fit:e5842b6d123aa0e500023d289248a29f169b398c18398c01fbd7b8395c9d04f3,1,0,604,605,0.0,604.0,604.0,0,0,0,
032_250726080238.csv,fit:e5842b6d123aa0e500023d289248a29f169b398c18398c01fbd7b8395c9d04f3,2,605,8619,8015,677.0,8694.0,8017.0,0,0,1,73.0
032_250726080238.csv,fit:e5842b6d123aa0e500023d289248a29f169b398c18398c01fbd7b8395c9d04f3,3,8620,8775,156,8889.0,9044.0,155.0,0,0,0,195.0
032_250726080238.csv,fit:e5842b6d123aa0e500023d289248a29f169b398c18398c01fbd7b8395c9d04f3,4,8776,8853,78,9238.0,9315.0,77.0,0,0,0,194.0
032_250726080238.csv,fit:e5842b6d123aa0e500023d289248a29f169b398c18398c01fbd7b8395c9d04f3,5,8854,8872,19,9330.0,9348.0,18.0,0,0,0,15.0
032_250726080238.csv,fit:e5842b6d123aa0e500023d289248a29f169b398c18398c01fbd7b8395c9d04f3,6,8873,11829,2957,9370.0,12330.0,2960.0,0,0,1,22.0
032_250726080238.csv,fit:e5842b6d123aa0e500023d289248a29f169b398c18398c01fbd7b8395c9d04f3,7,11830,11835,6,12405.0,12410.0,5.0,0,0,0,75.0
032_250726080238.csv,fit:e5842b6d123aa0e500023d289248a29f169b398c18398c01fbd7b8395c9d04f3,8,11836,12334,499,12464.0,12962.0,498.0,0,0,0,54.0
032_250726080238.csv,fit:e5842b6d123aa0e500023d289248a29f169b398c18398c01fbd7b8395c9d04f3,9,12335,14054,1720,12998.0,14717.0,1719.0,0,0,0,36.0
032_250726080238.csv,fit:e5842b6d123aa0e500023d289248a29f169b398c18398c01fbd7b8395c9d04f3,10,14055,14150,96,14741.0,14836.0,95.0,0,0,0,24.0
032_250726080238.csv,fit:e5842b6d123aa0e500023d289248a29f169b398c18398c01fbd7b8395c9d04f3,11,14151,16129,1979,15022.0,17008.0,1986.0,0,0,1,186.0
033_250729173622.csv,fit:98fd4dcb906faaa80cda1a42cfd8ecfa104df99f559868790cb7ab0f6931f6df,1,0,4979,4980,0.0,4979.0,4979.0,0,0,0,
034_250731170346.csv,fit:9dad890563c823a588f607ef53cc710ab11386fbbbb35abc537d898460d364da,1,0,1510,1511,0.0,1510.0,1510.0,0,0,0,
034_250731170346.csv,fit:9dad890563c823a588f607ef53cc710ab11386fbbbb35abc537d898460d364da,2,1511,5471,3961,1529.0,5494.0,3965.0,0,0,1,19.0
034_250731170346.csv,fit:9dad890563c823a588f607ef53cc710ab11386fbbbb35abc537d898460d364da,3,5472,5626,155,5553.0,5707.0,154.0,0,0,0,59.0
034_250731170346.csv,fit:9dad890563c823a588f607ef53cc710ab11386fbbbb35abc537d898460d364da,4,5627,6117,491,5773.0,6263.0,490.0,0,0,0,66.0
034_250731170346.csv,fit:9dad890563c823a588f607ef53cc710ab11386fbbbb35abc537d898460d364da,5,6118,8103,1986,6275.0,8260.0,1985.0,0,0,0,12.0
034_250731170346.csv,fit:9dad890563c823a588f607ef53cc710ab11386fbbbb35abc537d898460d364da,6,8104,8353,250,8314.0,8563.0,249.0,0,0,0,54.0
035_250815073628.csv,fit:a6b774a1f2999b796579114246cee0b4e1e606f476d6b3c15ce00e176bdfd56d,1,0,4081,4082,0.0,4087.0,4087.0,0,0,1,
035_250815073628.csv,fit:a6b774a1f2999b796579114246cee0b4e1e606f476d6b3c15ce00e176bdfd56d,2,4082,4192,111,4105.0,4215.0,110.0,0,0,0,18.0
035_250815073628.csv,fit:a6b774a1f2999b796579114246cee0b4e1e606f476d6b3c15ce00e176bdfd56d,3,4193,6768,2576,4323.0,6898.0,2575.0,0,0,0,108.0
035_250815073628.csv,fit:a6b774a1f2999b796579114246cee0b4e1e606f476d6b3c15ce00e176bdfd56d,4,6769,6774,6,6934.0,6939.0,5.0,0,0,0,36.0
035_250815073628.csv,fit:a6b774a1f2999b796579114246cee0b4e1e606f476d6b3c15ce00e176bdfd56d,5,6775,6940,166,6974.0,7139.0,165.0,0,0,0,35.0
035_250815073628.csv,fit:a6b774a1f2999b796579114246cee0b4e1e606f476d6b3c15ce00e176bdfd56d,6,6941,7305,365,7174.0,7538.0,364.0,0,0,0,35.0
036_250823070906.csv,fit:9576a57a0cf08ebf6f8fe766c5e7b8af2e8b68c43eea1aeb6ae3645cc76e2598,1,0,1802,1803,0.0,1802.0,1802.0,0,0,0,
036_250823070906.csv,fit:9576a57a0cf08ebf6f8fe766c5e7b8af2e8b68c43eea1aeb6ae3645cc76e2598,2,1803,3276,1474,1816.0,3289.0,1473.0,0,0,0,14.0
036_250823070906.csv,fit:9576a57a0cf08ebf6f8fe766c5e7b8af2e8b68c43eea1aeb6ae3645cc76e2598,3,3277,5460,2184,3357.0,5540.0,2183.0,0,0,0,68.0
036_250823070906.csv,fit:9576a57a0cf08ebf6f8fe766c5e7b8af2e8b68c43eea1aeb6ae3645cc76e2598,4,5461,5631,171,5885.0,6055.0,170.0,1,0,0,345.0
036_250823070906.csv,fit:9576a57a0cf08ebf6f8fe766c5e7b8af2e8b68c43eea1aeb6ae3645cc76e2598,5,5632,7102,1471,6084.0,7563.0,1479.0,0,0,1,29.0
036_250823070906.csv,fit:9576a57a0cf08ebf6f8fe766c5e7b8af2e8b68c43eea1aeb6ae3645cc76e2598,6,7103,9251,2149,7614.0,9762.0,2148.0,0,0,0,51.0
036_250823070906.csv,fit:9576a57a0cf08ebf6f8fe766c5e7b8af2e8b68c43eea1aeb6ae3645cc76e2598,7,9252,10078,827,9968.0,10794.0,826.0,0,0,0,206.0
036_250823070906.csv,fit:9576a57a0cf08ebf6f8fe766c5e7b8af2e8b68c43eea1aeb6ae3645cc76e2598,8,10079,11195,1117,10829.0,11945.0,1116.0,0,0,0,35.0
036_250823070906.csv,fit:9576a57a0cf08ebf6f8fe766c5e7b8af2e8b68c43eea1aeb6ae3645cc76e2598,9,11196,13652,2457,12002.0,14458.0,2456.0,0,0,0,57.0
036_250823070906.csv,fit:9576a57a0cf08ebf6f8fe766c5e7b8af2e8b68c43eea1aeb6ae3645cc76e2598,10,13653,13669,17,14662.0,14678.0,16.0,0,0,0,204.0
036_250823070906.csv,fit:9576a57a0cf08ebf6f8fe766c5e7b8af2e8b68c43eea1aeb6ae3645cc76e2598,11,13670,14320,651,14700.0,15350.0,650.0,0,0,0,22.0
036_250823070906.csv,fit:9576a57a0cf08ebf6f8fe766c5e7b8af2e8b68c43eea1aeb6ae3645cc76e2598,12,14321,15781,1461,15413.0,16873.0,1460.0,0,0,0,63.0
036_250823070906.csv,fit:9576a57a0cf08ebf6f8fe766c5e7b8af2e8b68c43eea1aeb6ae3645cc76e2598,13,15782,16934,1153,16893.0,18045.0,1152.0,0,0,0,20.0
036_250823070906.csv,fit:9576a57a0cf08ebf6f8fe766c5e7b8af2e8b68c43eea1aeb6ae3645cc76e2598,14,16935,17085,151,18071.0,18221.0,150.0,0,0,0,26.0
036_250823070906.csv,fit:9576a57a0cf08ebf6f8fe766c5e7b8af2e8b68c43eea1aeb6ae3645cc76e2598,15,17086,17567,482,18283.0,18769.0,486.0,0,0,1,62.0
037_250830074715.csv,fit:ea24c326f5c7cb356a228e0713d57ed403a6c8054f538d254cee9a67841d94ce,1,0,6941,6942,0.0,6941.0,6941.0,0,0,0,
038_250831104855.csv,fit:3d9a7f44fd995a25f07ccfe7153b6952dbc13782668097890246a41cb285978d,1,0,5742,5743,0.0,5742.0,5742.0,6,50,0,
038_250831104855.csv,fit:3d9a7f44fd995a25f07ccfe7153b6952dbc13782668097890246a41cb285978d,2,5743,5845,103,5827.0,5929.0,102.0,0,0,0,85.0
038_250831104855.csv,fit:3d9a7f44fd995a25f07ccfe7153b6952dbc13782668097890246a41cb285978d,3,5846,5864,19,5954.0,5979.0,25.0,0,0,1,25.0
039_250831123125.csv,fit:55e9390b04a7247293e6139cf8eca88ecff59c08b3817945465d652eded9c8bb,1,0,477,478,0.0,477.0,477.0,0,0,0,
039_250831123125.csv,fit:55e9390b04a7247293e6139cf8eca88ecff59c08b3817945465d652eded9c8bb,2,478,586,109,552.0,660.0,108.0,0,0,0,75.0
039_250831123125.csv,fit:55e9390b04a7247293e6139cf8eca88ecff59c08b3817945465d652eded9c8bb,3,587,591,5,1018.0,1022.0,4.0,0,5,0,358.0
040_250906154316.csv,fit:e132bf2d9108324574334bdc27a950c6e12105c38a576939f4ac9a4551f2fe92,1,0,446,447,0.0,446.0,446.0,0,0,0,
040_250906154316.csv,fit:e132bf2d9108324574334bdc27a950c6e12105c38a576939f4ac9a4551f2fe92,2,447,835,389,460.0,853.0,393.0,0,0,1,14.0
040_250906154316.csv,fit:e132bf2d9108324574334bdc27a950c6e12105c38a576939f4ac9a4551f2fe92,3,836,2042,1207,927.0,2133.0,1206.0,0,0,0,74.0
040_250906154316.csv,fit:e132bf2d9108324574334bdc27a950c6e12105c38a576939f4ac9a4551f2fe92,4,2043,2378,336,2166.0,2501.0,335.0,0,0,0,33.0
040_250906154316.csv,fit:e132bf2d9108324574334bdc27a950c6e12105c38a576939f4ac9a4551f2fe92,5,2379,2452,74,3363.0,3436.0,73.0,1,0,0,862.0
041_250906164426.csv,fit:7526d2adeba82769cd70fc67a5c9fa18751a78647ea6af03dadf8d2bc93a8389,1,0,4683,4684,0.0,4683.0,4683.0,14,0,0,
042_250907080204.csv,fit:bb3e9c5c18b1008c5dc6676dff0137c7084fb4bdeadee0f8657506ec8898f4a7,1,0,79,80,0.0,79.0,79.0,0,0,0,
042_250907080204.csv,fit:bb3e9c5c18b1008c5dc6676dff0137c7084fb4bdeadee0f8657506ec8898f4a7,2,80,3931,3852,157.0,4016.0,3859.0,0,0,1,78.0
042_250907080204.csv,fit:bb3e9c5c18b1008c5dc6676dff0137c7084fb4bdeadee0f8657506ec8898f4a7,3,3932,6394,2463,4105.0,6584.0,2479.0,0,0,2,89.0
043_250913140208.csv,fit:1d2816bc8dd064be5d55b2efd7cf629a7a6d2aa5cafc86b5b1bfe80fa0b3d867,1,0,84,85,0.0,84.0,84.0,0,0,0,
043_250913140208.csv,fit:1d2816bc8dd064be5d55b2efd7cf629a7a6d2aa5cafc86b5b1bfe80fa0b3d867,2,85,87,3,99.0,101.0,2.0,0,0,0,15.0
043_250913140208.csv,fit:1d2816bc8dd064be5d55b2efd7cf629a7a6d2aa5cafc86b5b1bfe80fa0b3d867,3,88,99,12,115.0,126.0,11.0,0,0,0,14.0
043_250913140208.csv,fit:1d2816bc8dd064be5d55b2efd7cf629a7a6d2aa5cafc86b5b1bfe80fa0b3d867,4,100,1357,1258,193.0,1450.0,1257.0,0,0,0,67.0
043_250913140208.csv,fit:1d2816bc8dd064be5d55b2efd7cf629a7a6d2aa5cafc86b5b1bfe80fa0b3d867,5,1358,1467,110,1582.0,1691.0,109.0,0,0,0,132.0
043_250913140208.csv,fit:1d2816bc8dd064be5d55b2efd7cf629a7a6d2aa5cafc86b5b1bfe80fa0b3d867,6,1468,1602,135,1799.0,1933.0,134.0,0,0,0,108.0
043_250913140208.csv,fit:1d2816bc8dd064be5d55b2efd7cf629a7a6d2aa5cafc86b5b1bfe80fa0b3d867,7,1603,2181,579,1956.0,2534.0,578.0,0,0,0,23.0
043_250913140208.csv,fit:1d2816bc8dd064be5d55b2efd7cf629a7a6d2aa5cafc86b5b1bfe80fa0b3d867,8,2182,2687,506,2548.0,3053.0,505.0,0,0,0,14.0
044_250913145805.csv,fit:3090080b3a6bffbbd5a59954a65f597f9ddd8852bbcd1a0a96fa82a44a2c12dc,1,0,5135,5136,0.0,5138.0,5138.0,26,0,1,
045_250914163102.csv,fit:53ceb2ac5d243f2e484b3d54e5678c408912ee0ba399fecc821e156ad70fc41e,1,0,1589,1590,0.0,1589.0,1589.0,0,0,0,
045_250914163102.csv,fit:53ceb2ac5d243f2e484b3d54e5678c408912ee0ba399fecc821e156ad70fc41e,2,1590,1640,51,1742.0,1792.0,50.0,0,0,0,153.0
045_250914163102.csv,fit:53ceb2ac5d243f2e484b3d54e5678c408912ee0ba399fecc821e156ad70fc41e,3,1641,3194,1554,1832.0,3385.0,1553.0,0,0,0,40.0
045_250914163102.csv,fit:53ceb2ac5d243f2e484b3d54e5678c408912ee0ba399fecc821e156ad70fc41e,4,3195,3630,436,3401.0,3836.0,435.0,0,0,0,16.0
045_250914163102.csv,fit:53ceb2ac5d243f2e484b3d54e5678c408912ee0ba399fecc821e156ad70fc41e,5,3631,4038,408,3852.0,4259.0,407.0,0,0,0,16.0
046_250920081438.csv,fit:93904bc0a74fbc85edcb215de54b01e276ae4ed85259ba1762f63a99e5d4dc3c,1,0,5191,5192,0.0,5200.0,5200.0,0,0,1,
046_250920081438.csv,fit:93904bc0a74fbc85edcb215de54b01e276ae4ed85259ba1762f63a99e5d4dc3c,2,5192,5441,250,5261.0,5510.0,249.0,0,0,0,61.0
047_250921082448.csv,fit:5f3234c64cccd7dda72c2438a560f1661858a93071dc4d855a4ee10cc6c8e40f,1,0,1434,1435,0.0,1434.0,1434.0,0,0,0,
047_250921082448.csv,fit:5f3234c64cccd7dda72c2438a560f1661858a93071dc4d855a4ee10cc6c8e40f,2,1435,1503,69,1480.0,1548.0,68.0,0,0,0,46.0
048_250921090114.csv,fit:29c6b2c4c32264126a2f359660519af90a1d1d08628aa7af2dac8889d7f23e86,1,0,7390,7391,0.0,7393.0,7393.0,15,23,1,
049_251011081438.csv,fit:06ab469a75256944c36383c4817288da1db87343fd8245e2c210fa0583dba5c2,1,0,4529,4530,0.0,4529.0,4529.0,0,0,0,
049_251011081438.csv,fit:06ab469a75256944c36383c4817288da1db87343fd8245e2c210fa0583dba5c2,2,4530,6490,1961,4567.0,6527.0,1960.0,0,0,0,38.0
049_251011081438.csv,fit:06ab469a75256944c36383c4817288da1db87343fd8245e2c210fa0583dba5c2,3,6491,9067,2577,6741.0,9317.0,2576.0,0,0,0,214.0
049_251011081438.csv,fit:06ab469a75256944c36383c4817288da1db87343fd8245e2c210fa0583dba5c2,4,9068,11231,2164,9372.0,11535.0,2163.0,0,0,0,55.0
049_251011081438.csv,fit:06ab469a75256944c36383c4817288da1db87343fd8245e2c210fa0583dba5c2,5,11232,12750,1519,11602.0,13120.0,1518.0,0,0,0,67.0
049_251011081438.csv,fit:06ab469a75256944c36383c4817288da1db87343fd8245e2c210fa0583dba5c2,6,12751,12764,14,13145.0,13158.0,13.0,0,0,0,25.0
049_251011081438.csv,fit:06ab469a75256944c36383c4817288da1db87343fd8245e2c210fa0583dba5c2,7,12765,13083,319,13174.0,13492.0,318.0,0,0,0,16.0
049_251011081438.csv,fit:06ab469a75256944c36383c4817288da1db87343fd8245e2c210fa0583dba5c2,8,13084,13329,246,13626.0,13871.0,245.0,0,0,0,134.0
050_251015170431.csv,fit:54dd364f347e8a5cce9bbe7762dede7f26313bfb11d90fa65605baf3956143ba,1,0,624,625,0.0,624.0,624.0,0,0,0,
050_251015170431.csv,fit:54dd364f347e8a5cce9bbe7762dede7f26313bfb11d90fa65605baf3956143ba,2,625,1004,380,637.0,1016.0,379.0,0,0,0,13.0
050_251015170431.csv,fit:54dd364f347e8a5cce9bbe7762dede7f26313bfb11d90fa65605baf3956143ba,3,1005,1157,153,1051.0,1203.0,152.0,0,0,0,35.0
050_251015170431.csv,fit:54dd364f347e8a5cce9bbe7762dede7f26313bfb11d90fa65605baf3956143ba,4,1158,1533,376,1216.0,1591.0,375.0,0,0,0,13.0
050_251015170431.csv,fit:54dd364f347e8a5cce9bbe7762dede7f26313bfb11d90fa65605baf3956143ba,5,1534,1575,42,1603.0,1644.0,41.0,0,0,0,12.0
050_251015170431.csv,fit:54dd364f347e8a5cce9bbe7762dede7f26313bfb11d90fa65605baf3956143ba,6,1576,4895,3320,1657.0,4982.0,3325.0,0,0,1,13.0
051_251018083143.csv,fit:96bb4feff6bd3590d06373cc9f53c42863482b41c765ea0ded13a28525f60346,1,0,4409,4410,0.0,4409.0,4409.0,0,0,0,
051_251018083143.csv,fit:96bb4feff6bd3590d06373cc9f53c42863482b41c765ea0ded13a28525f60346,2,4410,4430,21,4449.0,4469.0,20.0,0,0,0,40.0
051_251018083143.csv,fit:96bb4feff6bd3590d06373cc9f53c42863482b41c765ea0ded13a28525f60346,3,4431,11374,6944,4499.0,11442.0,6943.0,0,0,0,30.0
051_251018083143.csv,fit:96bb4feff6bd3590d06373cc9f53c42863482b41c765ea0ded13a28525f60346,4,11375,13230,1856,11480.0,13335.0,1855.0,0,0,0,38.0
051_251018083143.csv,fit:96bb4feff6bd3590d06373cc9f53c42863482b41c765ea0ded13a28525f60346,5,13231,13627,397,13368.0,13767.0,399.0,0,0,1,33.0
052_251025083018.csv,fit:77129273bbd35d9ebac84db2cb62f23d28c77e5255861e24af4b6773fcfc52ab,1,0,3152,3153,0.0,3159.0,3159.0,0,0,1,
052_251025083018.csv,fit:77129273bbd35d9ebac84db2cb62f23d28c77e5255861e24af4b6773fcfc52ab,2,3153,6323,3171,3176.0,6346.0,3170.0,0,0,0,17.0
052_251025083018.csv,fit:77129273bbd35d9ebac84db2cb62f23d28c77e5255861e24af4b6773fcfc52ab,3,6324,7818,1495,6608.0,8109.0,1501.0,0,0,1,262.0
052_251025083018.csv,fit:77129273bbd35d9ebac84db2cb62f23d28c77e5255861e24af4b6773fcfc52ab,4,7819,9343,1525,8123.0,9647.0,1524.0,0,0,0,14.0
052_251025083018.csv,fit:77129273bbd35d9ebac84db2cb62f23d28c77e5255861e24af4b6773fcfc52ab,5,9344,11218,1875,9664.0,11538.0,1874.0,0,0,0,17.0
052_251025083018.csv,fit:77129273bbd35d9ebac84db2cb62f23d28c77e5255861e24af4b6773fcfc52ab,6,11219,12279,1061,11560.0,12620.0,1060.0,0,0,0,22.0
052_251025083018.csv,fit:77129273bbd35d9ebac84db2cb62f23d28c77e5255861e24af4b6773fcfc52ab,7,12280,14242,1963,12777.0,14739.0,1962.0,0,0,0,157.0
053_251220083114.csv,fit:07f1221b004b3ea133ad7b74bc1256bc2d32e8b40e2314d15e4bad8418f8a64b,1,0,10703,10704,0.0,10708.0,10708.0,0,31,1,
053_251220083114.csv,fit:07f1221b004b3ea133ad7b74bc1256bc2d32e8b40e2314d15e4bad8418f8a64b,2,10704,13608,2905,11716.0,14620.0,2904.0,1,0,0,1008.0
053_251220083114.csv,fit:07f1221b004b3ea133ad7b74bc1256bc2d32e8b40e2314d15e4bad8418f8a64b,3,13609,13831,223,14631.0,14853.0,222.0,0,0,0,11.0
053_251220083114.csv,fit:07f1221b004b3ea133ad7b74bc1256bc2d32e8b40e2314d15e4bad8418f8a64b,4,13832,13834,3,14875.0,14877.0,2.0,0,0,0,22.0
053_251220083114.csv,fit:07f1221b004b3ea133ad7b74bc1256bc2d32e8b40e2314d15e4bad8418f8a64b,5,13835,13931,97,14895.0,14991.0,96.0,0,0,0,18.0
054_260105090043.csv,fit:2daedc97b4bc044fdedba49d8ee3adec29abb78486b7332936ae12a0a5c674cc,1,0,1771,1772,0.0,1771.0,1771.0,0,0,0,
054_260105090043.csv,fit:2daedc97b4bc044fdedba49d8ee3adec29abb78486b7332936ae12a0a5c674cc,2,1772,6717,4946,1797.0,6742.0,4945.0,0,0,0,26.0
054_260105090043.csv,fit:2daedc97b4bc044fdedba49d8ee3adec29abb78486b7332936ae12a0a5c674cc,3,6718,9226,2509,6864.0,9372.0,2508.0,0,0,0,122.0
054_260105090043.csv,fit:2daedc97b4bc044fdedba49d8ee3adec29abb78486b7332936ae12a0a5c674cc,4,9227,10812,1586,9413.0,10998.0,1585.0,0,0,0,41.0
054_260105090043.csv,fit:2daedc97b4bc044fdedba49d8ee3adec29abb78486b7332936ae12a0a5c674cc,5,10813,12659,1847,11472.0,13318.0,1846.0,4,0,0,474.0
055_260110082743.csv,fit:04f01143c9c76334dc1f7df426f77ac3e8992091d4090e6b06142aee6f9de488,1,0,3702,3703,0.0,3702.0,3702.0,0,2,0,
055_260110082743.csv,fit:04f01143c9c76334dc1f7df426f77ac3e8992091d4090e6b06142aee6f9de488,2,3703,3836,134,3736.0,3869.0,133.0,0,0,0,34.0
055_260110082743.csv,fit:04f01143c9c76334dc1f7df426f77ac3e8992091d4090e6b06142aee6f9de488,3,3837,4381,545,3880.0,4424.0,544.0,0,0,0,11.0
055_260110082743.csv,fit:04f01143c9c76334dc1f7df426f77ac3e8992091d4090e6b06142aee6f9de488,4,4382,5573,1192,4492.0,5683.0,1191.0,0,0,0,68.0
055_260110082743.csv,fit:04f01143c9c76334dc1f7df426f77ac3e8992091d4090e6b06142aee6f9de488,5,5574,5663,90,5705.0,5794.0,89.0,0,0,0,22.0
055_260110082743.csv,fit:04f01143c9c76334dc1f7df426f77ac3e8992091d4090e6b06142aee6f9de488,6,5664,5965,302,5819.0,6120.0,301.0,0,0,0,25.0
055_260110082743.csv,fit:04f01143c9c76334dc1f7df426f77ac3e8992091d4090e6b06142aee6f9de488,7,5966,8267,2302,6157.0,8458.0,2301.0,0,0,0,37.0
055_260110082743.csv,fit:04f01143c9c76334dc1f7df426f77ac3e8992091d4090e6b06142aee6f9de488,8,8268,8273,6,8503.0,8508.0,5.0,0,0,0,45.0
055_260110082743.csv,fit:04f01143c9c76334dc1f7df426f77ac3e8992091d4090e6b06142aee6f9de488,9,8274,10118,1845,8529.0,10373.0,1844.0,0,0,0,21.0
055_260110082743.csv,fit:04f01143c9c76334dc1f7df426f77ac3e8992091d4090e6b06142aee6f9de488,10,10119,12042,1924,10398.0,12324.0,1926.0,0,0,1,25.0
055_260110082743.csv,fit:04f01143c9c76334dc1f7df426f77ac3e8992091d4090e6b06142aee6f9de488,11,12043,13681,1639,12351.0,13989.0,1638.0,0,0,0,27.0
055_260110082743.csv,fit:04f01143c9c76334dc1f7df426f77ac3e8992091d4090e6b06142aee6f9de488,12,13682,13861,180,14012.0,14191.0,179.0,0,0,0,23.0
055_260110082743.csv,fit:04f01143c9c76334dc1f7df426f77ac3e8992091d4090e6b06142aee6f9de488,13,13862,14247,386,14237.0,14622.0,385.0,0,0,0,46.0
056_260117082736.csv,fit:e673dedcc031fb69402efb98bf23871746412e2a73c45aea5cf54dd1ce548c88,1,0,1877,1878,0.0,1877.0,1877.0,0,0,0,
056_260117082736.csv,fit:e673dedcc031fb69402efb98bf23871746412e2a73c45aea5cf54dd1ce548c88,2,1878,11083,9206,1903.0,11127.0,9224.0,0,0,3,26.0
056_260117082736.csv,fit:e673dedcc031fb69402efb98bf23871746412e2a73c45aea5cf54dd1ce548c88,3,11084,13302,2219,11259.0,13486.0,2227.0,0,0,1,132.0
056_260117082736.csv,fit:e673dedcc031fb69402efb98bf23871746412e2a73c45aea5cf54dd1ce548c88,4,13303,13535,233,13575.0,13807.0,232.0,0,0,0,89.0
057_260221081917.csv,fit:27488f5fc11d1ab5915ecc300728a57b5deb298a60aab12197e08e24ac30bd61,1,0,6053,6054,0.0,6053.0,6053.0,0,0,0,
057_260221081917.csv,fit:27488f5fc11d1ab5915ecc300728a57b5deb298a60aab12197e08e24ac30bd61,2,6054,6659,606,6205.0,6810.0,605.0,0,0,0,152.0
057_260221081917.csv,fit:27488f5fc11d1ab5915ecc300728a57b5deb298a60aab12197e08e24ac30bd61,3,6660,9989,3330,6871.0,10200.0,3329.0,0,0,0,61.0
057_260221081917.csv,fit:27488f5fc11d1ab5915ecc300728a57b5deb298a60aab12197e08e24ac30bd61,4,9990,9992,3,10253.0,10255.0,2.0,0,0,0,53.0
057_260221081917.csv,fit:27488f5fc11d1ab5915ecc300728a57b5deb298a60aab12197e08e24ac30bd61,5,9993,13674,3682,10694.0,14379.0,3685.0,0,0,1,439.0
058_260301114610.csv,fit:6d3bda8bc4727f95a896e0c3183f5080187ad7c1b4735a1831aefa4933165612,1,0,7914,7915,0.0,7914.0,7914.0,74,1,0,
059_260321102409.csv,fit:8a1944a949ba5ea203916c87368730ff72827eb0c9ba14899166999fc38219fb,1,0,3944,3945,0.0,3944.0,3944.0,0,0,0,
059_260321102409.csv,fit:8a1944a949ba5ea203916c87368730ff72827eb0c9ba14899166999fc38219fb,2,3945,5481,1537,3963.0,5499.0,1536.0,0,0,0,19.0
060_260322111400.csv,fit:d1cf3412a269d81ff570d78a33351d1bcdb5d97ead0e87aa5f6eba60d5237d29,1,0,5155,5156,0.0,5158.0,5158.0,7,11,1,
061_260404082403.csv,fit:febaaaf5812d5a4d961754104dd48b058802abe8740d9686dbdc69e9560196ba,1,0,2214,2215,0.0,2214.0,2214.0,1,0,0,
061_260404082403.csv,fit:febaaaf5812d5a4d961754104dd48b058802abe8740d9686dbdc69e9560196ba,2,2215,2285,71,2792.0,2862.0,70.0,1,0,0,578.0
061_260404082403.csv,fit:febaaaf5812d5a4d961754104dd48b058802abe8740d9686dbdc69e9560196ba,3,2286,3085,800,2881.0,3680.0,799.0,0,0,0,19.0
061_260404082403.csv,fit:febaaaf5812d5a4d961754104dd48b058802abe8740d9686dbdc69e9560196ba,4,3086,3363,278,3701.0,3978.0,277.0,0,2,0,21.0
061_260404082403.csv,fit:febaaaf5812d5a4d961754104dd48b058802abe8740d9686dbdc69e9560196ba,5,3364,3442,79,4179.0,4257.0,78.0,0,0,0,201.0
061_260404082403.csv,fit:febaaaf5812d5a4d961754104dd48b058802abe8740d9686dbdc69e9560196ba,6,3443,3478,36,4277.0,4312.0,35.0,0,0,0,20.0
061_260404082403.csv,fit:febaaaf5812d5a4d961754104dd48b058802abe8740d9686dbdc69e9560196ba,7,3479,3540,62,4332.0,4393.0,61.0,0,0,0,20.0
061_260404082403.csv,fit:febaaaf5812d5a4d961754104dd48b058802abe8740d9686dbdc69e9560196ba,8,3541,4785,1245,4412.0,5656.0,1244.0,16,0,0,19.0
061_260404082403.csv,fit:febaaaf5812d5a4d961754104dd48b058802abe8740d9686dbdc69e9560196ba,9,4786,4796,11,5730.0,5740.0,10.0,0,0,0,74.0
061_260404082403.csv,fit:febaaaf5812d5a4d961754104dd48b058802abe8740d9686dbdc69e9560196ba,10,4797,6238,1442,5831.0,7272.0,1441.0,0,0,0,91.0
061_260404082403.csv,fit:febaaaf5812d5a4d961754104dd48b058802abe8740d9686dbdc69e9560196ba,11,6239,6266,28,7303.0,7330.0,27.0,0,0,0,31.0
061_260404082403.csv,fit:febaaaf5812d5a4d961754104dd48b058802abe8740d9686dbdc69e9560196ba,12,6267,6302,36,7390.0,7425.0,35.0,0,0,0,60.0
061_260404082403.csv,fit:febaaaf5812d5a4d961754104dd48b058802abe8740d9686dbdc69e9560196ba,13,6303,7635,1333,7455.0,8787.0,1332.0,0,0,0,30.0
061_260404082403.csv,fit:febaaaf5812d5a4d961754104dd48b058802abe8740d9686dbdc69e9560196ba,14,7636,7653,18,8848.0,8865.0,17.0,0,0,0,61.0
061_260404082403.csv,fit:febaaaf5812d5a4d961754104dd48b058802abe8740d9686dbdc69e9560196ba,15,7654,7664,11,8940.0,8950.0,10.0,0,0,0,75.0
061_260404082403.csv,fit:febaaaf5812d5a4d961754104dd48b058802abe8740d9686dbdc69e9560196ba,16,7665,7679,15,9374.0,9388.0,14.0,0,0,0,424.0
061_260404082403.csv,fit:febaaaf5812d5a4d961754104dd48b058802abe8740d9686dbdc69e9560196ba,17,7680,7788,109,9465.0,9573.0,108.0,0,0,0,77.0
061_260404082403.csv,fit:febaaaf5812d5a4d961754104dd48b058802abe8740d9686dbdc69e9560196ba,18,7789,8310,522,9608.0,10129.0,521.0,4,0,0,35.0
061_260404082403.csv,fit:febaaaf5812d5a4d961754104dd48b058802abe8740d9686dbdc69e9560196ba,19,8311,9017,707,10149.0,10855.0,706.0,0,0,0,20.0
061_260404082403.csv,fit:febaaaf5812d5a4d961754104dd48b058802abe8740d9686dbdc69e9560196ba,20,9018,10163,1146,10924.0,12069.0,1145.0,0,0,0,69.0
061_260404082403.csv,fit:febaaaf5812d5a4d961754104dd48b058802abe8740d9686dbdc69e9560196ba,21,10164,10166,3,12097.0,12099.0,2.0,0,0,0,28.0
061_260404082403.csv,fit:febaaaf5812d5a4d961754104dd48b058802abe8740d9686dbdc69e9560196ba,22,10167,11278,1112,12312.0,13423.0,1111.0,0,0,0,213.0
061_260404082403.csv,fit:febaaaf5812d5a4d961754104dd48b058802abe8740d9686dbdc69e9560196ba,23,11279,11285,7,13435.0,13441.0,6.0,0,0,0,12.0
061_260404082403.csv,fit:febaaaf5812d5a4d961754104dd48b058802abe8740d9686dbdc69e9560196ba,24,11286,11295,10,13488.0,13497.0,9.0,0,0,0,47.0
061_260404082403.csv,fit:febaaaf5812d5a4d961754104dd48b058802abe8740d9686dbdc69e9560196ba,25,11296,12342,1047,13980.0,15026.0,1046.0,9,0,0,483.0
061_260404082403.csv,fit:febaaaf5812d5a4d961754104dd48b058802abe8740d9686dbdc69e9560196ba,26,12343,14972,2630,15173.0,17802.0,2629.0,0,0,0,147.0
062_260407082440.csv,fit:3cf1a30e1cf9bf222873524c8d4ffb2df8f3cba2ff71877f911d5c47d93dbde9,1,0,5156,5157,0.0,5156.0,5156.0,0,0,0,
063_260412113502.csv,fit:613836accf2b36ca8e3c33b6ea704e1195dc00c6d92ac3c4b87fdaf68b85e82f,1,0,7817,7818,0.0,7817.0,7817.0,50,6,0,
064_260418073226.csv,fit:d7860e05aa1e6d49cec953149a2308b820114a900e5b19c8106b293b29b04160,1,0,1032,1033,0.0,1035.0,1035.0,0,0,1,
064_260418073226.csv,fit:d7860e05aa1e6d49cec953149a2308b820114a900e5b19c8106b293b29b04160,2,1033,6133,5101,1133.0,6247.0,5114.0,0,0,2,98.0
064_260418073226.csv,fit:d7860e05aa1e6d49cec953149a2308b820114a900e5b19c8106b293b29b04160,3,6134,9256,3123,6340.0,9462.0,3122.0,0,0,0,93.0
064_260418073226.csv,fit:d7860e05aa1e6d49cec953149a2308b820114a900e5b19c8106b293b29b04160,4,9257,9495,239,9489.0,9727.0,238.0,0,0,0,27.0
064_260418073226.csv,fit:d7860e05aa1e6d49cec953149a2308b820114a900e5b19c8106b293b29b04160,5,9496,14454,4959,9757.0,14732.0,4975.0,0,0,4,30.0
065_260419082508.csv,fit:844adfc193d2d61ad2faaa6679373c938f6d3a538e8ffc8d13c0652e5d3b4e6d,1,0,2765,2766,0.0,2770.0,2770.0,0,0,1,
066_260424160919.csv,fit:23583d320dfcd621e6edea5fdba1c5af5330f6cc8160a2bd457cd3ccd293a7d0,1,0,4052,4053,0.0,4052.0,4052.0,92,0,0,
066_260424160919.csv,fit:23583d320dfcd621e6edea5fdba1c5af5330f6cc8160a2bd457cd3ccd293a7d0,2,4053,4666,614,4075.0,4688.0,613.0,0,0,0,23.0
067_260425073220.csv,fit:e47555f16f02711dc446d8bfb5ee6625d9c15688be7bc41a38dbac9a7bc8e103,1,0,4074,4075,0.0,4074.0,4074.0,0,0,0,
067_260425073220.csv,fit:e47555f16f02711dc446d8bfb5ee6625d9c15688be7bc41a38dbac9a7bc8e103,2,4075,4575,501,4126.0,4626.0,500.0,0,0,0,52.0
067_260425073220.csv,fit:e47555f16f02711dc446d8bfb5ee6625d9c15688be7bc41a38dbac9a7bc8e103,3,4576,7915,3340,4647.0,7986.0,3339.0,0,0,0,21.0
067_260425073220.csv,fit:e47555f16f02711dc446d8bfb5ee6625d9c15688be7bc41a38dbac9a7bc8e103,4,7916,9290,1375,8467.0,9841.0,1374.0,0,0,0,481.0
067_260425073220.csv,fit:e47555f16f02711dc446d8bfb5ee6625d9c15688be7bc41a38dbac9a7bc8e103,5,9291,9730,440,9852.0,10291.0,439.0,0,0,0,11.0
067_260425073220.csv,fit:e47555f16f02711dc446d8bfb5ee6625d9c15688be7bc41a38dbac9a7bc8e103,6,9731,9734,4,10397.0,10400.0,3.0,0,0,0,106.0
067_260425073220.csv,fit:e47555f16f02711dc446d8bfb5ee6625d9c15688be7bc41a38dbac9a7bc8e103,7,9735,10136,402,10413.0,10814.0,401.0,0,0,0,13.0
067_260425073220.csv,fit:e47555f16f02711dc446d8bfb5ee6625d9c15688be7bc41a38dbac9a7bc8e103,8,10137,14743,4607,10845.0,15451.0,4606.0,0,0,0,31.0
067_260425073220.csv,fit:e47555f16f02711dc446d8bfb5ee6625d9c15688be7bc41a38dbac9a7bc8e103,9,14744,16933,2190,15468.0,17664.0,2196.0,0,0,1,17.0
068_260427170343.csv,fit:0698fac622795f823cd3575cb2df20874f4c70c3b1df3f250b9b72ff3f2a7b7c,1,0,1623,1624,0.0,1623.0,1623.0,0,0,0,
068_260427170343.csv,fit:0698fac622795f823cd3575cb2df20874f4c70c3b1df3f250b9b72ff3f2a7b7c,2,1624,3090,1467,1644.0,3121.0,1477.0,0,0,2,21.0
068_260427170343.csv,fit:0698fac622795f823cd3575cb2df20874f4c70c3b1df3f250b9b72ff3f2a7b7c,3,3091,4177,1087,3157.0,4243.0,1086.0,0,0,0,36.0
068_260427170343.csv,fit:0698fac622795f823cd3575cb2df20874f4c70c3b1df3f250b9b72ff3f2a7b7c,4,4178,5135,958,4445.0,5402.0,957.0,0,0,0,202.0
069_260428165622.csv,fit:e9f7625313f2e56e228b2dacdb3185713f249d726b75ac4d5e7399c6765231a1,1,0,4363,4364,0.0,4367.0,4367.0,0,0,1,
070_260501094312.csv,fit:ec68d09214da92da0cd5cb93a222c6f7d0d31cabd1e5807b6892f3d2207f556f,1,0,4476,4477,0.0,4476.0,4476.0,0,0,0,
071_260502130449.csv,fit:5e7d75375ffbac6fd9baa8131646a6726e786d6ca7f4f82cf90c8956f7fcce8a,1,0,1267,1268,0.0,1267.0,1267.0,1,0,0,
071_260502130449.csv,fit:5e7d75375ffbac6fd9baa8131646a6726e786d6ca7f4f82cf90c8956f7fcce8a,2,1268,1288,21,1321.0,1346.0,25.0,0,0,1,54.0
071_260502130449.csv,fit:5e7d75375ffbac6fd9baa8131646a6726e786d6ca7f4f82cf90c8956f7fcce8a,3,1289,2433,1145,1525.0,2669.0,1144.0,0,0,0,179.0
072_260502140459.csv,fit:455e1eeadcc19d6ad0459035fc79aa1b63b8652c690f5d5cc477491e552bf762,1,0,6104,6105,0.0,6104.0,6104.0,22,0,0,
073_260509140032.csv,fit:862c8ea6ef678b8df2f75b5108c02c836046bbe4c1f65a5be0b5aff99d858c68,1,0,1890,1891,0.0,1890.0,1890.0,0,0,0,
073_260509140032.csv,fit:862c8ea6ef678b8df2f75b5108c02c836046bbe4c1f65a5be0b5aff99d858c68,2,1891,2866,976,1906.0,2881.0,975.0,0,0,0,16.0
073_260509140032.csv,fit:862c8ea6ef678b8df2f75b5108c02c836046bbe4c1f65a5be0b5aff99d858c68,3,2867,2885,19,2892.0,2910.0,18.0,0,0,0,11.0
074_260509150834.csv,fit:4a9469b8e469715f1eea4a30f9eb41d687f494eaaf92866db794cf08ac421ebf,1,0,5834,5835,0.0,5834.0,5834.0,10,3,0,
075_260512171641.csv,fit:7ae8163b3461f8eba693671e465b6d46b49a85f9e6b8424bae24afc730c97e0f,1,0,239,240,0.0,239.0,239.0,0,0,0,
075_260512171641.csv,fit:7ae8163b3461f8eba693671e465b6d46b49a85f9e6b8424bae24afc730c97e0f,2,240,492,253,292.0,549.0,257.0,0,0,1,53.0
075_260512171641.csv,fit:7ae8163b3461f8eba693671e465b6d46b49a85f9e6b8424bae24afc730c97e0f,3,493,3241,2749,571.0,3324.0,2753.0,0,0,1,22.0
075_260512171641.csv,fit:7ae8163b3461f8eba693671e465b6d46b49a85f9e6b8424bae24afc730c97e0f,4,3242,5215,1974,3359.0,5337.0,1978.0,0,0,1,35.0
076_260513170002.csv,fit:ba5388f6cb0a5afd94a04ad34446f89a2989dc9cff35b08f042e44db2466e3bf,1,0,271,272,0.0,271.0,271.0,0,0,0,
076_260513170002.csv,fit:ba5388f6cb0a5afd94a04ad34446f89a2989dc9cff35b08f042e44db2466e3bf,2,272,899,628,300.0,934.0,634.0,0,0,1,29.0
076_260513170002.csv,fit:ba5388f6cb0a5afd94a04ad34446f89a2989dc9cff35b08f042e44db2466e3bf,3,900,3405,2506,1006.0,3511.0,2505.0,0,0,0,72.0
076_260513170002.csv,fit:ba5388f6cb0a5afd94a04ad34446f89a2989dc9cff35b08f042e44db2466e3bf,4,3406,5776,2371,3526.0,5896.0,2370.0,0,0,0,15.0
077_260517080120.csv,fit:cfec114b70ded5af9f587d24c124e8d15459f7b6811ccea2e9427b3a2a3939ef,1,0,10491,10492,0.0,10504.0,10504.0,21,0,2,
078_260519170927.csv,fit:162886c74e2a38ebf52f4e60d81a0aaf9b171190f3cc7622b56770f1f98c9b48,1,0,2572,2573,0.0,2572.0,2572.0,0,0,0,
078_260519170927.csv,fit:162886c74e2a38ebf52f4e60d81a0aaf9b171190f3cc7622b56770f1f98c9b48,2,2573,3043,471,2612.0,3082.0,470.0,0,0,0,40.0
078_260519170927.csv,fit:162886c74e2a38ebf52f4e60d81a0aaf9b171190f3cc7622b56770f1f98c9b48,3,3044,4730,1687,3203.0,4889.0,1686.0,0,0,0,121.0
078_260519170927.csv,fit:162886c74e2a38ebf52f4e60d81a0aaf9b171190f3cc7622b56770f1f98c9b48,4,4731,4768,38,4918.0,4955.0,37.0,0,0,0,29.0
078_260519170927.csv,fit:162886c74e2a38ebf52f4e60d81a0aaf9b171190f3cc7622b56770f1f98c9b48,5,4769,5113,345,4987.0,5331.0,344.0,0,0,0,32.0
078_260519170927.csv,fit:162886c74e2a38ebf52f4e60d81a0aaf9b171190f3cc7622b56770f1f98c9b48,6,5114,5623,510,5351.0,5867.0,516.0,0,0,1,20.0
078_260519170927.csv,fit:162886c74e2a38ebf52f4e60d81a0aaf9b171190f3cc7622b56770f1f98c9b48,7,5624,5631,8,5878.0,5885.0,7.0,0,0,0,11.0
079_260522164831.csv,fit:274777edaf2d4db9c54c20d5158a94ab569a040e7dfd901bad543df61865ab96,1,0,933,934,0.0,936.0,936.0,0,0,1,
079_260522164831.csv,fit:274777edaf2d4db9c54c20d5158a94ab569a040e7dfd901bad543df61865ab96,2,934,1006,73,947.0,1019.0,72.0,0,0,0,11.0
079_260522164831.csv,fit:274777edaf2d4db9c54c20d5158a94ab569a040e7dfd901bad543df61865ab96,3,1007,4381,3375,1056.0,4445.0,3389.0,0,0,2,37.0
080_260523080618.csv,fit:e3f90d305e1f1377bf77bcc40c88a05811be79ce78e338303895cbc9c0bd4a46,1,0,3062,3063,0.0,3066.0,3066.0,0,0,1,
080_260523080618.csv,fit:e3f90d305e1f1377bf77bcc40c88a05811be79ce78e338303895cbc9c0bd4a46,2,3063,3906,844,3107.0,3950.0,843.0,0,0,0,41.0
081_260524095636.csv,fit:71da4eb52bac82ae0c44b7489d16d9003e1d34450a628c47018e4eeac8d5fa15,1,0,1192,1193,0.0,1208.0,1208.0,0,0,3,
081_260524095636.csv,fit:71da4eb52bac82ae0c44b7489d16d9003e1d34450a628c47018e4eeac8d5fa15,2,1193,1261,69,1274.0,1342.0,68.0,0,0,0,66.0
081_260524095636.csv,fit:71da4eb52bac82ae0c44b7489d16d9003e1d34450a628c47018e4eeac8d5fa15,3,1262,1329,68,1613.0,1680.0,67.0,0,0,0,271.0
081_260524095636.csv,fit:71da4eb52bac82ae0c44b7489d16d9003e1d34450a628c47018e4eeac8d5fa15,4,1330,2008,679,1700.0,2383.0,683.0,0,0,1,20.0
081_260524095636.csv,fit:71da4eb52bac82ae0c44b7489d16d9003e1d34450a628c47018e4eeac8d5fa15,5,2009,2151,143,2436.0,2578.0,142.0,0,0,0,53.0
081_260524095636.csv,fit:71da4eb52bac82ae0c44b7489d16d9003e1d34450a628c47018e4eeac8d5fa15,6,2152,2208,57,2602.0,2658.0,56.0,0,0,0,24.0
082_260524104617.csv,fit:d85ec4fd116c4dae598ba2e5ec9686ca9019fe4b26c0cf7556369bafc2bb5c43,1,0,5967,5968,0.0,5967.0,5967.0,5,16,0,
083_260526170146.csv,fit:26604bdb4a47ca4b45eee65b1bc42089de46a3861a214539d52305e5f313bf95,1,0,843,844,0.0,843.0,843.0,0,0,0,
083_260526170146.csv,fit:26604bdb4a47ca4b45eee65b1bc42089de46a3861a214539d52305e5f313bf95,2,844,5737,4894,868.0,5774.0,4906.0,2,0,2,25.0
083_260526170146.csv,fit:26604bdb4a47ca4b45eee65b1bc42089de46a3861a214539d52305e5f313bf95,3,5738,5982,245,6172.0,6416.0,244.0,1,0,0,398.0
084_260529161523.csv,fit:3ccf40d943a49afdcc66fb9d38a8d4c5e9b1f6b2e5a0599b8fb345e24ea763cc,1,0,233,234,0.0,236.0,236.0,0,0,1,
084_260529161523.csv,fit:3ccf40d943a49afdcc66fb9d38a8d4c5e9b1f6b2e5a0599b8fb345e24ea763cc,2,234,3084,2851,248.0,3098.0,2850.0,0,0,0,12.0
084_260529161523.csv,fit:3ccf40d943a49afdcc66fb9d38a8d4c5e9b1f6b2e5a0599b8fb345e24ea763cc,3,3085,4519,1435,3153.0,4587.0,1434.0,0,0,0,55.0
084_260529161523.csv,fit:3ccf40d943a49afdcc66fb9d38a8d4c5e9b1f6b2e5a0599b8fb345e24ea763cc,4,4520,4571,52,4656.0,4707.0,51.0,0,0,0,69.0
084_260529161523.csv,fit:3ccf40d943a49afdcc66fb9d38a8d4c5e9b1f6b2e5a0599b8fb345e24ea763cc,5,4572,4584,13,4793.0,4805.0,12.0,13,0,0,86.0
084_260529161523.csv,fit:3ccf40d943a49afdcc66fb9d38a8d4c5e9b1f6b2e5a0599b8fb345e24ea763cc,6,4585,4601,17,4851.0,4867.0,16.0,12,0,0,46.0
084_260529161523.csv,fit:3ccf40d943a49afdcc66fb9d38a8d4c5e9b1f6b2e5a0599b8fb345e24ea763cc,7,4602,4613,12,4895.0,4906.0,11.0,12,0,0,28.0
085_260602090418.csv,fit:bc9d07cd0ae24569f5c6d4f318f504e7d9da77168e81eadc571cfc6c319dbbf4,1,0,1,2,0.0,1.0,1.0,0,0,0,
085_260602090418.csv,fit:bc9d07cd0ae24569f5c6d4f318f504e7d9da77168e81eadc571cfc6c319dbbf4,2,2,1208,1207,26.0,1232.0,1206.0,0,0,0,25.0
085_260602090418.csv,fit:bc9d07cd0ae24569f5c6d4f318f504e7d9da77168e81eadc571cfc6c319dbbf4,3,1209,1870,662,1302.0,1963.0,661.0,0,0,0,70.0
085_260602090418.csv,fit:bc9d07cd0ae24569f5c6d4f318f504e7d9da77168e81eadc571cfc6c319dbbf4,4,1871,1974,104,2007.0,2110.0,103.0,0,0,0,44.0
085_260602090418.csv,fit:bc9d07cd0ae24569f5c6d4f318f504e7d9da77168e81eadc571cfc6c319dbbf4,5,1975,1993,19,2340.0,2358.0,18.0,0,0,0,230.0
085_260602090418.csv,fit:bc9d07cd0ae24569f5c6d4f318f504e7d9da77168e81eadc571cfc6c319dbbf4,6,1994,2286,293,2431.0,2723.0,292.0,0,0,0,73.0
085_260602090418.csv,fit:bc9d07cd0ae24569f5c6d4f318f504e7d9da77168e81eadc571cfc6c319dbbf4,7,2287,2386,100,2820.0,2919.0,99.0,0,0,0,97.0
086_260602100204.csv,fit:7b315693a1970d29ea3f88811587fb337bae2fe23f0bbf99dc5837ab51671fe4,1,0,6025,6026,0.0,6025.0,6025.0,19,0,0,
087_260606075342.csv,fit:6c4155f84a02a0ddad2c09fcff81e7f8df8c825d99cc91cab6d95ae845879770,1,0,9913,9914,0.0,9927.0,9927.0,0,0,2,
087_260606075342.csv,fit:6c4155f84a02a0ddad2c09fcff81e7f8df8c825d99cc91cab6d95ae845879770,2,9914,10109,196,9941.0,10136.0,195.0,0,0,0,14.0
087_260606075342.csv,fit:6c4155f84a02a0ddad2c09fcff81e7f8df8c825d99cc91cab6d95ae845879770,3,10110,13489,3380,10194.0,13573.0,3379.0,0,0,0,58.0
087_260606075342.csv,fit:6c4155f84a02a0ddad2c09fcff81e7f8df8c825d99cc91cab6d95ae845879770,4,13490,14401,912,13593.0,14512.0,919.0,0,0,1,20.0
088_260609170059.csv,fit:b58e462e649bed1131660c599ca6def9e9c834f7ff5f849c5be242b5eadfe1eb,1,0,2143,2144,0.0,2143.0,2143.0,0,0,0,
088_260609170059.csv,fit:b58e462e649bed1131660c599ca6def9e9c834f7ff5f849c5be242b5eadfe1eb,2,2144,5130,2987,2157.0,5146.0,2989.0,0,0,1,14.0
089_260614094858.csv,fit:dd812259ee9124cc17a5f448ceca49302e442c7169148aa9a59e2a77945b2223,1,0,820,821,0.0,820.0,820.0,0,0,0,
089_260614094858.csv,fit:dd812259ee9124cc17a5f448ceca49302e442c7169148aa9a59e2a77945b2223,2,821,876,56,865.0,920.0,55.0,0,0,0,45.0
089_260614094858.csv,fit:dd812259ee9124cc17a5f448ceca49302e442c7169148aa9a59e2a77945b2223,3,877,1153,277,1265.0,1541.0,276.0,1,0,0,345.0
089_260614094858.csv,fit:dd812259ee9124cc17a5f448ceca49302e442c7169148aa9a59e2a77945b2223,4,1154,1186,33,1572.0,1612.0,40.0,0,0,1,31.0
089_260614094858.csv,fit:dd812259ee9124cc17a5f448ceca49302e442c7169148aa9a59e2a77945b2223,5,1187,1193,7,1626.0,1632.0,6.0,0,0,0,14.0
090_260614104013.csv,fit:b03092b85a817b3ebd226bccab226664567431215366365c695322d7ddc0e04a,1,0,8802,8803,0.0,8805.0,8805.0,18,0,1,
091_260616171138.csv,fit:d065c7c04ebe1b0dfcdac44716d48067a08399b8443c95562353113f6837c3d5,1,0,2901,2902,0.0,2906.0,2906.0,0,0,1,
091_260616171138.csv,fit:d065c7c04ebe1b0dfcdac44716d48067a08399b8443c95562353113f6837c3d5,2,2902,4868,1967,2950.0,4916.0,1966.0,0,0,0,44.0
091_260616171138.csv,fit:d065c7c04ebe1b0dfcdac44716d48067a08399b8443c95562353113f6837c3d5,3,4869,5565,697,4958.0,5658.0,700.0,0,0,1,42.0
092_260621094805.csv,fit:5e1b6e0adf012f1bc2129480b3a738b64108fc0b5e3315f6d6f23978cc69d4f9,1,0,393,394,0.0,393.0,393.0,0,0,0,
092_260621094805.csv,fit:5e1b6e0adf012f1bc2129480b3a738b64108fc0b5e3315f6d6f23978cc69d4f9,2,394,1151,758,423.0,1180.0,757.0,0,0,0,30.0
092_260621094805.csv,fit:5e1b6e0adf012f1bc2129480b3a738b64108fc0b5e3315f6d6f23978cc69d4f9,3,1152,1593,442,1326.0,1767.0,441.0,0,0,0,146.0
092_260621094805.csv,fit:5e1b6e0adf012f1bc2129480b3a738b64108fc0b5e3315f6d6f23978cc69d4f9,4,1594,1603,10,1824.0,1833.0,9.0,0,0,0,57.0
092_260621094805.csv,fit:5e1b6e0adf012f1bc2129480b3a738b64108fc0b5e3315f6d6f23978cc69d4f9,5,1604,2294,691,1848.0,2538.0,690.0,0,0,0,15.0
092_260621094805.csv,fit:5e1b6e0adf012f1bc2129480b3a738b64108fc0b5e3315f6d6f23978cc69d4f9,6,2295,2373,79,2779.0,2862.0,83.0,0,0,1,241.0
092_260621094805.csv,fit:5e1b6e0adf012f1bc2129480b3a738b64108fc0b5e3315f6d6f23978cc69d4f9,7,2374,2399,26,2873.0,2898.0,25.0,0,0,0,11.0
093_260621150426.csv,fit:e400a56f83dbd7357afa5495e4d4b95c79f121f8327818feec51bd82f4ac400c,1,0,3265,3266,0.0,3265.0,3265.0,0,0,0,
093_260621150426.csv,fit:e400a56f83dbd7357afa5495e4d4b95c79f121f8327818feec51bd82f4ac400c,2,3266,3625,360,3289.0,3648.0,359.0,0,0,0,24.0
093_260621150426.csv,fit:e400a56f83dbd7357afa5495e4d4b95c79f121f8327818feec51bd82f4ac400c,3,3626,4696,1071,3703.0,4773.0,1070.0,0,0,0,55.0
093_260621150426.csv,fit:e400a56f83dbd7357afa5495e4d4b95c79f121f8327818feec51bd82f4ac400c,4,4697,5866,1170,4845.0,6014.0,1169.0,0,0,0,72.0
093_260621150426.csv,fit:e400a56f83dbd7357afa5495e4d4b95c79f121f8327818feec51bd82f4ac400c,5,5867,7315,1449,6071.0,7519.0,1448.0,0,0,0,57.0
093_260621150426.csv,fit:e400a56f83dbd7357afa5495e4d4b95c79f121f8327818feec51bd82f4ac400c,6,7316,8380,1065,7576.0,8640.0,1064.0,0,0,0,57.0
093_260621150426.csv,fit:e400a56f83dbd7357afa5495e4d4b95c79f121f8327818feec51bd82f4ac400c,7,8381,9385,1005,8655.0,9659.0,1004.0,0,0,0,15.0
094_260623171613.csv,fit:52bb6dfecf45db615c29bd6e9e93acad6606c50d051014cd222134050be8ec04,1,0,280,281,0.0,280.0,280.0,0,0,0,
094_260623171613.csv,fit:52bb6dfecf45db615c29bd6e9e93acad6606c50d051014cd222134050be8ec04,2,281,3567,3287,308.0,3594.0,3286.0,0,0,0,28.0
094_260623171613.csv,fit:52bb6dfecf45db615c29bd6e9e93acad6606c50d051014cd222134050be8ec04,3,3568,6653,3086,3610.0,6701.0,3091.0,0,0,2,16.0
095_260624171412.csv,fit:58bfc7b171d7f5deccc866bc5438522198de5ffd3e0d068827284b857a6e1a01,1,0,4494,4495,0.0,4519.0,4519.0,0,0,5,
096_260625062641.csv,fit:6fa98595e526bf872d143ea9a0b2c6f0d9d47006fe626e5f1c4f34ff8e5ada27,1,0,2317,2318,0.0,2317.0,2317.0,0,0,0,
096_260625062641.csv,fit:6fa98595e526bf872d143ea9a0b2c6f0d9d47006fe626e5f1c4f34ff8e5ada27,2,2318,2361,44,2381.0,2424.0,43.0,0,0,0,64.0
096_260625062641.csv,fit:6fa98595e526bf872d143ea9a0b2c6f0d9d47006fe626e5f1c4f34ff8e5ada27,3,2362,2884,523,2680.0,3202.0,522.0,0,0,0,256.0
096_260625062641.csv,fit:6fa98595e526bf872d143ea9a0b2c6f0d9d47006fe626e5f1c4f34ff8e5ada27,4,2885,3825,941,3216.0,4156.0,940.0,0,0,0,14.0
097_260705084902.csv,fit:c3493ca36dc2b0c7f55329048baa368efcd0db38f1d84a6a054c23e7965ac282,1,0,5436,5437,0.0,5457.0,5457.0,10,9,3,
097_260705084902.csv,fit:c3493ca36dc2b0c7f55329048baa368efcd0db38f1d84a6a054c23e7965ac282,2,5437,10701,5265,5521.0,10785.0,5264.0,14,19,0,64.0
098_260707172316.csv,fit:2b457765a618c570e44dab3feaae6dce656473a28c2d0b3b5fe92ccda4b5f058,1,0,1908,1909,0.0,1908.0,1908.0,0,0,0,
098_260707172316.csv,fit:2b457765a618c570e44dab3feaae6dce656473a28c2d0b3b5fe92ccda4b5f058,2,1909,5853,3945,1948.0,5892.0,3944.0,0,0,0,40.0
099_260708172128.csv,fit:78373db1819f7043871483ca9c23e3bed10da19f81ff959d518506de74f3a33b,1,0,2411,2412,0.0,2414.0,2414.0,0,0,1,
099_260708172128.csv,fit:78373db1819f7043871483ca9c23e3bed10da19f81ff959d518506de74f3a33b,2,2412,4820,2409,2449.0,4865.0,2416.0,0,0,1,35.0
099_260708172128.csv,fit:78373db1819f7043871483ca9c23e3bed10da19f81ff959d518506de74f3a33b,3,4821,5665,845,4928.0,5772.0,844.0,0,0,0,63.0
100_260712080105.csv,fit:46a52f43375de6325f52cdf7f012024af6a2cbf4082b9f71703fdcc4fea9e6c6,1,0,5773,5774,0.0,5773.0,5773.0,0,0,0,
101_260714172507.csv,fit:1969ad8f7af44b61cfeade3373debf800c3ca14228c1625020fce9d4ef58e1da,1,0,276,277,0.0,276.0,276.0,0,0,0,
101_260714172507.csv,fit:1969ad8f7af44b61cfeade3373debf800c3ca14228c1625020fce9d4ef58e1da,2,277,1838,1562,309.0,1879.0,1570.0,0,0,1,33.0
101_260714172507.csv,fit:1969ad8f7af44b61cfeade3373debf800c3ca14228c1625020fce9d4ef58e1da,3,1839,3073,1235,1923.0,3157.0,1234.0,0,0,0,44.0
101_260714172507.csv,fit:1969ad8f7af44b61cfeade3373debf800c3ca14228c1625020fce9d4ef58e1da,4,3074,5182,2109,3172.0,5288.0,2116.0,0,0,1,15.0
102_260715173151.csv,fit:3b92208f7c69f4002815ab20d134d046fdffe0ab591324d56133a8588a6d1568,1,0,308,309,0.0,308.0,308.0,0,0,0,
102_260715173151.csv,fit:3b92208f7c69f4002815ab20d134d046fdffe0ab591324d56133a8588a6d1568,2,309,983,675,473.0,1147.0,674.0,0,0,0,165.0
102_260715173151.csv,fit:3b92208f7c69f4002815ab20d134d046fdffe0ab591324d56133a8588a6d1568,3,984,1018,35,1161.0,1195.0,34.0,0,0,0,14.0
102_260715173151.csv,fit:3b92208f7c69f4002815ab20d134d046fdffe0ab591324d56133a8588a6d1568,4,1019,1673,655,1212.0,1873.0,661.0,0,0,2,17.0
102_260715173151.csv,fit:3b92208f7c69f4002815ab20d134d046fdffe0ab591324d56133a8588a6d1568,5,1674,4920,3247,1899.0,5152.0,3253.0,0,0,1,26.0
103_260716153012.csv,fit:8f648c8c3d5f8766c64c8ea0e0d3c3d2b9515b2f6673a1ca02cdc449425076bc,1,0,4311,4312,0.0,4311.0,4311.0,0,0,0,
103_260716153012.csv,fit:8f648c8c3d5f8766c64c8ea0e0d3c3d2b9515b2f6673a1ca02cdc449425076bc,2,4312,4465,154,4346.0,4499.0,153.0,0,0,0,35.0
103_260716153012.csv,fit:8f648c8c3d5f8766c64c8ea0e0d3c3d2b9515b2f6673a1ca02cdc449425076bc,3,4466,4791,326,4516.0,4841.0,325.0,0,0,0,17.0
104_260721071628.csv,fit:9651d1dc645f82336228e37958001f2c9b3d23f70d243f7fc55c1c1ef258dfac,1,0,5526,5527,0.0,5526.0,5526.0,0,0,0,
104_260721071628.csv,fit:9651d1dc645f82336228e37958001f2c9b3d23f70d243f7fc55c1c1ef258dfac,2,5527,5654,128,5552.0,5679.0,127.0,0,0,0,26.0
104_260721071628.csv,fit:9651d1dc645f82336228e37958001f2c9b3d23f70d243f7fc55c1c1ef258dfac,3,5655,5975,321,5738.0,6063.0,325.0,0,0,1,59.0
105_260722172413.csv,fit:50ccdcb70acef83e1a61b82c3b2e1650525e17be655b428ecb029f68334ded65,1,0,234,235,0.0,234.0,234.0,0,0,0,
105_260722172413.csv,fit:50ccdcb70acef83e1a61b82c3b2e1650525e17be655b428ecb029f68334ded65,2,235,1758,1524,251.0,1783.0,1532.0,0,0,1,17.0
105_260722172413.csv,fit:50ccdcb70acef83e1a61b82c3b2e1650525e17be655b428ecb029f68334ded65,3,1759,3413,1655,1840.0,3503.0,1663.0,0,0,1,57.0
105_260722172413.csv,fit:50ccdcb70acef83e1a61b82c3b2e1650525e17be655b428ecb029f68334ded65,4,3414,3787,374,3527.0,3900.0,373.0,0,0,0,24.0
106_260728062911.csv,fit:3a59f991ee9758f4ddac30b7170911547863fa42ef30401506e2981cce9390c4,1,0,3262,3263,0.0,3262.0,3262.0,0,0,0,
106_260728062911.csv,fit:3a59f991ee9758f4ddac30b7170911547863fa42ef30401506e2981cce9390c4,2,3263,4496,1234,3288.0,4521.0,1233.0,1,0,0,26.0
106_260728062911.csv,fit:3a59f991ee9758f4ddac30b7170911547863fa42ef30401506e2981cce9390c4,3,4497,4501,5,4538.0,4542.0,4.0,0,0,0,17.0
106_260728062911.csv,fit:3a59f991ee9758f4ddac30b7170911547863fa42ef30401506e2981cce9390c4,4,4502,5556,1055,4555.0,5609.0,1054.0,0,0,0,13.0
107_260729172451.csv,fit:ac0a7b220ceaf7faa62b38e0e5d2d0cda61be672b61527c6670cb05f5a9df463,1,0,2701,2702,0.0,2705.0,2705.0,0,0,1,
107_260729172451.csv,fit:ac0a7b220ceaf7faa62b38e0e5d2d0cda61be672b61527c6670cb05f5a9df463,2,2702,3765,1064,2722.0,3785.0,1063.0,0,0,0,17.0
108_260801060832.csv,fit:80de1342a3e9944829ab101957c8eddffd3d18cb805507bed707b0e306d3b433,1,0,4238,4239,0.0,4238.0,4238.0,2,0,0,
108_260801060832.csv,fit:80de1342a3e9944829ab101957c8eddffd3d18cb805507bed707b0e306d3b433,2,4239,6437,2199,4319.0,6517.0,2198.0,0,0,0,81.0
108_260801060832.csv,fit:80de1342a3e9944829ab101957c8eddffd3d18cb805507bed707b0e306d3b433,3,6438,7116,679,6552.0,7230.0,678.0,0,0,0,35.0
108_260801060832.csv,fit:80de1342a3e9944829ab101957c8eddffd3d18cb805507bed707b0e306d3b433,4,7117,10140,3024,7336.0,10359.0,3023.0,0,0,0,106.0
108_260801060832.csv,fit:80de1342a3e9944829ab101957c8eddffd3d18cb805507bed707b0e306d3b433,5,10141,10483,343,10477.0,10824.0,347.0,0,0,1,118.0
108_260801060832.csv,fit:80de1342a3e9944829ab101957c8eddffd3d18cb805507bed707b0e306d3b433,6,10484,10488,5,10873.0,10877.0,4.0,0,0,0,49.0
108_260801060832.csv,fit:80de1342a3e9944829ab101957c8eddffd3d18cb805507bed707b0e306d3b433,7,10489,13309,2821,11042.0,13862.0,2820.0,0,0,0,165.0
108_260801060832.csv,fit:80de1342a3e9944829ab101957c8eddffd3d18cb805507bed707b0e306d3b433,8,13310,14728,1419,13930.0,15351.0,1421.0,0,0,1,68.0
108_260801060832.csv,fit:80de1342a3e9944829ab101957c8eddffd3d18cb805507bed707b0e306d3b433,9,14729,15321,593,15408.0,16000.0,592.0,1,0,0,57.0
108_260801060832.csv,fit:80de1342a3e9944829ab101957c8eddffd3d18cb805507bed707b0e306d3b433,10,15322,15341,20,16372.0,16391.0,19.0,1,0,0,372.0
108_260801060832.csv,fit:80de1342a3e9944829ab101957c8eddffd3d18cb805507bed707b0e306d3b433,11,15342,18501,3160,16447.0,19621.0,3174.0,0,0,2,56.0
108_260801060832.csv,fit:80de1342a3e9944829ab101957c8eddffd3d18cb805507bed707b0e306d3b433,12,18502,18592,91,19639.0,19729.0,90.0,0,0,0,18.0
108_260801060832.csv,fit:80de1342a3e9944829ab101957c8eddffd3d18cb805507bed707b0e306d3b433,13,18593,19347,755,19839.0,20593.0,754.0,0,0,0,110.0
109_260802064005.csv,fit:ebc1fb04ba7ae2612c93e60ec142348a49d2e26cc714f9cc768a943422cdde4a,1,0,990,991,0.0,990.0,990.0,0,0,0,
109_260802064005.csv,fit:ebc1fb04ba7ae2612c93e60ec142348a49d2e26cc714f9cc768a943422cdde4a,2,991,3850,2860,1009.0,3868.0,2859.0,0,0,0,19.0
110_260811165713.csv,fit:0727ef6607dd79ad4b7757a1fc7d24942838334f187562c9900438b37d832c1e,1,0,3660,3661,0.0,3660.0,3660.0,0,0,0,
110_260811165713.csv,fit:0727ef6607dd79ad4b7757a1fc7d24942838334f187562c9900438b37d832c1e,2,3661,4096,436,3679.0,4114.0,435.0,0,0,0,19.0
110_260811165713.csv,fit:0727ef6607dd79ad4b7757a1fc7d24942838334f187562c9900438b37d832c1e,3,4097,5227,1131,4157.0,5287.0,1130.0,0,0,0,43.0
111_260815064223.csv,fit:addebc79a1b81de6780280a66d549013bd95c2006574a74f35ccfd2604150e77,1,0,4408,4409,0.0,4408.0,4408.0,0,0,0,
111_260815064223.csv,fit:addebc79a1b81de6780280a66d549013bd95c2006574a74f35ccfd2604150e77,2,4409,8240,3832,4432.0,8270.0,3838.0,0,0,1,24.0
111_260815064223.csv,fit:addebc79a1b81de6780280a66d549013bd95c2006574a74f35ccfd2604150e77,3,8241,9535,1295,8323.0,9617.0,1294.0,0,0,0,53.0
111_260815064223.csv,fit:addebc79a1b81de6780280a66d549013bd95c2006574a74f35ccfd2604150e77,4,9536,9796,261,9631.0,9891.0,260.0,0,0,0,14.0
111_260815064223.csv,fit:addebc79a1b81de6780280a66d549013bd95c2006574a74f35ccfd2604150e77,5,9797,9908,112,9916.0,10027.0,111.0,0,0,0,25.0
111_260815064223.csv,fit:addebc79a1b81de6780280a66d549013bd95c2006574a74f35ccfd2604150e77,6,9909,12849,2941,10356.0,13296.0,2940.0,0,0,0,329.0
111_260815064223.csv,fit:addebc79a1b81de6780280a66d549013bd95c2006574a74f35ccfd2604150e77,7,12850,14346,1497,13442.0,14943.0,1501.0,0,0,1,146.0
111_260815064223.csv,fit:addebc79a1b81de6780280a66d549013bd95c2006574a74f35ccfd2604150e77,8,14347,14361,15,15070.0,15084.0,14.0,0,0,0,127.0
111_260815064223.csv,fit:addebc79a1b81de6780280a66d549013bd95c2006574a74f35ccfd2604150e77,9,14362,15824,1463,15111.0,16573.0,1462.0,0,0,0,27.0
111_260815064223.csv,fit:addebc79a1b81de6780280a66d549013bd95c2006574a74f35ccfd2604150e77,10,15825,15832,8,16607.0,16614.0,7.0,0,0,0,34.0
111_260815064223.csv,fit:addebc79a1b81de6780280a66d549013bd95c2006574a74f35ccfd2604150e77,11,15833,16967,1135,16659.0,17793.0,1134.0,0,0,0,45.0
111_260815064223.csv,fit:addebc79a1b81de6780280a66d549013bd95c2006574a74f35ccfd2604150e77,12,16968,17432,465,17813.0,18277.0,464.0,0,0,0,20.0
112_260816063546.csv,fit:786797c061ad7d02c07f1163079f3bfee6d9aa17888a458b790f30052202ee80,1,0,3741,3742,0.0,3741.0,3741.0,0,0,0,
112_260816063546.csv,fit:786797c061ad7d02c07f1163079f3bfee6d9aa17888a458b790f30052202ee80,2,3742,3962,221,3834.0,4054.0,220.0,0,0,0,93.0
113_260818062429.csv,fit:62c70d6d48f2760160a4bbd90273a509a78ceea1ca32d51f1709e4a4e443fd2a,1,0,2287,2288,0.0,2287.0,2287.0,0,0,0,
113_260818062429.csv,fit:62c70d6d48f2760160a4bbd90273a509a78ceea1ca32d51f1709e4a4e443fd2a,2,2288,5330,3043,2300.0,5342.0,3042.0,0,0,0,13.0
114_260819062707.csv,fit:833c96f234ddf3ee346487eb28de8dafd5d1fb26726e5f233e13c8cb838f61c4,1,0,5071,5072,0.0,5071.0,5071.0,0,0,0,
114_260819062707.csv,fit:833c96f234ddf3ee346487eb28de8dafd5d1fb26726e5f233e13c8cb838f61c4,2,5072,5296,225,5277.0,5501.0,224.0,0,0,0,206.0
115_260822080018.csv,fit:7504bbe57935d76152a93fb1c9dab9331152681c96121bd4c59aaf901598ae65,1,0,1605,1606,0.0,1605.0,1605.0,0,0,0,
115_260822080018.csv,fit:7504bbe57935d76152a93fb1c9dab9331152681c96121bd4c59aaf901598ae65,2,1606,1621,16,1632.0,1647.0,15.0,0,0,0,27.0
115_260822080018.csv,fit:7504bbe57935d76152a93fb1c9dab9331152681c96121bd4c59aaf901598ae65,3,1622,1690,69,1662.0,1730.0,68.0,0,0,0,15.0
115_260822080018.csv,fit:7504bbe57935d76152a93fb1c9dab9331152681c96121bd4c59aaf901598ae65,4,1691,2243,553,1768.0,2320.0,552.0,0,0,0,38.0
115_260822080018.csv,fit:7504bbe57935d76152a93fb1c9dab9331152681c96121bd4c59aaf901598ae65,5,2244,3159,916,2352.0,3267.0,915.0,0,0,0,32.0
115_260822080018.csv,fit:7504bbe57935d76152a93fb1c9dab9331152681c96121bd4c59aaf901598ae65,6,3160,5058,1899,3303.0,5206.0,1903.0,0,0,2,36.0
115_260822080018.csv,fit:7504bbe57935d76152a93fb1c9dab9331152681c96121bd4c59aaf901598ae65,7,5059,6021,963,5228.0,6190.0,962.0,0,0,0,22.0
115_260822080018.csv,fit:7504bbe57935d76152a93fb1c9dab9331152681c96121bd4c59aaf901598ae65,8,6022,9175,3154,6208.0,9361.0,3153.0,0,0,0,18.0
115_260822080018.csv,fit:7504bbe57935d76152a93fb1c9dab9331152681c96121bd4c59aaf901598ae65,9,9176,9795,620,9977.0,10596.0,619.0,1,0,0,616.0
115_260822080018.csv,fit:7504bbe57935d76152a93fb1c9dab9331152681c96121bd4c59aaf901598ae65,10,9796,10239,444,10677.0,11120.0,443.0,0,0,0,81.0
115_260822080018.csv,fit:7504bbe57935d76152a93fb1c9dab9331152681c96121bd4c59aaf901598ae65,11,10240,10280,41,11167.0,11207.0,40.0,0,0,0,47.0
115_260822080018.csv,fit:7504bbe57935d76152a93fb1c9dab9331152681c96121bd4c59aaf901598ae65,12,10281,10534,254,11278.0,11531.0,253.0,0,0,0,71.0
115_260822080018.csv,fit:7504bbe57935d76152a93fb1c9dab9331152681c96121bd4c59aaf901598ae65,13,10535,13859,3325,11569.0,14893.0,3324.0,0,0,0,38.0
115_260822080018.csv,fit:7504bbe57935d76152a93fb1c9dab9331152681c96121bd4c59aaf901598ae65,14,13860,13867,8,14971.0,14978.0,7.0,0,0,0,78.0
115_260822080018.csv,fit:7504bbe57935d76152a93fb1c9dab9331152681c96121bd4c59aaf901598ae65,15,13868,13868,1,15909.0,15909.0,0.0,1,0,0,931.0
115_260822080018.csv,fit:7504bbe57935d76152a93fb1c9dab9331152681c96121bd4c59aaf901598ae65,16,13869,13873,5,16016.0,16020.0,4.0,0,0,0,107.0
115_260822080018.csv,fit:7504bbe57935d76152a93fb1c9dab9331152681c96121bd4c59aaf901598ae65,17,13874,14172,299,16091.0,16389.0,298.0,0,0,0,71.0
115_260822080018.csv,fit:7504bbe57935d76152a93fb1c9dab9331152681c96121bd4c59aaf901598ae65,18,14173,15129,957,16453.0,17409.0,956.0,0,0,0,64.0
115_260822080018.csv,fit:7504bbe57935d76152a93fb1c9dab9331152681c96121bd4c59aaf901598ae65,19,15130,15557,428,17495.0,17922.0,427.0,0,0,0,86.0
115_260822080018.csv,fit:7504bbe57935d76152a93fb1c9dab9331152681c96121bd4c59aaf901598ae65,20,15558,15848,291,17983.0,18273.0,290.0,0,0,0,61.0
115_260822080018.csv,fit:7504bbe57935d76152a93fb1c9dab9331152681c96121bd4c59aaf901598ae65,21,15849,16750,902,18334.0,19235.0,901.0,0,0,0,61.0
115_260822080018.csv,fit:7504bbe57935d76152a93fb1c9dab9331152681c96121bd4c59aaf901598ae65,22,16751,18236,1486,19293.0,20778.0,1485.0,0,0,0,58.0
115_260822080018.csv,fit:7504bbe57935d76152a93fb1c9dab9331152681c96121bd4c59aaf901598ae65,23,18237,18272,36,20920.0,20955.0,35.0,0,0,0,142.0
116_260824074938.csv,fit:7c2dd3f8e45aa58647ed3b9fa00ff0ab535595cddf75080f52eaa61123476c92,1,0,272,273,0.0,272.0,272.0,0,0,0,
116_260824074938.csv,fit:7c2dd3f8e45aa58647ed3b9fa00ff0ab535595cddf75080f52eaa61123476c92,2,273,1922,1650,308.0,1957.0,1649.0,0,0,0,36.0
116_260824074938.csv,fit:7c2dd3f8e45aa58647ed3b9fa00ff0ab535595cddf75080f52eaa61123476c92,3,1923,3671,1749,2017.0,3765.0,1748.0,0,0,0,60.0
116_260824074938.csv,fit:7c2dd3f8e45aa58647ed3b9fa00ff0ab535595cddf75080f52eaa61123476c92,4,3672,5023,1352,3831.0,5182.0,1351.0,0,0,0,66.0
116_260824074938.csv,fit:7c2dd3f8e45aa58647ed3b9fa00ff0ab535595cddf75080f52eaa61123476c92,5,5024,5323,300,5351.0,5650.0,299.0,0,0,0,169.0
116_260824074938.csv,fit:7c2dd3f8e45aa58647ed3b9fa00ff0ab535595cddf75080f52eaa61123476c92,6,5324,6462,1139,5683.0,6821.0,1138.0,0,0,0,33.0
116_260824074938.csv,fit:7c2dd3f8e45aa58647ed3b9fa00ff0ab535595cddf75080f52eaa61123476c92,7,6463,6546,84,6835.0,6918.0,83.0,0,0,0,14.0
116_260824074938.csv,fit:7c2dd3f8e45aa58647ed3b9fa00ff0ab535595cddf75080f52eaa61123476c92,8,6547,6851,305,6963.0,7267.0,304.0,0,0,0,45.0
116_260824074938.csv,fit:7c2dd3f8e45aa58647ed3b9fa00ff0ab535595cddf75080f52eaa61123476c92,9,6852,8735,1884,7334.0,9217.0,1883.0,0,0,0,67.0
116_260824074938.csv,fit:7c2dd3f8e45aa58647ed3b9fa00ff0ab535595cddf75080f52eaa61123476c92,10,8736,9496,761,9301.0,10061.0,760.0,0,0,0,84.0
116_260824074938.csv,fit:7c2dd3f8e45aa58647ed3b9fa00ff0ab535595cddf75080f52eaa61123476c92,11,9497,10507,1011,10110.0,11120.0,1010.0,0,0,0,49.0
116_260824074938.csv,fit:7c2dd3f8e45aa58647ed3b9fa00ff0ab535595cddf75080f52eaa61123476c92,12,10508,14105,3598,11213.0,14810.0,3597.0,0,0,0,93.0
116_260824074938.csv,fit:7c2dd3f8e45aa58647ed3b9fa00ff0ab535595cddf75080f52eaa61123476c92,13,14106,14295,190,14824.0,15013.0,189.0,0,0,0,14.0
116_260824074938.csv,fit:7c2dd3f8e45aa58647ed3b9fa00ff0ab535595cddf75080f52eaa61123476c92,14,14296,14502,207,15036.0,15242.0,206.0,0,0,0,23.0
116_260824074938.csv,fit:7c2dd3f8e45aa58647ed3b9fa00ff0ab535595cddf75080f52eaa61123476c92,15,14503,15102,600,15302.0,15906.0,604.0,0,0,1,60.0
116_260824074938.csv,fit:7c2dd3f8e45aa58647ed3b9fa00ff0ab535595cddf75080f52eaa61123476c92,16,15103,15360,258,15955.0,16212.0,257.0,0,0,0,49.0
116_260824074938.csv,fit:7c2dd3f8e45aa58647ed3b9fa00ff0ab535595cddf75080f52eaa61123476c92,17,15361,17974,2614,16307.0,18926.0,2619.0,0,0,1,95.0
116_260824074938.csv,fit:7c2dd3f8e45aa58647ed3b9fa00ff0ab535595cddf75080f52eaa61123476c92,18,17975,19479,1505,19005.0,20509.0,1504.0,0,0,0,79.0
116_260824074938.csv,fit:7c2dd3f8e45aa58647ed3b9fa00ff0ab535595cddf75080f52eaa61123476c92,19,19480,21135,1656,20597.0,22256.0,1659.0,0,0,1,88.0
116_260824074938.csv,fit:7c2dd3f8e45aa58647ed3b9fa00ff0ab535595cddf75080f52eaa61123476c92,20,21136,21139,4,22283.0,22286.0,3.0,0,0,0,27.0
116_260824074938.csv,fit:7c2dd3f8e45aa58647ed3b9fa00ff0ab535595cddf75080f52eaa61123476c92,21,21140,21838,699,22297.0,22995.0,698.0,0,0,0,11.0
116_260824074938.csv,fit:7c2dd3f8e45aa58647ed3b9fa00ff0ab535595cddf75080f52eaa61123476c92,22,21839,21910,72,23088.0,23159.0,71.0,0,0,0,93.0
116_260824074938.csv,fit:7c2dd3f8e45aa58647ed3b9fa00ff0ab535595cddf75080f52eaa61123476c92,23,21911,23602,1692,23220.0,24911.0,1691.0,0,0,0,61.0
117_260826062619.csv,fit:2cc1b2c6316eb153165ab38bb5ff9f05053e3404f546a5bc6f889ba8a05629bc,1,0,781,782,0.0,781.0,781.0,0,0,0,
117_260826062619.csv,fit:2cc1b2c6316eb153165ab38bb5ff9f05053e3404f546a5bc6f889ba8a05629bc,2,782,1441,660,794.0,1453.0,659.0,0,0,0,13.0
117_260826062619.csv,fit:2cc1b2c6316eb153165ab38bb5ff9f05053e3404f546a5bc6f889ba8a05629bc,3,1442,5047,3606,1464.0,5069.0,3605.0,0,0,0,11.0
118_260827070608.csv,fit:7cc6524861d1c5974b491b303d23a5f0dda3156ec333d2a6103223eef95eec29,1,0,5,6,0.0,5.0,5.0,6,0,0,
118_260827070608.csv,fit:7cc6524861d1c5974b491b303d23a5f0dda3156ec333d2a6103223eef95eec29,2,6,20,15,243.0,257.0,14.0,1,0,0,238.0
118_260827070608.csv,fit:7cc6524861d1c5974b491b303d23a5f0dda3156ec333d2a6103223eef95eec29,3,21,2232,2212,304.0,2515.0,2211.0,0,0,0,47.0
118_260827070608.csv,fit:7cc6524861d1c5974b491b303d23a5f0dda3156ec333d2a6103223eef95eec29,4,2233,4585,2353,2527.0,4879.0,2352.0,0,0,0,12.0
119_260829063044.csv,fit:d410b4cbe17dbe77bc11beca8ac507103fa7e4a439a3a4d78c50bac54077e8aa,1,0,4544,4545,0.0,4544.0,4544.0,0,0,0,
120_260830095410.csv,fit:695ae3c42bb6c138609e8db849b168c27c08078978e7d96e002d3cd98365a434,1,0,1172,1173,0.0,1179.0,1179.0,0,0,1,
120_260830095410.csv,fit:695ae3c42bb6c138609e8db849b168c27c08078978e7d96e002d3cd98365a434,2,1173,1863,691,1197.0,1887.0,690.0,0,0,0,18.0
120_260830095410.csv,fit:695ae3c42bb6c138609e8db849b168c27c08078978e7d96e002d3cd98365a434,3,1864,2144,281,2059.0,2339.0,280.0,0,0,0,172.0
121_260830104514.csv,fit:11ba0ac28d468bdc19c88c55a8774bab8f7f966b006f61c6fd30348907495707,1,0,5760,5761,0.0,5760.0,5760.0,18,0,0,
122_260901062237.csv,fit:413d30d99b3a0676fb9fa88dc879771664b7771477148c819ad9678edd26379f,1,0,4412,4413,0.0,4412.0,4412.0,0,0,0,
122_260901062237.csv,fit:413d30d99b3a0676fb9fa88dc879771664b7771477148c819ad9678edd26379f,2,4413,4548,136,4470.0,4605.0,135.0,0,0,0,58.0
122_260901062237.csv,fit:413d30d99b3a0676fb9fa88dc879771664b7771477148c819ad9678edd26379f,3,4549,4786,238,4645.0,4882.0,237.0,0,0,0,40.0
123_260902062649.csv,fit:77079674fb5e8d0faece50a13446291a6eb41482add7cc18d1ac12a07a5278a3,1,0,203,204,0.0,203.0,203.0,0,0,0,
123_260902062649.csv,fit:77079674fb5e8d0faece50a13446291a6eb41482add7cc18d1ac12a07a5278a3,2,204,4806,4603,214.0,4816.0,4602.0,0,0,0,11.0
123_260902062649.csv,fit:77079674fb5e8d0faece50a13446291a6eb41482add7cc18d1ac12a07a5278a3,3,4807,5045,239,4832.0,5070.0,238.0,0,0,0,16.0
124_260904062108.csv,fit:61cbf7ae2231ba2ece481db2c459be0ec8c50d48e4f3a4f9a78cae6cebbc52df,1,0,3098,3099,0.0,3098.0,3098.0,0,0,0,
124_260904062108.csv,fit:61cbf7ae2231ba2ece481db2c459be0ec8c50d48e4f3a4f9a78cae6cebbc52df,2,3099,4630,1532,3118.0,4655.0,1537.0,0,0,1,20.0
125_260905142842.csv,fit:4646790a223ca804ff872615506f25932dc9009c9ddf09dd7973b26339c7531e,1,0,21,22,0.0,21.0,21.0,0,0,0,
125_260905142842.csv,fit:4646790a223ca804ff872615506f25932dc9009c9ddf09dd7973b26339c7531e,2,22,391,370,32.0,401.0,369.0,0,0,0,11.0
125_260905142842.csv,fit:4646790a223ca804ff872615506f25932dc9009c9ddf09dd7973b26339c7531e,3,392,881,490,413.0,902.0,489.0,0,0,0,12.0
125_260905142842.csv,fit:4646790a223ca804ff872615506f25932dc9009c9ddf09dd7973b26339c7531e,4,882,975,94,973.0,1066.0,93.0,0,0,0,71.0
125_260905142842.csv,fit:4646790a223ca804ff872615506f25932dc9009c9ddf09dd7973b26339c7531e,5,976,1003,28,1077.0,1104.0,27.0,0,0,0,11.0
125_260905142842.csv,fit:4646790a223ca804ff872615506f25932dc9009c9ddf09dd7973b26339c7531e,6,1004,1828,825,1120.0,1944.0,824.0,0,0,0,16.0
125_260905142842.csv,fit:4646790a223ca804ff872615506f25932dc9009c9ddf09dd7973b26339c7531e,7,1829,1854,26,2007.0,2032.0,25.0,0,0,0,63.0
125_260905142842.csv,fit:4646790a223ca804ff872615506f25932dc9009c9ddf09dd7973b26339c7531e,8,1855,2152,298,2145.0,2451.0,306.0,0,0,1,113.0
125_260905142842.csv,fit:4646790a223ca804ff872615506f25932dc9009c9ddf09dd7973b26339c7531e,9,2153,2247,95,2465.0,2559.0,94.0,0,0,0,14.0
126_260905152115.csv,fit:94968b62e7e51ef0e472263a572218d072eebdf93379082b219c1573da0ec8a6,1,0,5336,5337,0.0,5336.0,5336.0,11,10,0,
127_260906074723.csv,fit:40922054cc5113aaa5c9375ef7567eaa0acc300b1307cc7328274d38a37e36f4,1,0,4045,4046,0.0,4045.0,4045.0,0,0,0,
128_260908061657.csv,fit:8a75cee6164235add2ce2b8c9e55cf1b077c18fcb8e48a1a967d0a06c8f89fb3,1,0,1847,1848,0.0,1852.0,1852.0,1,0,1,
128_260908061657.csv,fit:8a75cee6164235add2ce2b8c9e55cf1b077c18fcb8e48a1a967d0a06c8f89fb3,2,1848,4380,2533,1894.0,4426.0,2532.0,0,0,0,42.0
128_260908061657.csv,fit:8a75cee6164235add2ce2b8c9e55cf1b077c18fcb8e48a1a967d0a06c8f89fb3,3,4381,4733,353,4463.0,4815.0,352.0,0,0,0,37.0
129_260915062325.csv,fit:9a6be79c4a17a37ca593b9c1e596e50a62d6edb078b40c8eb0280fbb53bd6236,1,0,4546,4547,0.0,4546.0,4546.0,0,0,0,
130_260916062309.csv,fit:26f04d96505269ba82dd177bcf77bec5432070481c88d58b17fb906d3739f2f8,1,0,1240,1241,0.0,1249.0,1249.0,0,0,1,
130_260916062309.csv,fit:26f04d96505269ba82dd177bcf77bec5432070481c88d58b17fb906d3739f2f8,2,1241,2282,1042,1268.0,2309.0,1041.0,0,0,0,19.0
130_260916062309.csv,fit:26f04d96505269ba82dd177bcf77bec5432070481c88d58b17fb906d3739f2f8,3,2283,3759,1477,2356.0,3839.0,1483.0,0,0,1,47.0
131_260919065417.csv,fit:492880cacb6d5a2abcc77c69dea52b9f8ab95c047da99843362b66ec19eb7a6a,1,0,1963,1964,0.0,1963.0,1963.0,0,0,0,
131_260919065417.csv,fit:492880cacb6d5a2abcc77c69dea52b9f8ab95c047da99843362b66ec19eb7a6a,2,1964,4540,2577,2053.0,4632.0,2579.0,0,0,1,90.0
