field,session_observed_count,session_denominator,session_fraction,record_observed_count,record_denominator,record_fraction
altitude,131,131,1.0,865127,865127,1.0
cadence,131,131,1.0,863985,865127,0.9986799625950872
distance,131,131,1.0,865127,865127,1.0
enhanced_altitude,131,131,1.0,865127,865127,1.0
enhanced_speed,131,131,1.0,864083,865127,0.998793240761183
heart_rate,131,131,1.0,864845,865127,0.9996740362975609
position_lat,131,131,1.0,864186,865127,0.9989122984255491
position_long,131,131,1.0,864186,865127,0.9989122984255491
power,131,131,1.0,864401,865127,0.9991608168511675
speed,131,131,1.0,864083,865127,0.998793240761183
temperature,131,131,1.0,865127,865127,1.0
timestamp,131,131,1.0,865127,865127,1.0
