filename,samples,duration_s,gaps,max_interval_s,unrecorded_s,unrecorded_percent
001_250511145356.csv,7511,7789.0,6,149.0,279.0,3.581974579535242
002_250518083010.csv,10133,10132.0,0,1.0,0.0,0.0
003_250524075639.csv,3676,3675.0,0,1.0,0.0,0.0
004_250525093943.csv,2520,3589.0,5,584.0,1070.0,29.813318473112286
005_250525105224.csv,6222,6226.0,1,6.0,5.0,0.08030838419530999
006_250601090758.csv,1383,1653.0,4,163.0,271.0,16.394434361766486
007_250601095058.csv,5950,5949.0,0,1.0,0.0,0.0
008_250604173939.csv,3716,3715.0,0,1.0,0.0,0.0
009_250607081806.csv,3607,3660.0,2,51.0,54.0,1.4754098360655739
010_250608073054.csv,8276,8279.0,1,5.0,4.0,0.04831501389056649
011_250611110321.csv,3775,3774.0,0,1.0,0.0,0.0
012_250615095052.csv,718,1431.0,6,218.0,714.0,49.895178197064986
013_250615104019.csv,8374,8373.0,0,1.0,0.0,0.0
014_250618105426.csv,220,219.0,0,1.0,0.0,0.0
015_250622100132.csv,1521,1588.0,2,63.0,68.0,4.282115869017632
016_250622105241.csv,6666,6665.0,0,1.0,0.0,0.0
017_250625105513.csv,4371,4370.0,0,1.0,0.0,0.0
018_250628080614.csv,3338,3346.0,1,10.0,9.0,0.26897788404064554
019_250629080321.csv,1032,1588.0,3,520.0,557.0,35.075566750629726
020_250629084934.csv,14193,14217.0,1,26.0,25.0,0.17584581838643876
021_250701180337.csv,4844,4897.0,3,39.0,54.0,1.1027159485399225
022_250706152531.csv,11385,11663.0,5,128.0,279.0,2.3921803995541455
023_250708171459.csv,5016,5028.0,2,10.0,13.0,0.25855210819411295
024_250709173010.csv,4678,4706.0,3,17.0,29.0,0.6162345941351466
025_250712072905.csv,17094,17688.0,11,295.0,595.0,3.3638625056535503
026_250715165154.csv,5487,5644.0,4,77.0,158.0,2.799433026222537
027_250716153128.csv,4691,4697.0,1,8.0,7.0,0.14903129657228018
028_250717102658.csv,4947,5081.0,3,65.0,135.0,2.6569572918716786
029_250718101116.csv,6656,6760.0,5,53.0,105.0,1.5532544378698225
030_250722170310.csv,5202,5368.0,3,140.0,167.0,3.1110283159463488
031_250723173905.csv,5230,5355.0,1,127.0,126.0,2.3529411764705883
032_250726080238.csv,16130,17008.0,13,195.0,879.0,5.168156161806209
033_250729173622.csv,4980,4979.0,0,1.0,0.0,0.0
034_250731170346.csv,8354,8563.0,6,66.0,210.0,2.4524115380123788
035_250815073628.csv,7306,7538.0,6,108.0,233.0,3.0910055717697
036_250823070906.csv,17568,18769.0,16,345.0,1202.0,6.404177100538122
037_250830074715.csv,6942,6941.0,0,1.0,0.0,0.0
038_250831104855.csv,5865,5979.0,3,85.0,115.0,1.92339856163238
039_250831123125.csv,592,1022.0,2,358.0,431.0,42.172211350293544
040_250906154316.csv,2453,3436.0,5,862.0,984.0,28.637951105937137
041_250906164426.csv,4684,4683.0,0,1.0,0.0,0.0
042_250907080204.csv,6395,6584.0,5,89.0,190.0,2.885783718104496
043_250913140208.csv,2688,3053.0,7,132.0,366.0,11.988208319685555
044_250913145805.csv,5136,5138.0,1,4.0,3.0,0.05838847800700662
045_250914163102.csv,4039,4259.0,4,153.0,221.0,5.189011505048134
046_250920081438.csv,5442,5510.0,2,61.0,69.0,1.252268602540835
047_250921082448.csv,1504,1548.0,1,46.0,45.0,2.9069767441860463
048_250921090114.csv,7391,7393.0,1,4.0,3.0,0.04057892601109157
049_251011081438.csv,13330,13871.0,7,214.0,542.0,3.907432773412155
050_251015170431.csv,4896,4982.0,6,35.0,87.0,1.7462866318747492
051_251018083143.csv,13628,13767.0,5,40.0,140.0,1.016924529672405
052_251025083018.csv,14243,14739.0,8,262.0,497.0,3.372006241943144
053_251220083114.csv,13932,14991.0,5,1008.0,1060.0,7.070909212193983
054_260105090043.csv,12660,13318.0,4,474.0,659.0,4.948190418981829
055_260110082743.csv,14248,14622.0,13,68.0,375.0,2.5646286417726714
056_260117082736.csv,13536,13807.0,7,132.0,272.0,1.970015209676251
057_260221081917.csv,13675,14379.0,5,439.0,705.0,4.902983517629877
058_260301114610.csv,7915,7914.0,0,1.0,0.0,0.0
059_260321102409.csv,5482,5499.0,1,19.0,18.0,0.32733224222585927
060_260322111400.csv,5156,5158.0,1,4.0,3.0,0.05816207832493214
061_260404082403.csv,14973,17802.0,25,578.0,2830.0,15.897090214582631
062_260407082440.csv,5157,5156.0,0,1.0,0.0,0.0
063_260412113502.csv,7818,7817.0,0,1.0,0.0,0.0
064_260418073226.csv,14455,14732.0,11,98.0,278.0,1.8870486016834103
065_260419082508.csv,2766,2770.0,1,6.0,5.0,0.18050541516245489
066_260424160919.csv,4667,4688.0,1,23.0,22.0,0.46928327645051193
067_260425073220.csv,16934,17664.0,9,481.0,731.0,4.138360507246377
068_260427170343.csv,5136,5402.0,5,202.0,267.0,4.942613846723436
069_260428165622.csv,4364,4367.0,1,5.0,4.0,0.09159606136936112
070_260501094312.csv,4477,4476.0,0,1.0,0.0,0.0
071_260502130449.csv,2434,2669.0,3,179.0,236.0,8.842263019857624
072_260502140459.csv,6105,6104.0,0,1.0,0.0,0.0
073_260509140032.csv,2886,2910.0,2,16.0,25.0,0.8591065292096219
074_260509150834.csv,5835,5834.0,0,1.0,0.0,0.0
075_260512171641.csv,5216,5337.0,6,53.0,122.0,2.2859284242083566
076_260513170002.csv,5777,5896.0,4,72.0,120.0,2.03527815468114
077_260517080120.csv,10492,10504.0,2,10.0,13.0,0.12376237623762376
078_260519170927.csv,5632,5885.0,7,121.0,254.0,4.316057774001699
079_260522164831.csv,4382,4445.0,5,37.0,64.0,1.4398200224971878
080_260523080618.csv,3907,3950.0,2,41.0,44.0,1.1139240506329113
081_260524095636.csv,2209,2658.0,9,271.0,450.0,16.93002257336343
082_260524104617.csv,5968,5967.0,0,1.0,0.0,0.0
083_260526170146.csv,5983,6416.0,4,398.0,434.0,6.7643391521197005
084_260529161523.csv,4614,4906.0,7,86.0,293.0,5.972278842233999
085_260602090418.csv,2387,2919.0,6,230.0,533.0,18.25967797190819
086_260602100204.csv,6026,6025.0,0,1.0,0.0,0.0
087_260606075342.csv,14402,14512.0,6,58.0,111.0,0.7648842337375965
088_260609170059.csv,5131,5146.0,2,14.0,16.0,0.3109211037699184
089_260614094858.csv,1194,1632.0,5,345.0,439.0,26.899509803921568
090_260614104013.csv,8803,8805.0,1,4.0,3.0,0.034071550255536626
091_260616171138.csv,5566,5658.0,4,44.0,93.0,1.6436903499469777
092_260621094805.csv,2400,2898.0,7,241.0,499.0,17.218771566597653
093_260621150426.csv,9386,9659.0,6,72.0,274.0,2.836732581012527
094_260623171613.csv,6654,6701.0,4,28.0,48.0,0.7163109983584539
095_260624171412.csv,4495,4519.0,5,8.0,25.0,0.5532197388802832
096_260625062641.csv,3826,4156.0,3,256.0,331.0,7.964388835418672
097_260705084902.csv,10702,10785.0,4,64.0,84.0,0.7788595271210014
098_260707172316.csv,5854,5892.0,1,40.0,39.0,0.6619144602851323
099_260708172128.csv,5666,5772.0,4,63.0,107.0,1.8537768537768538
100_260712080105.csv,5774,5773.0,0,1.0,0.0,0.0
101_260714172507.csv,5183,5288.0,5,44.0,106.0,2.004538577912254
102_260715173151.csv,4921,5152.0,7,165.0,232.0,4.503105590062112
103_260716153012.csv,4792,4841.0,2,35.0,50.0,1.032844453625284
104_260721071628.csv,5976,6063.0,3,59.0,88.0,1.4514266864588488
105_260722172413.csv,3788,3900.0,5,57.0,113.0,2.8974358974358974
106_260728062911.csv,5557,5609.0,3,26.0,53.0,0.9449099661258692
107_260729172451.csv,3766,3785.0,2,17.0,20.0,0.5284015852047557
108_260801060832.csv,19348,20593.0,16,372.0,1246.0,6.050599718350896
109_260802064005.csv,3851,3868.0,1,19.0,18.0,0.4653567735263702
110_260811165713.csv,5228,5287.0,2,43.0,60.0,1.1348590883298657
111_260815064223.csv,17433,18277.0,13,329.0,845.0,4.623297039995623
112_260816063546.csv,3963,4054.0,1,93.0,92.0,2.2693635915145536
113_260818062429.csv,5331,5342.0,1,13.0,12.0,0.22463496817671283
114_260819062707.csv,5297,5501.0,1,206.0,205.0,3.7265951645155426
115_260822080018.csv,18273,20955.0,24,931.0,2683.0,12.80362681937485
116_260824074938.csv,23603,24911.0,25,169.0,1309.0,5.254706756051544
117_260826062619.csv,5048,5069.0,2,13.0,22.0,0.4340106529887552
118_260827070608.csv,4586,4879.0,3,238.0,294.0,6.025824964131994
119_260829063044.csv,4545,4544.0,0,1.0,0.0,0.0
120_260830095410.csv,2145,2339.0,3,172.0,195.0,8.336896109448482
121_260830104514.csv,5761,5760.0,0,1.0,0.0,0.0
122_260901062237.csv,4787,4882.0,2,58.0,96.0,1.9664072101597705
123_260902062649.csv,5046,5070.0,2,16.0,25.0,0.4930966469428008
124_260904062108.csv,4631,4655.0,2,20.0,25.0,0.5370569280343717
125_260905142842.csv,2248,2559.0,9,113.0,312.0,12.192262602579133
126_260905152115.csv,5337,5336.0,0,1.0,0.0,0.0
127_260906074723.csv,4046,4045.0,0,1.0,0.0,0.0
128_260908061657.csv,4734,4815.0,3,42.0,82.0,1.7030114226375908
129_260915062325.csv,4547,4546.0,0,1.0,0.0,0.0
130_260916062309.csv,3760,3839.0,4,47.0,80.0,2.083876009377442
131_260919065417.csv,4541,4632.0,2,90.0,92.0,1.9861830742659758
