filename,segment_id,samples,missing_power,missing_hr,missing_time,error,result_path,source_sha256
002_250518083010.csv,23f2d7aa983324ac9e37eac9,10133,65,16,0,Servono almeno 4 osservazioni finite nel segmento,webapp\model_identification_app\storage\runs\27a1bad774ee41779fdc42cde0110869\23f2d7aa983324ac9e37eac9.json,835707e6cdda5f122822bb5f6a8ee73d0baa46a14f173170b09d5ab7ed409b2b
005_250525105224.csv,268ff8033ee50bf410b98cfd,6222,6,6,0,Servono almeno 4 osservazioni finite nel segmento,webapp\model_identification_app\storage\runs\27a1bad774ee41779fdc42cde0110869\268ff8033ee50bf410b98cfd.json,fcae0cae30ed558a1ff774073f84abef0cffad05fb8a87d50aa0aa7d34ed50e8
007_250601095058.csv,c3bf042f9250c85f9dd6f79c,5950,17,7,0,Servono almeno 4 osservazioni finite nel segmento,webapp\model_identification_app\storage\runs\27a1bad774ee41779fdc42cde0110869\c3bf042f9250c85f9dd6f79c.json,3fac36bfbd3ccb30331c7fb0f31d86560dec582de7dab477235d92a536671a89
010_250608073054.csv,96d60751422712528902bd4d,8276,14,0,0,Servono almeno 4 osservazioni finite nel segmento,webapp\model_identification_app\storage\runs\27a1bad774ee41779fdc42cde0110869\96d60751422712528902bd4d.json,e05fd3e54237e30fcb7c4609db7d72525368517ef39b02ddf7d46979def5dbac
013_250615104019.csv,6af20982844439805f55f720,8374,50,26,0,Servono almeno 4 osservazioni finite nel segmento,webapp\model_identification_app\storage\runs\27a1bad774ee41779fdc42cde0110869\6af20982844439805f55f720.json,42a230d006b15c8f0edee015e471c7248aa242dbf902c99073b8bb7133a810ef
016_250622105241.csv,8693f5322373d786b46f8684,6666,2,0,0,Servono almeno 4 osservazioni finite nel segmento,webapp\model_identification_app\storage\runs\27a1bad774ee41779fdc42cde0110869\8693f5322373d786b46f8684.json,98c3e85d19267064706589f100a31321e52176819a96f0d5834d3ef571b2f200
018_250628080614.csv,932becc3330d4054f1089d4e,3338,1,0,0,Servono almeno 4 osservazioni finite nel segmento,webapp\model_identification_app\storage\runs\27a1bad774ee41779fdc42cde0110869\932becc3330d4054f1089d4e.json,04dd99b7698ec1028d87617abd7813f845ead53fef7fd7f0949eb89a1cb6ca83
019_250629080321.csv,fcb155564ce5db8e98899d89,1032,1,0,0,Servono almeno 4 osservazioni finite nel segmento,webapp\model_identification_app\storage\runs\27a1bad774ee41779fdc42cde0110869\fcb155564ce5db8e98899d89.json,25513af08accd3475e9d73cb93cc2bafb6abdcdbb3751f8d461a5bc71625c72b
020_250629084934.csv,be6551d7e5596f59c4b62e82,14193,40,39,0,Servono almeno 4 osservazioni finite nel segmento,webapp\model_identification_app\storage\runs\27a1bad774ee41779fdc42cde0110869\be6551d7e5596f59c4b62e82.json,b6f91401a84cdcc4efd2edebf5416a4acc30da7053d8a85d72097ddf2127aed3
029_250718101116.csv,d884359d8ab1e148d9da71a4,6656,2,0,0,Servono almeno 4 osservazioni finite nel segmento,webapp\model_identification_app\storage\runs\27a1bad774ee41779fdc42cde0110869\d884359d8ab1e148d9da71a4.json,c9eb3721cd5bfa122d64f5dd905f5671e7a785c131ff41abb93a408afaaa5889
036_250823070906.csv,9ae032948579ddd026303b66,17568,1,0,0,Servono almeno 4 osservazioni finite nel segmento,webapp\model_identification_app\storage\runs\27a1bad774ee41779fdc42cde0110869\9ae032948579ddd026303b66.json,e06629b35104973828de541f52a3af3ddb8025bdbfc264f08a5478a3543e58b3
039_250831123125.csv,fcb2503949b8ce7d8a6bc3ea,592,0,5,0,Servono almeno 4 osservazioni finite nel segmento,webapp\model_identification_app\storage\runs\27a1bad774ee41779fdc42cde0110869\fcb2503949b8ce7d8a6bc3ea.json,84638589fcd16d6fb6e6e9cadb91af75484bc76325d3a8f6cffd38c401024863
040_250906154316.csv,7ca8fa414f127424ab0396cf,2453,1,0,0,Servono almeno 4 osservazioni finite nel segmento,webapp\model_identification_app\storage\runs\27a1bad774ee41779fdc42cde0110869\7ca8fa414f127424ab0396cf.json,01c5053fa31ece889e0003eb107a756bfa727b161e5dd060a807f99c30e60ab5
041_250906164426.csv,cedc59fde8b684a18c46f942,4684,14,0,0,Servono almeno 4 osservazioni finite nel segmento,webapp\model_identification_app\storage\runs\27a1bad774ee41779fdc42cde0110869\cedc59fde8b684a18c46f942.json,3f567db0ca88043c59e2c133c5b59f96a2aabeba090541404a991e4b5d671c96
053_251220083114.csv,e164338b663960fbb4bfefcf,13932,1,31,0,Servono almeno 4 osservazioni finite nel segmento,webapp\model_identification_app\storage\runs\27a1bad774ee41779fdc42cde0110869\e164338b663960fbb4bfefcf.json,c9cb2fc33f89f40bf57025df651d0b4b5a82873576477a1dceb23cfc43c43b95
054_260105090043.csv,da018f6438dfee85612604b8,12660,4,0,0,Servono almeno 4 osservazioni finite nel segmento,webapp\model_identification_app\storage\runs\27a1bad774ee41779fdc42cde0110869\da018f6438dfee85612604b8.json,52d1e900e6e8fa80a626cc1696139d3a81183c940ad6ec3a656e0e9e263cacc6
055_260110082743.csv,85cd6c8605ce2a09d286481c,14248,0,2,0,Servono almeno 4 osservazioni finite nel segmento,webapp\model_identification_app\storage\runs\27a1bad774ee41779fdc42cde0110869\85cd6c8605ce2a09d286481c.json,8af1bfbd1a633c8caaa80c1d72dc26e376064be38ed58f817787f96e5c8de906
058_260301114610.csv,44107e750e8c98d4ef1b51f7,7915,74,1,0,Servono almeno 4 osservazioni finite nel segmento,webapp\model_identification_app\storage\runs\27a1bad774ee41779fdc42cde0110869\44107e750e8c98d4ef1b51f7.json,12f80665dc0b09dfae9bd02d20f31ddcb836d9406e4bc7f7647fba6370a5e9e7
061_260404082403.csv,7bc332832815833ecd5990a4,14973,31,2,0,Servono almeno 4 osservazioni finite nel segmento,webapp\model_identification_app\storage\runs\27a1bad774ee41779fdc42cde0110869\7bc332832815833ecd5990a4.json,667e4a31c8eab9ccf470cc471bc9658e57b9a7a3755c730e3dd3876c92ab6289
063_260412113502.csv,d480a08dc70a3fc999e43a39,7818,50,6,0,Servono almeno 4 osservazioni finite nel segmento,webapp\model_identification_app\storage\runs\27a1bad774ee41779fdc42cde0110869\d480a08dc70a3fc999e43a39.json,b97f0fbbddbb10b873a59e821d9dbe081455e9ba57c17fca8287aa0402bcfcb0
066_260424160919.csv,3ace4da8db14437a6778704f,4667,92,0,0,Servono almeno 4 osservazioni finite nel segmento,webapp\model_identification_app\storage\runs\27a1bad774ee41779fdc42cde0110869\3ace4da8db14437a6778704f.json,47cae7575e315a24e6ac8573fcad43c910047a6e61398a7da50f4cfddc4b9e35
071_260502130449.csv,37e2deb42ac36ee6d0dcb174,2434,1,0,0,Servono almeno 4 osservazioni finite nel segmento,webapp\model_identification_app\storage\runs\27a1bad774ee41779fdc42cde0110869\37e2deb42ac36ee6d0dcb174.json,b0c4b4aebddec76d730966483c4ee81a5a7ea3b5705293faf6d0f024968dec9f
072_260502140459.csv,2f5297914c4597a7200d1fc1,6105,22,0,0,Servono almeno 4 osservazioni finite nel segmento,webapp\model_identification_app\storage\runs\27a1bad774ee41779fdc42cde0110869\2f5297914c4597a7200d1fc1.json,f0b94c63d43a5a2031ae9e8dd2c696cdbb8383bc73140e2de105acc38867eea0
077_260517080120.csv,078bec1dcb99900e7d15ec85,10492,21,0,0,Servono almeno 4 osservazioni finite nel segmento,webapp\model_identification_app\storage\runs\27a1bad774ee41779fdc42cde0110869\078bec1dcb99900e7d15ec85.json,8c2ad7d55254df80ba9ae2e70507b0ea6300a0d00696e9c6069b8089f2733032
084_260529161523.csv,06577cb4c7f06a9f7e7c5aaf,4614,37,0,0,Servono almeno 4 osservazioni finite nel segmento,webapp\model_identification_app\storage\runs\27a1bad774ee41779fdc42cde0110869\06577cb4c7f06a9f7e7c5aaf.json,f732c4181cdb7623017b92aec4ec992b1b311394628ad70d17248b5584ba2b93
086_260602100204.csv,97aa9516f3b46edcabf3a441,6026,19,0,0,Servono almeno 4 osservazioni finite nel segmento,webapp\model_identification_app\storage\runs\27a1bad774ee41779fdc42cde0110869\97aa9516f3b46edcabf3a441.json,f6834e2b24727e74ad8febab949ba8f20ca370ee935edbe5ae632c33a2a79d29
089_260614094858.csv,2208d12f793ec44a1fa4b850,1194,1,0,0,Servono almeno 4 osservazioni finite nel segmento,webapp\model_identification_app\storage\runs\27a1bad774ee41779fdc42cde0110869\2208d12f793ec44a1fa4b850.json,f0fb67d0ca6d8b97caa3736fef0e942c21fd2bde820b29285b698d02d21bcd13
097_260705084902.csv,f5a04e7807851478229bf5df,10702,24,28,0,Servono almeno 4 osservazioni finite nel segmento,webapp\model_identification_app\storage\runs\27a1bad774ee41779fdc42cde0110869\f5a04e7807851478229bf5df.json,4128cf245d1f7a06e2f63b13eaa1f1ade63b40aff265383d32f85ce61c5140cf
106_260728062911.csv,0734272cc0684ad36c54625a,5557,1,0,0,Servono almeno 4 osservazioni finite nel segmento,webapp\model_identification_app\storage\runs\27a1bad774ee41779fdc42cde0110869\0734272cc0684ad36c54625a.json,39f8a6270358b6682b3afca0dea2ea9103dddcd9c42f80203289fc7320af432c
108_260801060832.csv,b88cd85279aff4061fc525f7,19348,4,0,0,Servono almeno 4 osservazioni finite nel segmento,webapp\model_identification_app\storage\runs\27a1bad774ee41779fdc42cde0110869\b88cd85279aff4061fc525f7.json,091951b376a7d8b1510283312f9752d867716984913c23db22fef85169ae4f1a
118_260827070608.csv,1c019021a7ac44f3b4b37b47,4586,7,0,0,Servono almeno 4 osservazioni finite nel segmento,webapp\model_identification_app\storage\runs\27a1bad774ee41779fdc42cde0110869\1c019021a7ac44f3b4b37b47.json,655d73de760d5691038d000395faeaf0b8f141943be72b609554b1197e99f7c0
121_260830104514.csv,a37ab656434bef945744dff1,5761,18,0,0,Servono almeno 4 osservazioni finite nel segmento,webapp\model_identification_app\storage\runs\27a1bad774ee41779fdc42cde0110869\a37ab656434bef945744dff1.json,c205c4f5517cfbe07f164dcd9be52ed75ea1fa59fdd9351a6141407b99f39565
126_260905152115.csv,804163cd469a8a825cfecfeb,5337,11,10,0,Servono almeno 4 osservazioni finite nel segmento,webapp\model_identification_app\storage\runs\27a1bad774ee41779fdc42cde0110869\804163cd469a8a825cfecfeb.json,2071a64ae6ec3f4a027370892fa164e8c14efb6a44da13585c9637584b9b9ae9
128_260908061657.csv,affad3f915bb4c3b51b5bb59,4734,1,0,0,Servono almeno 4 osservazioni finite nel segmento,webapp\model_identification_app\storage\runs\27a1bad774ee41779fdc42cde0110869\affad3f915bb4c3b51b5bb59.json,cb32cab160a84d95ccd6d30506d0f00c48c55ff1eeff2387a68da4c9a902b22c
