filename,segment_id,signal,start_index,end_index,start_s,end_s,missing_samples,nominal_missing_s,internal,anchor_span_s,unobserved_s,crosses_recording_gap,endpoint_change
084_260529161523.csv,06577cb4c7f06a9f7e7c5aaf,Potenza,4572,4589,4793.0,4855.0,18,18.0,True,149.0,148.0,True,0.0
084_260529161523.csv,06577cb4c7f06a9f7e7c5aaf,Potenza,4595,4613,4861.0,4906.0,19,19.0,False,,,True,
106_260728062911.csv,0734272cc0684ad36c54625a,Potenza,3598,3598,3623.0,3623.0,1,1.0,True,2.0,1.0,False,-8.0
077_260517080120.csv,078bec1dcb99900e7d15ec85,Potenza,2096,2097,2100.0,2101.0,2,2.0,True,3.0,2.0,False,-7.0
077_260517080120.csv,078bec1dcb99900e7d15ec85,Potenza,2234,2236,2238.0,2240.0,3,3.0,True,4.0,3.0,False,0.0
077_260517080120.csv,078bec1dcb99900e7d15ec85,Potenza,2252,2252,2256.0,2256.0,1,1.0,True,2.0,1.0,False,-88.0
077_260517080120.csv,078bec1dcb99900e7d15ec85,Potenza,3774,3778,3787.0,3791.0,5,5.0,True,6.0,5.0,False,-368.0
077_260517080120.csv,078bec1dcb99900e7d15ec85,Potenza,5023,5025,5036.0,5038.0,3,3.0,True,4.0,3.0,False,-13.0
077_260517080120.csv,078bec1dcb99900e7d15ec85,Potenza,5034,5037,5047.0,5050.0,4,4.0,True,5.0,4.0,False,0.0
077_260517080120.csv,078bec1dcb99900e7d15ec85,Potenza,5060,5062,5073.0,5075.0,3,3.0,True,4.0,3.0,False,-10.0
118_260827070608.csv,1c019021a7ac44f3b4b37b47,Potenza,0,6,0.0,243.0,7,7.0,False,,,True,
089_260614094858.csv,2208d12f793ec44a1fa4b850,Potenza,877,877,1265.0,1265.0,1,1.0,True,346.0,345.0,True,-241.0
002_250518083010.csv,23f2d7aa983324ac9e37eac9,Potenza,73,76,73.0,76.0,4,4.0,True,5.0,4.0,False,0.0
002_250518083010.csv,23f2d7aa983324ac9e37eac9,Potenza,89,91,89.0,91.0,3,3.0,True,4.0,3.0,False,0.0
002_250518083010.csv,23f2d7aa983324ac9e37eac9,Potenza,122,124,122.0,124.0,3,3.0,True,4.0,3.0,False,-3.0
002_250518083010.csv,23f2d7aa983324ac9e37eac9,Potenza,144,148,144.0,148.0,5,5.0,True,6.0,5.0,False,0.0
002_250518083010.csv,23f2d7aa983324ac9e37eac9,Potenza,212,214,212.0,214.0,3,3.0,True,4.0,3.0,False,-2.0
002_250518083010.csv,23f2d7aa983324ac9e37eac9,Potenza,282,284,282.0,284.0,3,3.0,True,4.0,3.0,False,-23.0
002_250518083010.csv,23f2d7aa983324ac9e37eac9,Potenza,415,417,415.0,417.0,3,3.0,True,4.0,3.0,False,0.0
002_250518083010.csv,23f2d7aa983324ac9e37eac9,Potenza,451,468,451.0,468.0,18,18.0,True,19.0,18.0,False,-133.0
002_250518083010.csv,23f2d7aa983324ac9e37eac9,Potenza,475,481,475.0,481.0,7,7.0,True,8.0,7.0,False,0.0
002_250518083010.csv,23f2d7aa983324ac9e37eac9,Potenza,1160,1160,1160.0,1160.0,1,1.0,True,2.0,1.0,False,0.0
002_250518083010.csv,23f2d7aa983324ac9e37eac9,Potenza,1201,1203,1201.0,1203.0,3,3.0,True,4.0,3.0,False,-24.0
002_250518083010.csv,23f2d7aa983324ac9e37eac9,Potenza,1451,1452,1451.0,1452.0,2,2.0,True,3.0,2.0,False,-8.0
002_250518083010.csv,23f2d7aa983324ac9e37eac9,Potenza,1582,1582,1582.0,1582.0,1,1.0,True,2.0,1.0,False,184.0
002_250518083010.csv,23f2d7aa983324ac9e37eac9,Potenza,1844,1845,1844.0,1845.0,2,2.0,True,3.0,2.0,False,-102.0
002_250518083010.csv,23f2d7aa983324ac9e37eac9,Potenza,2178,2179,2178.0,2179.0,2,2.0,True,3.0,2.0,False,21.0
002_250518083010.csv,23f2d7aa983324ac9e37eac9,Potenza,5149,5150,5149.0,5150.0,2,2.0,True,3.0,2.0,False,-168.0
002_250518083010.csv,23f2d7aa983324ac9e37eac9,Potenza,8980,8982,8980.0,8982.0,3,3.0,True,4.0,3.0,False,-18.0
002_250518083010.csv,23f2d7aa983324ac9e37eac9,HR,965,976,965.0,976.0,12,12.0,True,13.0,12.0,False,6.0
002_250518083010.csv,23f2d7aa983324ac9e37eac9,HR,986,987,986.0,987.0,2,2.0,True,3.0,2.0,False,2.0
002_250518083010.csv,23f2d7aa983324ac9e37eac9,HR,5434,5435,5434.0,5435.0,2,2.0,True,3.0,2.0,False,-1.0
005_250525105224.csv,268ff8033ee50bf410b98cfd,Potenza,1396,1398,1401.0,1403.0,3,3.0,True,4.0,3.0,False,-4.0
005_250525105224.csv,268ff8033ee50bf410b98cfd,Potenza,1432,1432,1437.0,1437.0,1,1.0,True,2.0,1.0,False,-219.0
005_250525105224.csv,268ff8033ee50bf410b98cfd,Potenza,5265,5266,5270.0,5271.0,2,2.0,True,3.0,2.0,False,-6.0
005_250525105224.csv,268ff8033ee50bf410b98cfd,HR,5405,5410,5410.0,5415.0,6,6.0,True,7.0,6.0,False,-5.0
072_260502140459.csv,2f5297914c4597a7200d1fc1,Potenza,1326,1327,1326.0,1327.0,2,2.0,True,3.0,2.0,False,5.0
072_260502140459.csv,2f5297914c4597a7200d1fc1,Potenza,3658,3673,3658.0,3673.0,16,16.0,True,17.0,16.0,False,-347.0
072_260502140459.csv,2f5297914c4597a7200d1fc1,Potenza,3675,3675,3675.0,3675.0,1,1.0,True,2.0,1.0,False,0.0
072_260502140459.csv,2f5297914c4597a7200d1fc1,Potenza,3678,3679,3678.0,3679.0,2,2.0,True,3.0,2.0,False,0.0
072_260502140459.csv,2f5297914c4597a7200d1fc1,Potenza,3683,3683,3683.0,3683.0,1,1.0,True,2.0,1.0,False,0.0
071_260502130449.csv,37e2deb42ac36ee6d0dcb174,Potenza,738,738,738.0,738.0,1,1.0,True,2.0,1.0,False,-79.0
066_260424160919.csv,3ace4da8db14437a6778704f,Potenza,0,91,0.0,91.0,92,92.0,False,,,False,
058_260301114610.csv,44107e750e8c98d4ef1b51f7,Potenza,0,0,0.0,0.0,1,1.0,False,,,False,
058_260301114610.csv,44107e750e8c98d4ef1b51f7,Potenza,1609,1610,1609.0,1610.0,2,2.0,True,3.0,2.0,False,-13.0
058_260301114610.csv,44107e750e8c98d4ef1b51f7,Potenza,2125,2125,2125.0,2125.0,1,1.0,True,2.0,1.0,False,92.0
058_260301114610.csv,44107e750e8c98d4ef1b51f7,Potenza,2272,2273,2272.0,2273.0,2,2.0,True,3.0,2.0,False,-18.0
058_260301114610.csv,44107e750e8c98d4ef1b51f7,Potenza,2324,2324,2324.0,2324.0,1,1.0,True,2.0,1.0,False,331.0
058_260301114610.csv,44107e750e8c98d4ef1b51f7,Potenza,2915,2916,2915.0,2916.0,2,2.0,True,3.0,2.0,False,-152.0
058_260301114610.csv,44107e750e8c98d4ef1b51f7,Potenza,4154,4154,4154.0,4154.0,1,1.0,True,2.0,1.0,False,0.0
058_260301114610.csv,44107e750e8c98d4ef1b51f7,Potenza,4169,4177,4169.0,4177.0,9,9.0,True,10.0,9.0,False,406.0
058_260301114610.csv,44107e750e8c98d4ef1b51f7,Potenza,4182,4182,4182.0,4182.0,1,1.0,True,2.0,1.0,False,188.0
058_260301114610.csv,44107e750e8c98d4ef1b51f7,Potenza,4277,4278,4277.0,4278.0,2,2.0,True,3.0,2.0,False,-93.0
058_260301114610.csv,44107e750e8c98d4ef1b51f7,Potenza,4717,4718,4717.0,4718.0,2,2.0,True,3.0,2.0,False,-10.0
058_260301114610.csv,44107e750e8c98d4ef1b51f7,Potenza,5434,5436,5434.0,5436.0,3,3.0,True,4.0,3.0,False,-12.0
058_260301114610.csv,44107e750e8c98d4ef1b51f7,Potenza,5452,5454,5452.0,5454.0,3,3.0,True,4.0,3.0,False,0.0
058_260301114610.csv,44107e750e8c98d4ef1b51f7,Potenza,5471,5473,5471.0,5473.0,3,3.0,True,4.0,3.0,False,-11.0
058_260301114610.csv,44107e750e8c98d4ef1b51f7,Potenza,5769,5779,5769.0,5779.0,11,11.0,True,12.0,11.0,False,-7.0
058_260301114610.csv,44107e750e8c98d4ef1b51f7,Potenza,6081,6085,6081.0,6085.0,5,5.0,True,6.0,5.0,False,-108.0
058_260301114610.csv,44107e750e8c98d4ef1b51f7,Potenza,6099,6101,6099.0,6101.0,3,3.0,True,4.0,3.0,False,0.0
058_260301114610.csv,44107e750e8c98d4ef1b51f7,Potenza,6113,6114,6113.0,6114.0,2,2.0,True,3.0,2.0,False,116.0
058_260301114610.csv,44107e750e8c98d4ef1b51f7,Potenza,6508,6508,6508.0,6508.0,1,1.0,True,2.0,1.0,False,0.0
058_260301114610.csv,44107e750e8c98d4ef1b51f7,Potenza,6565,6568,6565.0,6568.0,4,4.0,True,5.0,4.0,False,0.0
058_260301114610.csv,44107e750e8c98d4ef1b51f7,Potenza,6859,6862,6859.0,6862.0,4,4.0,True,5.0,4.0,False,0.0
058_260301114610.csv,44107e750e8c98d4ef1b51f7,Potenza,6871,6875,6871.0,6875.0,5,5.0,True,6.0,5.0,False,0.0
058_260301114610.csv,44107e750e8c98d4ef1b51f7,Potenza,6888,6889,6888.0,6889.0,2,2.0,True,3.0,2.0,False,-5.0
058_260301114610.csv,44107e750e8c98d4ef1b51f7,Potenza,7270,7273,7270.0,7273.0,4,4.0,True,5.0,4.0,False,0.0
058_260301114610.csv,44107e750e8c98d4ef1b51f7,HR,5995,5995,5995.0,5995.0,1,1.0,True,2.0,1.0,False,-4.0
013_250615104019.csv,6af20982844439805f55f720,Potenza,422,422,422.0,422.0,1,1.0,True,2.0,1.0,False,172.0
013_250615104019.csv,6af20982844439805f55f720,Potenza,604,604,604.0,604.0,1,1.0,True,2.0,1.0,False,-19.0
013_250615104019.csv,6af20982844439805f55f720,Potenza,700,702,700.0,702.0,3,3.0,True,4.0,3.0,False,0.0
013_250615104019.csv,6af20982844439805f55f720,Potenza,815,840,815.0,840.0,26,26.0,True,27.0,26.0,False,-230.0
013_250615104019.csv,6af20982844439805f55f720,Potenza,974,974,974.0,974.0,1,1.0,True,2.0,1.0,False,-116.0
013_250615104019.csv,6af20982844439805f55f720,Potenza,1430,1430,1430.0,1430.0,1,1.0,True,2.0,1.0,False,195.0
013_250615104019.csv,6af20982844439805f55f720,Potenza,2172,2172,2172.0,2172.0,1,1.0,True,2.0,1.0,False,0.0
013_250615104019.csv,6af20982844439805f55f720,Potenza,2273,2280,2273.0,2280.0,8,8.0,True,9.0,8.0,False,40.0
013_250615104019.csv,6af20982844439805f55f720,Potenza,6752,6753,6752.0,6753.0,2,2.0,True,3.0,2.0,False,-84.0
013_250615104019.csv,6af20982844439805f55f720,Potenza,6819,6819,6819.0,6819.0,1,1.0,True,2.0,1.0,False,136.0
013_250615104019.csv,6af20982844439805f55f720,Potenza,7029,7030,7029.0,7030.0,2,2.0,True,3.0,2.0,False,25.0
013_250615104019.csv,6af20982844439805f55f720,Potenza,7693,7695,7693.0,7695.0,3,3.0,True,4.0,3.0,False,-13.0
013_250615104019.csv,6af20982844439805f55f720,HR,6872,6894,6872.0,6894.0,23,23.0,True,24.0,23.0,False,-7.0
013_250615104019.csv,6af20982844439805f55f720,HR,7131,7131,7131.0,7131.0,1,1.0,True,2.0,1.0,False,1.0
013_250615104019.csv,6af20982844439805f55f720,HR,7185,7186,7185.0,7186.0,2,2.0,True,3.0,2.0,False,2.0
061_260404082403.csv,7bc332832815833ecd5990a4,Potenza,0,0,0.0,0.0,1,1.0,False,,,False,
061_260404082403.csv,7bc332832815833ecd5990a4,Potenza,2215,2215,2792.0,2792.0,1,1.0,True,579.0,578.0,True,56.0
061_260404082403.csv,7bc332832815833ecd5990a4,Potenza,4112,4114,4983.0,4985.0,3,3.0,True,4.0,3.0,False,-16.0
061_260404082403.csv,7bc332832815833ecd5990a4,Potenza,4210,4219,5081.0,5090.0,10,10.0,True,11.0,10.0,False,-181.0
061_260404082403.csv,7bc332832815833ecd5990a4,Potenza,4684,4686,5555.0,5557.0,3,3.0,True,4.0,3.0,False,-7.0
061_260404082403.csv,7bc332832815833ecd5990a4,Potenza,7807,7810,9626.0,9629.0,4,4.0,True,5.0,4.0,False,-16.0
061_260404082403.csv,7bc332832815833ecd5990a4,Potenza,11296,11304,13980.0,13988.0,9,9.0,True,492.0,491.0,True,0.0
061_260404082403.csv,7bc332832815833ecd5990a4,HR,3158,3159,3773.0,3774.0,2,2.0,True,3.0,2.0,False,-1.0
040_250906154316.csv,7ca8fa414f127424ab0396cf,Potenza,2379,2379,3363.0,3363.0,1,1.0,True,863.0,862.0,True,43.0
126_260905152115.csv,804163cd469a8a825cfecfeb,Potenza,1625,1627,1625.0,1627.0,3,3.0,True,4.0,3.0,False,0.0
126_260905152115.csv,804163cd469a8a825cfecfeb,Potenza,1933,1933,1933.0,1933.0,1,1.0,True,2.0,1.0,False,-93.0
126_260905152115.csv,804163cd469a8a825cfecfeb,Potenza,1942,1943,1942.0,1943.0,2,2.0,True,3.0,2.0,False,-8.0
126_260905152115.csv,804163cd469a8a825cfecfeb,Potenza,2924,2925,2924.0,2925.0,2,2.0,True,3.0,2.0,False,-3.0
126_260905152115.csv,804163cd469a8a825cfecfeb,Potenza,2930,2930,2930.0,2930.0,1,1.0,True,2.0,1.0,False,-210.0
126_260905152115.csv,804163cd469a8a825cfecfeb,Potenza,4809,4810,4809.0,4810.0,2,2.0,True,3.0,2.0,False,-5.0
126_260905152115.csv,804163cd469a8a825cfecfeb,HR,4316,4325,4316.0,4325.0,10,10.0,True,11.0,10.0,False,0.0
055_260110082743.csv,85cd6c8605ce2a09d286481c,HR,3151,3152,3151.0,3152.0,2,2.0,True,3.0,2.0,False,-2.0
016_250622105241.csv,8693f5322373d786b46f8684,Potenza,0,0,0.0,0.0,1,1.0,False,,,False,
016_250622105241.csv,8693f5322373d786b46f8684,Potenza,1923,1923,1923.0,1923.0,1,1.0,True,2.0,1.0,False,71.0
018_250628080614.csv,932becc3330d4054f1089d4e,Potenza,0,0,0.0,0.0,1,1.0,False,,,False,
010_250608073054.csv,96d60751422712528902bd4d,Potenza,86,88,86.0,88.0,3,3.0,True,4.0,3.0,False,0.0
010_250608073054.csv,96d60751422712528902bd4d,Potenza,104,105,104.0,105.0,2,2.0,True,3.0,2.0,False,-394.0
010_250608073054.csv,96d60751422712528902bd4d,Potenza,599,600,599.0,600.0,2,2.0,True,3.0,2.0,False,-55.0
010_250608073054.csv,96d60751422712528902bd4d,Potenza,1198,1199,1198.0,1199.0,2,2.0,True,3.0,2.0,False,-8.0
010_250608073054.csv,96d60751422712528902bd4d,Potenza,1579,1580,1579.0,1580.0,2,2.0,True,3.0,2.0,False,0.0
010_250608073054.csv,96d60751422712528902bd4d,Potenza,1800,1802,1800.0,1802.0,3,3.0,True,4.0,3.0,False,-16.0
086_260602100204.csv,97aa9516f3b46edcabf3a441,Potenza,2233,2234,2233.0,2234.0,2,2.0,True,3.0,2.0,False,-19.0
086_260602100204.csv,97aa9516f3b46edcabf3a441,Potenza,2495,2496,2495.0,2496.0,2,2.0,True,3.0,2.0,False,0.0
086_260602100204.csv,97aa9516f3b46edcabf3a441,Potenza,3604,3605,3604.0,3605.0,2,2.0,True,3.0,2.0,False,-17.0
086_260602100204.csv,97aa9516f3b46edcabf3a441,Potenza,3621,3626,3621.0,3626.0,6,6.0,True,7.0,6.0,False,100.0
086_260602100204.csv,97aa9516f3b46edcabf3a441,Potenza,3658,3658,3658.0,3658.0,1,1.0,True,2.0,1.0,False,-198.0
086_260602100204.csv,97aa9516f3b46edcabf3a441,Potenza,3703,3704,3703.0,3704.0,2,2.0,True,3.0,2.0,False,-31.0
086_260602100204.csv,97aa9516f3b46edcabf3a441,Potenza,3754,3755,3754.0,3755.0,2,2.0,True,3.0,2.0,False,-7.0
086_260602100204.csv,97aa9516f3b46edcabf3a441,Potenza,4640,4641,4640.0,4641.0,2,2.0,True,3.0,2.0,False,0.0
036_250823070906.csv,9ae032948579ddd026303b66,Potenza,5461,5461,5885.0,5885.0,1,1.0,True,346.0,345.0,True,-101.0
121_260830104514.csv,a37ab656434bef945744dff1,Potenza,1087,1087,1087.0,1087.0,1,1.0,True,2.0,1.0,False,0.0
121_260830104514.csv,a37ab656434bef945744dff1,Potenza,1141,1142,1141.0,1142.0,2,2.0,True,3.0,2.0,False,0.0
121_260830104514.csv,a37ab656434bef945744dff1,Potenza,4321,4321,4321.0,4321.0,1,1.0,True,2.0,1.0,False,169.0
121_260830104514.csv,a37ab656434bef945744dff1,Potenza,4447,4449,4447.0,4449.0,3,3.0,True,4.0,3.0,False,-13.0
121_260830104514.csv,a37ab656434bef945744dff1,Potenza,4465,4466,4465.0,4466.0,2,2.0,True,3.0,2.0,False,0.0
121_260830104514.csv,a37ab656434bef945744dff1,Potenza,4619,4620,4619.0,4620.0,2,2.0,True,3.0,2.0,False,-1.0
121_260830104514.csv,a37ab656434bef945744dff1,Potenza,4632,4632,4632.0,4632.0,1,1.0,True,2.0,1.0,False,109.0
121_260830104514.csv,a37ab656434bef945744dff1,Potenza,4985,4985,4985.0,4985.0,1,1.0,True,2.0,1.0,False,119.0
121_260830104514.csv,a37ab656434bef945744dff1,Potenza,5180,5181,5180.0,5181.0,2,2.0,True,3.0,2.0,False,-20.0
121_260830104514.csv,a37ab656434bef945744dff1,Potenza,5207,5209,5207.0,5209.0,3,3.0,True,4.0,3.0,False,494.0
128_260908061657.csv,affad3f915bb4c3b51b5bb59,Potenza,0,0,0.0,0.0,1,1.0,False,,,False,
108_260801060832.csv,b88cd85279aff4061fc525f7,Potenza,3768,3769,3768.0,3769.0,2,2.0,True,3.0,2.0,False,-11.0
108_260801060832.csv,b88cd85279aff4061fc525f7,Potenza,14729,14729,15408.0,15408.0,1,1.0,True,58.0,57.0,True,75.0
108_260801060832.csv,b88cd85279aff4061fc525f7,Potenza,15322,15322,16372.0,16372.0,1,1.0,True,373.0,372.0,True,-218.0
020_250629084934.csv,be6551d7e5596f59c4b62e82,Potenza,1106,1108,1106.0,1108.0,3,3.0,True,4.0,3.0,False,368.0
020_250629084934.csv,be6551d7e5596f59c4b62e82,Potenza,1210,1212,1210.0,1212.0,3,3.0,True,4.0,3.0,False,55.0
020_250629084934.csv,be6551d7e5596f59c4b62e82,Potenza,1428,1432,1428.0,1432.0,5,5.0,True,6.0,5.0,False,-77.0
020_250629084934.csv,be6551d7e5596f59c4b62e82,Potenza,1518,1521,1518.0,1521.0,4,4.0,True,5.0,4.0,False,0.0
020_250629084934.csv,be6551d7e5596f59c4b62e82,Potenza,1528,1533,1528.0,1533.0,6,6.0,True,7.0,6.0,False,0.0
020_250629084934.csv,be6551d7e5596f59c4b62e82,Potenza,1540,1546,1540.0,1546.0,7,7.0,True,8.0,7.0,False,94.0
020_250629084934.csv,be6551d7e5596f59c4b62e82,Potenza,3212,3212,3212.0,3212.0,1,1.0,True,2.0,1.0,False,-11.0
020_250629084934.csv,be6551d7e5596f59c4b62e82,Potenza,3954,3955,3954.0,3955.0,2,2.0,True,3.0,2.0,False,-6.0
020_250629084934.csv,be6551d7e5596f59c4b62e82,Potenza,3990,3992,3990.0,3992.0,3,3.0,True,4.0,3.0,False,0.0
020_250629084934.csv,be6551d7e5596f59c4b62e82,Potenza,7113,7115,7113.0,7115.0,3,3.0,True,4.0,3.0,False,0.0
020_250629084934.csv,be6551d7e5596f59c4b62e82,Potenza,7118,7118,7118.0,7118.0,1,1.0,True,2.0,1.0,False,0.0
020_250629084934.csv,be6551d7e5596f59c4b62e82,Potenza,8803,8804,8803.0,8804.0,2,2.0,True,3.0,2.0,False,-13.0
020_250629084934.csv,be6551d7e5596f59c4b62e82,HR,563,575,563.0,575.0,13,13.0,True,14.0,13.0,False,-6.0
020_250629084934.csv,be6551d7e5596f59c4b62e82,HR,901,914,901.0,914.0,14,14.0,True,15.0,14.0,False,0.0
020_250629084934.csv,be6551d7e5596f59c4b62e82,HR,8968,8979,8968.0,8979.0,12,12.0,True,13.0,12.0,False,10.0
007_250601095058.csv,c3bf042f9250c85f9dd6f79c,Potenza,429,430,429.0,430.0,2,2.0,True,3.0,2.0,False,-24.0
007_250601095058.csv,c3bf042f9250c85f9dd6f79c,Potenza,693,697,693.0,697.0,5,5.0,True,6.0,5.0,False,-247.0
007_250601095058.csv,c3bf042f9250c85f9dd6f79c,Potenza,1682,1684,1682.0,1684.0,3,3.0,True,4.0,3.0,False,547.0
007_250601095058.csv,c3bf042f9250c85f9dd6f79c,Potenza,1890,1891,1890.0,1891.0,2,2.0,True,3.0,2.0,False,381.0
007_250601095058.csv,c3bf042f9250c85f9dd6f79c,Potenza,4932,4933,4932.0,4933.0,2,2.0,True,3.0,2.0,False,-9.0
007_250601095058.csv,c3bf042f9250c85f9dd6f79c,Potenza,5395,5397,5395.0,5397.0,3,3.0,True,4.0,3.0,False,-11.0
007_250601095058.csv,c3bf042f9250c85f9dd6f79c,HR,2267,2273,2267.0,2273.0,7,7.0,True,8.0,7.0,False,-2.0
041_250906164426.csv,cedc59fde8b684a18c46f942,Potenza,2272,2273,2272.0,2273.0,2,2.0,True,3.0,2.0,False,-1.0
041_250906164426.csv,cedc59fde8b684a18c46f942,Potenza,2286,2293,2286.0,2293.0,8,8.0,True,9.0,8.0,False,234.0
041_250906164426.csv,cedc59fde8b684a18c46f942,Potenza,4058,4059,4058.0,4059.0,2,2.0,True,3.0,2.0,False,-249.0
041_250906164426.csv,cedc59fde8b684a18c46f942,Potenza,4109,4110,4109.0,4110.0,2,2.0,True,3.0,2.0,False,5.0
063_260412113502.csv,d480a08dc70a3fc999e43a39,Potenza,103,104,103.0,104.0,2,2.0,True,3.0,2.0,False,-40.0
063_260412113502.csv,d480a08dc70a3fc999e43a39,Potenza,1244,1246,1244.0,1246.0,3,3.0,True,4.0,3.0,False,-37.0
063_260412113502.csv,d480a08dc70a3fc999e43a39,Potenza,1504,1504,1504.0,1504.0,1,1.0,True,2.0,1.0,False,-59.0
063_260412113502.csv,d480a08dc70a3fc999e43a39,Potenza,1508,1510,1508.0,1510.0,3,3.0,True,4.0,3.0,False,0.0
063_260412113502.csv,d480a08dc70a3fc999e43a39,Potenza,2073,2074,2073.0,2074.0,2,2.0,True,3.0,2.0,False,6.0
063_260412113502.csv,d480a08dc70a3fc999e43a39,Potenza,3021,3025,3021.0,3025.0,5,5.0,True,6.0,5.0,False,-1.0
063_260412113502.csv,d480a08dc70a3fc999e43a39,Potenza,3125,3126,3125.0,3126.0,2,2.0,True,3.0,2.0,False,-18.0
063_260412113502.csv,d480a08dc70a3fc999e43a39,Potenza,3137,3139,3137.0,3139.0,3,3.0,True,4.0,3.0,False,0.0
063_260412113502.csv,d480a08dc70a3fc999e43a39,Potenza,3149,3151,3149.0,3151.0,3,3.0,True,4.0,3.0,False,0.0
063_260412113502.csv,d480a08dc70a3fc999e43a39,Potenza,3162,3163,3162.0,3163.0,2,2.0,True,3.0,2.0,False,0.0
063_260412113502.csv,d480a08dc70a3fc999e43a39,Potenza,3192,3193,3192.0,3193.0,2,2.0,True,3.0,2.0,False,-18.0
063_260412113502.csv,d480a08dc70a3fc999e43a39,Potenza,3217,3218,3217.0,3218.0,2,2.0,True,3.0,2.0,False,-4.0
063_260412113502.csv,d480a08dc70a3fc999e43a39,Potenza,3229,3240,3229.0,3240.0,12,12.0,True,13.0,12.0,False,0.0
063_260412113502.csv,d480a08dc70a3fc999e43a39,Potenza,3980,3987,3980.0,3987.0,8,8.0,True,9.0,8.0,False,71.0
063_260412113502.csv,d480a08dc70a3fc999e43a39,HR,3960,3965,3960.0,3965.0,6,6.0,True,7.0,6.0,False,-6.0
029_250718101116.csv,d884359d8ab1e148d9da71a4,Potenza,2195,2196,2195.0,2196.0,2,2.0,True,3.0,2.0,False,-5.0
054_260105090043.csv,da018f6438dfee85612604b8,Potenza,10813,10816,11472.0,11475.0,4,4.0,True,478.0,477.0,True,0.0
053_251220083114.csv,e164338b663960fbb4bfefcf,Potenza,10704,10704,11716.0,11716.0,1,1.0,True,1009.0,1008.0,True,0.0
053_251220083114.csv,e164338b663960fbb4bfefcf,HR,2812,2823,2812.0,2823.0,12,12.0,True,13.0,12.0,False,2.0
053_251220083114.csv,e164338b663960fbb4bfefcf,HR,6411,6429,6416.0,6434.0,19,19.0,True,20.0,19.0,False,-5.0
097_260705084902.csv,f5a04e7807851478229bf5df,Potenza,166,167,166.0,167.0,2,2.0,True,3.0,2.0,False,250.0
097_260705084902.csv,f5a04e7807851478229bf5df,Potenza,764,766,764.0,766.0,3,3.0,True,4.0,3.0,False,-8.0
097_260705084902.csv,f5a04e7807851478229bf5df,Potenza,950,952,950.0,952.0,3,3.0,True,4.0,3.0,False,-2.0
097_260705084902.csv,f5a04e7807851478229bf5df,Potenza,1363,1363,1363.0,1363.0,1,1.0,True,2.0,1.0,False,399.0
097_260705084902.csv,f5a04e7807851478229bf5df,Potenza,1792,1792,1804.0,1804.0,1,1.0,True,2.0,1.0,False,14.0
097_260705084902.csv,f5a04e7807851478229bf5df,Potenza,5437,5437,5521.0,5521.0,1,1.0,True,65.0,64.0,True,0.0
097_260705084902.csv,f5a04e7807851478229bf5df,Potenza,7097,7102,7181.0,7186.0,6,6.0,True,7.0,6.0,False,-326.0
097_260705084902.csv,f5a04e7807851478229bf5df,Potenza,7104,7105,7188.0,7189.0,2,2.0,True,3.0,2.0,False,0.0
097_260705084902.csv,f5a04e7807851478229bf5df,Potenza,8483,8487,8567.0,8571.0,5,5.0,True,6.0,5.0,False,0.0
097_260705084902.csv,f5a04e7807851478229bf5df,HR,3853,3854,3874.0,3875.0,2,2.0,True,3.0,2.0,False,0.0
097_260705084902.csv,f5a04e7807851478229bf5df,HR,5428,5434,5449.0,5455.0,7,7.0,True,8.0,7.0,False,-12.0
097_260705084902.csv,f5a04e7807851478229bf5df,HR,10402,10411,10486.0,10495.0,10,10.0,True,11.0,10.0,False,3.0
097_260705084902.csv,f5a04e7807851478229bf5df,HR,10414,10422,10498.0,10506.0,9,9.0,True,10.0,9.0,False,-12.0
019_250629080321.csv,fcb155564ce5db8e98899d89,Potenza,31,31,550.0,550.0,1,1.0,True,521.0,520.0,True,0.0
039_250831123125.csv,fcb2503949b8ce7d8a6bc3ea,HR,587,591,1018.0,1022.0,5,5.0,False,,,True,
