filename,signal,type,start_min,end_min,start_percent,end_percent,location,missing_samples,anchor_span_s,reason,resolved
002_250518083010.csv,Potenza,missing_value,1.2166666666666666,1.2666666666666666,0.720489538097118,0.7500986971969996,inizio (0-10%),4,5.0,short_but_record_deferred,False
002_250518083010.csv,Potenza,missing_value,1.4833333333333334,1.5166666666666666,0.8784050532964863,0.8981444926964074,inizio (0-10%),3,4.0,short_but_record_deferred,False
002_250518083010.csv,Potenza,missing_value,2.033333333333333,2.066666666666667,1.2041058033951835,1.2238452427951045,inizio (0-10%),3,4.0,short_but_record_deferred,False
002_250518083010.csv,Potenza,missing_value,2.4,2.466666666666667,1.421239636794315,1.460718515594157,inizio (0-10%),5,6.0,length_ge_5s,False
002_250518083010.csv,Potenza,missing_value,3.533333333333333,3.566666666666667,2.0923805763916303,2.1121200157915516,inizio (0-10%),3,4.0,short_but_record_deferred,False
002_250518083010.csv,Potenza,missing_value,4.7,4.733333333333333,2.783260955388867,2.803000394788788,inizio (0-10%),3,4.0,short_but_record_deferred,False
002_250518083010.csv,Potenza,missing_value,6.916666666666667,6.95,4.095933675483616,4.1156731148835375,inizio (0-10%),3,4.0,short_but_record_deferred,False
002_250518083010.csv,Potenza,missing_value,7.516666666666667,7.8,4.451243584682195,4.619028819581524,inizio (0-10%),18,19.0,length_ge_5s,False
002_250518083010.csv,Potenza,missing_value,7.916666666666667,8.016666666666667,4.688116857481248,4.747335175681011,inizio (0-10%),7,8.0,length_ge_5s,False
002_250518083010.csv,Potenza,missing_value,19.333333333333332,19.333333333333332,11.448874851954205,11.448874851954205,centrale (10-90%),1,2.0,short_but_record_deferred,False
002_250518083010.csv,Potenza,missing_value,20.016666666666666,20.05,11.853533359652586,11.873272799052508,centrale (10-90%),3,4.0,short_but_record_deferred,False
002_250518083010.csv,Potenza,missing_value,24.183333333333334,24.2,14.320963284642716,14.330833004342677,centrale (10-90%),2,3.0,short_but_record_deferred,False
002_250518083010.csv,Potenza,missing_value,26.366666666666667,26.366666666666667,15.613896565337544,15.613896565337544,centrale (10-90%),1,2.0,short_but_record_deferred,False
002_250518083010.csv,Potenza,missing_value,30.733333333333334,30.75,18.199763126727202,18.209632846427162,centrale (10-90%),2,3.0,short_but_record_deferred,False
002_250518083010.csv,Potenza,missing_value,36.3,36.31666666666667,21.496249506514015,21.506119226213976,centrale (10-90%),2,3.0,short_but_record_deferred,False
002_250518083010.csv,Potenza,missing_value,85.81666666666666,85.83333333333333,50.81918673509672,50.829056454796685,centrale (10-90%),2,3.0,short_but_record_deferred,False
002_250518083010.csv,Potenza,missing_value,149.66666666666666,149.7,88.63008290564548,88.64982234504541,centrale (10-90%),3,4.0,short_but_record_deferred,False
002_250518083010.csv,HR,missing_value,16.083333333333332,16.266666666666666,9.524279510461902,9.632846427161468,inizio (0-10%),12,13.0,length_ge_5s,False
002_250518083010.csv,HR,missing_value,16.433333333333334,16.45,9.731543624161073,9.741413343861034,inizio (0-10%),2,3.0,short_but_record_deferred,False
002_250518083010.csv,HR,missing_value,90.56666666666666,90.58333333333333,53.632056849585474,53.64192656928543,centrale (10-90%),2,3.0,short_but_record_deferred,False
005_250525105224.csv,Potenza,missing_value,23.35,23.383333333333333,22.502409251525858,22.53453260520398,centrale (10-90%),3,4.0,short_but_record_deferred,False
005_250525105224.csv,Potenza,missing_value,23.95,23.95,23.08062961773209,23.08062961773209,centrale (10-90%),1,2.0,short_but_record_deferred,False
005_250525105224.csv,Potenza,missing_value,87.83333333333333,87.85,84.64503694185673,84.66109861869579,centrale (10-90%),2,3.0,short_but_record_deferred,False
005_250525105224.csv,HR,missing_value,90.16666666666667,90.25,86.89367169932541,86.97398008352071,centrale (10-90%),6,7.0,length_ge_5s,False
005_250525105224.csv,Timestamp,recording_gap,0.0,0.1,0.0,0.09637006103437198,inizio (0-10%),,6.0,recording_gap_not_interpolated,False
007_250601095058.csv,Potenza,missing_value,7.15,7.166666666666667,7.211296016137166,7.228105563960329,inizio (0-10%),2,3.0,short_but_record_deferred,False
007_250601095058.csv,Potenza,missing_value,11.55,11.616666666666667,11.649016641452345,11.716254832745,centrale (10-90%),5,6.0,length_ge_5s,False
007_250601095058.csv,Potenza,missing_value,28.033333333333335,28.066666666666666,28.273659438561104,28.30727853420743,centrale (10-90%),3,4.0,short_but_record_deferred,False
007_250601095058.csv,Potenza,missing_value,31.5,31.516666666666666,31.770045385779124,31.786854933602285,centrale (10-90%),2,3.0,short_but_record_deferred,False
007_250601095058.csv,Potenza,missing_value,82.2,82.21666666666667,82.90468986384266,82.92149941166582,centrale (10-90%),2,3.0,short_but_record_deferred,False
007_250601095058.csv,Potenza,missing_value,89.91666666666667,89.95,90.6875105059674,90.72112960161371,fine (90-100%),3,4.0,short_but_record_deferred,False
007_250601095058.csv,HR,missing_value,37.78333333333333,37.88333333333333,38.107244915111785,38.20810220205077,centrale (10-90%),7,8.0,length_ge_5s,False
010_250608073054.csv,Potenza,missing_value,1.4333333333333333,1.4666666666666666,1.0387727986471795,1.0629303055924628,inizio (0-10%),3,4.0,interpolated,True
010_250608073054.csv,Potenza,missing_value,1.7333333333333334,1.75,1.256190361154729,1.2682691146273704,inizio (0-10%),2,3.0,interpolated,True
010_250608073054.csv,Potenza,missing_value,9.983333333333333,10.0,7.235173330112333,7.247252083584974,inizio (0-10%),2,3.0,interpolated,True
010_250608073054.csv,Potenza,missing_value,19.966666666666665,19.983333333333334,14.470346660224665,14.482425413697307,centrale (10-90%),2,3.0,interpolated,True
010_250608073054.csv,Potenza,missing_value,26.316666666666666,26.333333333333332,19.072351733301122,19.084430486773766,centrale (10-90%),2,3.0,interpolated,True
010_250608073054.csv,Potenza,missing_value,30.0,30.033333333333335,21.74175625075492,21.765913757700204,centrale (10-90%),3,4.0,interpolated,True
010_250608073054.csv,Timestamp,recording_gap,37.25,37.333333333333336,26.996014011354028,27.056407778717237,centrale (10-90%),,5.0,recording_gap_not_interpolated,False
013_250615104019.csv,Potenza,missing_value,7.033333333333333,7.033333333333333,5.040009554520482,5.040009554520482,inizio (0-10%),1,2.0,short_but_record_deferred,False
013_250615104019.csv,Potenza,missing_value,10.066666666666666,10.066666666666666,7.21366296428998,7.21366296428998,inizio (0-10%),1,2.0,short_but_record_deferred,False
013_250615104019.csv,Potenza,missing_value,11.666666666666666,11.7,8.360205422190374,8.384091723396631,inizio (0-10%),3,4.0,short_but_record_deferred,False
013_250615104019.csv,Potenza,missing_value,13.583333333333334,14.0,9.73366774155022,10.032246506628448,inizio (0-10%),26,27.0,length_ge_5s,False
013_250615104019.csv,Potenza,missing_value,16.233333333333334,16.233333333333334,11.632628687447749,11.632628687447749,centrale (10-90%),1,2.0,short_but_record_deferred,False
013_250615104019.csv,Potenza,missing_value,23.833333333333332,23.833333333333332,17.078705362474622,17.078705362474622,centrale (10-90%),1,2.0,short_but_record_deferred,False
013_250615104019.csv,Potenza,missing_value,36.2,36.2,25.940523109996416,25.940523109996416,centrale (10-90%),1,2.0,short_but_record_deferred,False
013_250615104019.csv,Potenza,missing_value,37.88333333333333,38.0,27.146781320912456,27.23038337513436,centrale (10-90%),8,9.0,length_ge_5s,False
013_250615104019.csv,Potenza,missing_value,112.53333333333333,112.55,80.64015287232772,80.65209602293085,centrale (10-90%),2,3.0,short_but_record_deferred,False
013_250615104019.csv,Potenza,missing_value,113.65,113.65,81.44034396273737,81.44034396273737,centrale (10-90%),1,2.0,short_but_record_deferred,False
013_250615104019.csv,Potenza,missing_value,117.15,117.16666666666667,83.94840558939448,83.96034873999761,centrale (10-90%),2,3.0,short_but_record_deferred,False
013_250615104019.csv,Potenza,missing_value,128.21666666666667,128.25,91.8786575898722,91.90254389107847,fine (90-100%),3,4.0,short_but_record_deferred,False
013_250615104019.csv,HR,missing_value,114.53333333333333,114.9,82.07333094470322,82.33608025797206,centrale (10-90%),23,24.0,length_ge_5s,False
013_250615104019.csv,HR,missing_value,118.85,118.85,85.16660695091365,85.16660695091365,centrale (10-90%),1,2.0,short_but_record_deferred,False
013_250615104019.csv,HR,missing_value,119.75,119.76666666666667,85.81153708348262,85.82348023408575,centrale (10-90%),2,3.0,short_but_record_deferred,False
016_250622105241.csv,Potenza,missing_value,0.0,0.0,0.0,0.0,inizio (0-10%),1,,edge,False
016_250622105241.csv,Potenza,missing_value,32.05,32.05,28.852213053263316,28.852213053263316,centrale (10-90%),1,2.0,short_but_record_deferred,False
018_250628080614.csv,Potenza,missing_value,0.0,0.0,0.0,0.0,inizio (0-10%),1,,edge,False
018_250628080614.csv,Timestamp,recording_gap,41.016666666666666,41.18333333333333,73.55050806933652,73.84937238493724,centrale (10-90%),,10.0,recording_gap_not_interpolated,False
019_250629080321.csv,Potenza,missing_value,9.166666666666666,9.166666666666666,34.63476070528967,34.63476070528967,centrale (10-90%),1,521.0,recording_gap,False
019_250629080321.csv,Timestamp,recording_gap,0.5,9.166666666666666,1.8891687657430731,34.63476070528967,centrale (10-90%),,520.0,recording_gap_not_interpolated,False
019_250629080321.csv,Timestamp,recording_gap,18.583333333333332,19.2,70.21410579345088,72.544080604534,centrale (10-90%),,37.0,recording_gap_not_interpolated,False
019_250629080321.csv,Timestamp,recording_gap,19.233333333333334,19.283333333333335,72.67002518891688,72.85894206549118,centrale (10-90%),,3.0,recording_gap_not_interpolated,False
020_250629084934.csv,Potenza,missing_value,18.433333333333334,18.466666666666665,7.7794190054160515,7.793486670886966,inizio (0-10%),3,4.0,short_but_record_deferred,False
020_250629084934.csv,Potenza,missing_value,20.166666666666668,20.2,8.510937609903637,8.525005275374552,inizio (0-10%),3,4.0,short_but_record_deferred,False
020_250629084934.csv,Potenza,missing_value,23.8,23.866666666666667,10.044313146233383,10.072448477175213,centrale (10-90%),5,6.0,length_ge_5s,False
020_250629084934.csv,Potenza,missing_value,25.3,25.35,10.677358092424562,10.698459590630934,centrale (10-90%),4,5.0,short_but_record_deferred,False
020_250629084934.csv,Potenza,missing_value,25.466666666666665,25.55,10.747696419779137,10.782865583456426,centrale (10-90%),6,7.0,length_ge_5s,False
020_250629084934.csv,Potenza,missing_value,25.666666666666668,25.766666666666666,10.832102412604629,10.874305409017374,centrale (10-90%),7,8.0,length_ge_5s,False
020_250629084934.csv,Potenza,missing_value,53.53333333333333,53.53333333333333,22.592670746289652,22.592670746289652,centrale (10-90%),1,2.0,short_but_record_deferred,False
020_250629084934.csv,Potenza,missing_value,65.9,65.91666666666667,27.811774635999157,27.818808468734613,centrale (10-90%),2,3.0,short_but_record_deferred,False
020_250629084934.csv,Potenza,missing_value,66.5,66.53333333333333,28.064992614475628,28.079060279946543,centrale (10-90%),3,4.0,short_but_record_deferred,False
020_250629084934.csv,Potenza,missing_value,118.55,118.58333333333333,50.03165224730956,50.04571991278048,centrale (10-90%),3,4.0,short_but_record_deferred,False
020_250629084934.csv,Potenza,missing_value,118.63333333333334,118.63333333333334,50.06682141098685,50.06682141098685,centrale (10-90%),1,2.0,short_but_record_deferred,False
020_250629084934.csv,Potenza,missing_value,146.71666666666667,146.73333333333332,61.91882957023282,61.925863402968275,centrale (10-90%),2,3.0,short_but_record_deferred,False
020_250629084934.csv,HR,missing_value,9.383333333333333,9.583333333333334,3.960047830062601,4.044453822888092,inizio (0-10%),13,14.0,length_ge_5s,False
020_250629084934.csv,HR,missing_value,15.016666666666667,15.233333333333333,6.337483294647253,6.428923120208202,inizio (0-10%),14,15.0,length_ge_5s,False
020_250629084934.csv,HR,missing_value,149.46666666666667,149.65,63.07941197158332,63.15678413167335,centrale (10-90%),12,13.0,length_ge_5s,False
020_250629084934.csv,Timestamp,recording_gap,178.85,179.28333333333333,75.48005908419498,75.66293873531687,centrale (10-90%),,26.0,recording_gap_not_interpolated,False
029_250718101116.csv,Potenza,missing_value,36.583333333333336,36.6,32.47041420118343,32.485207100591715,centrale (10-90%),2,3.0,interpolated,True
029_250718101116.csv,Timestamp,recording_gap,43.85,43.93333333333333,38.92011834319526,38.994082840236686,centrale (10-90%),,5.0,recording_gap_not_interpolated,False
029_250718101116.csv,Timestamp,recording_gap,63.166666666666664,63.233333333333334,56.06508875739645,56.124260355029584,centrale (10-90%),,4.0,recording_gap_not_interpolated,False
029_250718101116.csv,Timestamp,recording_gap,63.416666666666664,64.3,56.28698224852071,57.071005917159766,centrale (10-90%),,53.0,recording_gap_not_interpolated,False
029_250718101116.csv,Timestamp,recording_gap,72.31666666666666,73.0,64.18639053254438,64.79289940828403,centrale (10-90%),,41.0,recording_gap_not_interpolated,False
029_250718101116.csv,Timestamp,recording_gap,104.35,104.46666666666667,92.61834319526628,92.72189349112426,fine (90-100%),,7.0,recording_gap_not_interpolated,False
036_250823070906.csv,Potenza,missing_value,98.08333333333333,98.08333333333333,31.354893707709522,31.354893707709522,centrale (10-90%),1,346.0,recording_gap,False
036_250823070906.csv,Timestamp,recording_gap,30.033333333333335,30.266666666666666,9.600937716447334,9.675528797485216,inizio (0-10%),,14.0,recording_gap_not_interpolated,False
036_250823070906.csv,Timestamp,recording_gap,54.81666666666667,55.95,17.52357610954233,17.885875646012042,centrale (10-90%),,68.0,recording_gap_not_interpolated,False
036_250823070906.csv,Timestamp,recording_gap,92.33333333333333,98.08333333333333,29.516756353561725,31.354893707709522,centrale (10-90%),,345.0,recording_gap_not_interpolated,False
036_250823070906.csv,Timestamp,recording_gap,100.91666666666667,101.4,32.260642548883794,32.41515264531941,centrale (10-90%),,29.0,recording_gap_not_interpolated,False
036_250823070906.csv,Timestamp,recording_gap,102.56666666666666,102.73333333333333,32.78810805050882,32.84138739410731,centrale (10-90%),,10.0,recording_gap_not_interpolated,False
036_250823070906.csv,Timestamp,recording_gap,126.05,126.9,40.295167563535614,40.5668922158879,centrale (10-90%),,51.0,recording_gap_not_interpolated,False
036_250823070906.csv,Timestamp,recording_gap,162.7,166.13333333333333,52.01129522084288,53.10884969897171,centrale (10-90%),,206.0,recording_gap_not_interpolated,False
036_250823070906.csv,Timestamp,recording_gap,179.9,180.48333333333332,57.50972348020672,57.69620118280143,centrale (10-90%),,35.0,recording_gap_not_interpolated,False
036_250823070906.csv,Timestamp,recording_gap,199.08333333333334,200.03333333333333,63.64217592839256,63.94586818690394,centrale (10-90%),,57.0,recording_gap_not_interpolated,False
036_250823070906.csv,Timestamp,recording_gap,240.96666666666667,244.36666666666667,77.03127497469231,78.11817358410144,centrale (10-90%),,204.0,recording_gap_not_interpolated,False
036_250823070906.csv,Timestamp,recording_gap,244.63333333333333,245.0,78.20342053385902,78.32063508977569,centrale (10-90%),,22.0,recording_gap_not_interpolated,False
036_250823070906.csv,Timestamp,recording_gap,255.83333333333334,256.8833333333333,81.78379242367734,82.1194522883478,centrale (10-90%),,63.0,recording_gap_not_interpolated,False
036_250823070906.csv,Timestamp,recording_gap,281.21666666666664,281.55,89.8982364537269,90.00479514092386,centrale (10-90%),,20.0,recording_gap_not_interpolated,False
036_250823070906.csv,Timestamp,recording_gap,300.75,301.18333333333334,96.14257552346955,96.28110181682561,fine (90-100%),,26.0,recording_gap_not_interpolated,False
036_250823070906.csv,Timestamp,recording_gap,303.68333333333334,304.71666666666664,97.08029197080292,97.41062390111354,fine (90-100%),,62.0,recording_gap_not_interpolated,False
036_250823070906.csv,Timestamp,recording_gap,310.5,310.6,99.25941712398104,99.29138473014012,fine (90-100%),,6.0,recording_gap_not_interpolated,False
039_250831123125.csv,HR,missing_value,16.966666666666665,17.033333333333335,99.60861056751467,100.0,fine (90-100%),5,,edge,False
039_250831123125.csv,Timestamp,recording_gap,7.95,9.2,46.67318982387476,54.01174168297456,centrale (10-90%),,75.0,recording_gap_not_interpolated,False
039_250831123125.csv,Timestamp,recording_gap,11.0,16.966666666666665,64.57925636007828,99.60861056751467,centrale (10-90%),,358.0,recording_gap_not_interpolated,False
040_250906154316.csv,Potenza,missing_value,56.05,56.05,97.87543655413272,97.87543655413272,fine (90-100%),1,863.0,recording_gap,False
040_250906154316.csv,Timestamp,recording_gap,7.433333333333334,7.666666666666667,12.980209545983701,13.38766006984866,centrale (10-90%),,14.0,recording_gap_not_interpolated,False
040_250906154316.csv,Timestamp,recording_gap,10.75,10.85,18.771827706635623,18.946449359720607,centrale (10-90%),,6.0,recording_gap_not_interpolated,False
040_250906154316.csv,Timestamp,recording_gap,14.216666666666667,15.45,24.825378346915016,26.9790454016298,centrale (10-90%),,74.0,recording_gap_not_interpolated,False
040_250906154316.csv,Timestamp,recording_gap,35.55,36.1,62.077997671711294,63.0384167636787,centrale (10-90%),,33.0,recording_gap_not_interpolated,False
040_250906154316.csv,Timestamp,recording_gap,41.68333333333333,56.05,72.78812572759023,97.87543655413272,centrale (10-90%),,862.0,recording_gap_not_interpolated,False
041_250906164426.csv,Potenza,missing_value,37.86666666666667,37.88333333333333,48.5159086055947,48.53726243860773,centrale (10-90%),2,3.0,short_but_record_deferred,False
041_250906164426.csv,Potenza,missing_value,38.1,38.21666666666667,48.814862267777066,48.964339098868244,centrale (10-90%),8,9.0,length_ge_5s,False
041_250906164426.csv,Potenza,missing_value,67.63333333333334,67.65,86.65385436685885,86.67520819987188,centrale (10-90%),2,3.0,short_but_record_deferred,False
041_250906164426.csv,Potenza,missing_value,68.48333333333333,68.5,87.74289985052317,87.7642536835362,centrale (10-90%),2,3.0,short_but_record_deferred,False
053_251220083114.csv,Potenza,missing_value,195.26666666666668,195.26666666666668,78.15355880194784,78.15355880194784,centrale (10-90%),1,1009.0,recording_gap,False
053_251220083114.csv,HR,missing_value,46.86666666666667,47.05,18.75792141951838,18.83129877926756,centrale (10-90%),12,13.0,length_ge_5s,False
053_251220083114.csv,HR,missing_value,106.93333333333334,107.23333333333333,42.79901274097792,42.919084784203854,centrale (10-90%),19,20.0,length_ge_5s,False
053_251220083114.csv,Timestamp,recording_gap,76.11666666666666,76.21666666666667,30.464945634047094,30.50496964845574,centrale (10-90%),,6.0,recording_gap_not_interpolated,False
053_251220083114.csv,Timestamp,recording_gap,178.46666666666667,195.26666666666668,71.42952438129545,78.15355880194784,centrale (10-90%),,1008.0,recording_gap_not_interpolated,False
053_251220083114.csv,Timestamp,recording_gap,243.66666666666666,243.85,97.52518177573211,97.5985591354813,fine (90-100%),,11.0,recording_gap_not_interpolated,False
053_251220083114.csv,Timestamp,recording_gap,247.55,247.91666666666666,99.07944766860116,99.22620238809952,fine (90-100%),,22.0,recording_gap_not_interpolated,False
053_251220083114.csv,Timestamp,recording_gap,247.95,248.25,99.23954372623574,99.35961576946168,fine (90-100%),,18.0,recording_gap_not_interpolated,False
054_260105090043.csv,Potenza,missing_value,191.2,191.25,86.13905991890674,86.16158582369725,centrale (10-90%),4,478.0,recording_gap,False
054_260105090043.csv,Timestamp,recording_gap,29.516666666666666,29.95,13.29779246133053,13.493016969514942,centrale (10-90%),,26.0,recording_gap_not_interpolated,False
054_260105090043.csv,Timestamp,recording_gap,112.36666666666666,114.4,50.623216699204086,51.53927016068479,centrale (10-90%),,122.0,recording_gap_not_interpolated,False
054_260105090043.csv,Timestamp,recording_gap,156.2,156.88333333333333,70.37092656555038,70.67878059768734,centrale (10-90%),,41.0,recording_gap_not_interpolated,False
054_260105090043.csv,Timestamp,recording_gap,183.3,191.2,82.57996696200631,86.13905991890674,centrale (10-90%),,474.0,recording_gap_not_interpolated,False
055_260110082743.csv,HR,missing_value,52.516666666666666,52.53333333333333,21.549719600601833,21.55655861031323,centrale (10-90%),2,3.0,interpolated,True
055_260110082743.csv,Timestamp,recording_gap,61.7,62.266666666666666,25.31801395157981,25.5505402817672,centrale (10-90%),,34.0,recording_gap_not_interpolated,False
055_260110082743.csv,Timestamp,recording_gap,64.48333333333333,64.66666666666667,26.460128573382573,26.535357680207905,centrale (10-90%),,11.0,recording_gap_not_interpolated,False
055_260110082743.csv,Timestamp,recording_gap,73.73333333333333,74.86666666666666,30.25577896320613,30.720831623580906,centrale (10-90%),,68.0,recording_gap_not_interpolated,False
055_260110082743.csv,Timestamp,recording_gap,94.71666666666667,95.08333333333333,38.86609218985091,39.016550403501576,centrale (10-90%),,22.0,recording_gap_not_interpolated,False
055_260110082743.csv,Timestamp,recording_gap,96.56666666666666,96.98333333333333,39.62522226781562,39.796197510600464,centrale (10-90%),,25.0,recording_gap_not_interpolated,False
055_260110082743.csv,Timestamp,recording_gap,102.0,102.61666666666666,41.854739433729996,42.10778279305157,centrale (10-90%),,37.0,recording_gap_not_interpolated,False
055_260110082743.csv,Timestamp,recording_gap,140.96666666666667,141.71666666666667,57.84434413896868,58.152099575981396,centrale (10-90%),,45.0,recording_gap_not_interpolated,False
055_260110082743.csv,Timestamp,recording_gap,141.8,142.15,58.18629462453837,58.329913828477636,centrale (10-90%),,21.0,recording_gap_not_interpolated,False
055_260110082743.csv,Timestamp,recording_gap,172.88333333333333,173.3,70.94104773628779,71.11202297907263,centrale (10-90%),,25.0,recording_gap_not_interpolated,False
055_260110082743.csv,Timestamp,recording_gap,179.83333333333334,179.9,73.79291478593899,73.82027082478457,centrale (10-90%),,4.0,recording_gap_not_interpolated,False
055_260110082743.csv,Timestamp,recording_gap,205.4,205.85,84.28395568321707,84.4686089454247,centrale (10-90%),,27.0,recording_gap_not_interpolated,False
055_260110082743.csv,Timestamp,recording_gap,233.15,233.53333333333333,95.67090685268774,95.82820407604979,fine (90-100%),,23.0,recording_gap_not_interpolated,False
055_260110082743.csv,Timestamp,recording_gap,236.51666666666668,237.28333333333333,97.05238681438928,97.3669812611134,fine (90-100%),,46.0,recording_gap_not_interpolated,False
058_260301114610.csv,Potenza,missing_value,0.0,0.0,0.0,0.0,inizio (0-10%),1,,edge,False
058_260301114610.csv,Potenza,missing_value,26.816666666666666,26.833333333333332,20.331058882992167,20.343694718220874,centrale (10-90%),2,3.0,short_but_record_deferred,False
058_260301114610.csv,Potenza,missing_value,35.416666666666664,35.416666666666664,26.851149861005812,26.851149861005812,centrale (10-90%),1,2.0,short_but_record_deferred,False
058_260301114610.csv,Potenza,missing_value,37.86666666666667,37.88333333333333,28.70861763962598,28.721253474854688,centrale (10-90%),2,3.0,short_but_record_deferred,False
058_260301114610.csv,Potenza,missing_value,38.733333333333334,38.733333333333334,29.36568107151883,29.36568107151883,centrale (10-90%),1,2.0,short_but_record_deferred,False
058_260301114610.csv,Potenza,missing_value,48.583333333333336,48.6,36.83345969168562,36.846095526914326,centrale (10-90%),2,3.0,short_but_record_deferred,False
058_260301114610.csv,Potenza,missing_value,69.23333333333333,69.23333333333333,52.4892595400556,52.4892595400556,centrale (10-90%),1,2.0,short_but_record_deferred,False
058_260301114610.csv,Potenza,missing_value,69.48333333333333,69.61666666666666,52.678797068486226,52.779883750315896,centrale (10-90%),9,10.0,length_ge_5s,False
058_260301114610.csv,Potenza,missing_value,69.7,69.7,52.84306292645944,52.84306292645944,centrale (10-90%),1,2.0,short_but_record_deferred,False
058_260301114610.csv,Potenza,missing_value,71.28333333333333,71.3,54.04346727318676,54.05610310841546,centrale (10-90%),2,3.0,short_but_record_deferred,False
058_260301114610.csv,Potenza,missing_value,78.61666666666666,78.63333333333334,59.60323477381855,59.615870609047256,centrale (10-90%),2,3.0,short_but_record_deferred,False
058_260301114610.csv,Potenza,missing_value,90.56666666666666,90.6,68.66312863280262,68.68840030326004,centrale (10-90%),3,4.0,short_but_record_deferred,False
058_260301114610.csv,Potenza,missing_value,90.86666666666666,90.9,68.89057366691938,68.9158453373768,centrale (10-90%),3,4.0,short_but_record_deferred,False
058_260301114610.csv,Potenza,missing_value,91.18333333333334,91.21666666666667,69.13065453626484,69.15592620672227,centrale (10-90%),3,4.0,short_but_record_deferred,False
058_260301114610.csv,Potenza,missing_value,96.15,96.31666666666666,72.89613343442001,73.0224917867071,centrale (10-90%),11,12.0,length_ge_5s,False
058_260301114610.csv,Potenza,missing_value,101.35,101.41666666666667,76.8385140257771,76.88905736669194,centrale (10-90%),5,6.0,length_ge_5s,False
058_260301114610.csv,Potenza,missing_value,101.65,101.68333333333334,77.06595905989386,77.09123073035127,centrale (10-90%),3,4.0,short_but_record_deferred,False
058_260301114610.csv,Potenza,missing_value,101.88333333333334,101.9,77.24286075309578,77.25549658832449,centrale (10-90%),2,3.0,short_but_record_deferred,False
058_260301114610.csv,Potenza,missing_value,108.46666666666667,108.46666666666667,82.23401566843569,82.23401566843569,centrale (10-90%),1,2.0,short_but_record_deferred,False
058_260301114610.csv,Potenza,missing_value,109.41666666666667,109.46666666666667,82.95425827647207,82.9921657821582,centrale (10-90%),4,5.0,short_but_record_deferred,False
058_260301114610.csv,Potenza,missing_value,114.31666666666666,114.36666666666666,86.66919383371241,86.70710133939853,centrale (10-90%),4,5.0,short_but_record_deferred,False
058_260301114610.csv,Potenza,missing_value,114.51666666666667,114.58333333333333,86.82082385645691,86.87136719737174,centrale (10-90%),5,6.0,length_ge_5s,False
058_260301114610.csv,Potenza,missing_value,114.8,114.81666666666666,87.03563305534496,87.04826889057367,centrale (10-90%),2,3.0,short_but_record_deferred,False
058_260301114610.csv,Potenza,missing_value,121.16666666666667,121.21666666666667,91.86252211271164,91.90042961839778,fine (90-100%),4,5.0,short_but_record_deferred,False
058_260301114610.csv,HR,missing_value,99.91666666666667,99.91666666666667,75.75183219610817,75.75183219610817,centrale (10-90%),1,2.0,short_but_record_deferred,False
061_260404082403.csv,Potenza,missing_value,0.0,0.0,0.0,0.0,inizio (0-10%),1,,edge,False
061_260404082403.csv,Potenza,missing_value,46.53333333333333,46.53333333333333,15.683631052690709,15.683631052690709,centrale (10-90%),1,579.0,recording_gap,False
061_260404082403.csv,Potenza,missing_value,83.05,83.08333333333333,27.9912369396697,28.002471632400855,centrale (10-90%),3,4.0,short_but_record_deferred,False
061_260404082403.csv,Potenza,missing_value,84.68333333333334,84.83333333333333,28.541736883496235,28.59229300078643,centrale (10-90%),10,11.0,length_ge_5s,False
061_260404082403.csv,Potenza,missing_value,92.58333333333333,92.61666666666666,31.204359060779687,31.21559375351084,centrale (10-90%),3,4.0,short_but_record_deferred,False
061_260404082403.csv,Potenza,missing_value,160.43333333333334,160.48333333333332,54.072576115043255,54.08942815413999,centrale (10-90%),4,5.0,short_but_record_deferred,False
061_260404082403.csv,Potenza,missing_value,233.0,233.13333333333333,78.53050219076508,78.5754409616897,centrale (10-90%),9,492.0,recording_gap,False
061_260404082403.csv,HR,missing_value,62.88333333333333,62.9,21.19424783732165,21.199865183687226,centrale (10-90%),2,3.0,short_but_record_deferred,False
061_260404082403.csv,Timestamp,recording_gap,36.9,46.53333333333333,12.43680485338726,15.683631052690709,centrale (10-90%),,578.0,recording_gap_not_interpolated,False
061_260404082403.csv,Timestamp,recording_gap,47.7,48.016666666666666,16.076845298281093,16.183574879227052,centrale (10-90%),,19.0,recording_gap_not_interpolated,False
061_260404082403.csv,Timestamp,recording_gap,61.333333333333336,61.68333333333333,20.671834625322997,20.78979889900011,centrale (10-90%),,21.0,recording_gap_not_interpolated,False
061_260404082403.csv,Timestamp,recording_gap,66.3,69.65,22.345803842264914,23.474890461745872,centrale (10-90%),,201.0,recording_gap_not_interpolated,False
061_260404082403.csv,Timestamp,recording_gap,70.95,71.28333333333333,23.91304347826087,24.02539040557241,centrale (10-90%),,20.0,recording_gap_not_interpolated,False
061_260404082403.csv,Timestamp,recording_gap,71.86666666666666,72.2,24.2219975283676,24.334344455679137,centrale (10-90%),,20.0,recording_gap_not_interpolated,False
061_260404082403.csv,Timestamp,recording_gap,73.21666666666667,73.53333333333333,24.677002583979327,24.78373216492529,centrale (10-90%),,19.0,recording_gap_not_interpolated,False
061_260404082403.csv,Timestamp,recording_gap,94.26666666666667,95.5,31.771711043702954,32.187394674755645,centrale (10-90%),,74.0,recording_gap_not_interpolated,False
061_260404082403.csv,Timestamp,recording_gap,95.66666666666667,97.18333333333334,32.24356813841141,32.754746657678915,centrale (10-90%),,91.0,recording_gap_not_interpolated,False
061_260404082403.csv,Timestamp,recording_gap,121.2,121.71666666666667,40.849342770475225,41.02348050780811,centrale (10-90%),,31.0,recording_gap_not_interpolated,False
061_260404082403.csv,Timestamp,recording_gap,122.16666666666667,123.16666666666667,41.175148859678686,41.512189641613304,centrale (10-90%),,60.0,recording_gap_not_interpolated,False
061_260404082403.csv,Timestamp,recording_gap,123.75,124.25,41.7087967644085,41.8773171553758,centrale (10-90%),,30.0,recording_gap_not_interpolated,False
061_260404082403.csv,Timestamp,recording_gap,146.45,147.46666666666667,49.359622514324236,49.70228064262442,centrale (10-90%),,61.0,recording_gap_not_interpolated,False
061_260404082403.csv,Timestamp,recording_gap,147.75,149.0,49.79777553083923,50.2190765082575,centrale (10-90%),,75.0,recording_gap_not_interpolated,False
061_260404082403.csv,Timestamp,recording_gap,149.16666666666666,156.23333333333332,50.27524997191327,52.65700483091788,centrale (10-90%),,424.0,recording_gap_not_interpolated,False
061_260404082403.csv,Timestamp,recording_gap,156.46666666666667,157.75,52.73564768003595,53.16818335018537,centrale (10-90%),,77.0,recording_gap_not_interpolated,False
061_260404082403.csv,Timestamp,recording_gap,159.55,160.13333333333333,53.77485675766768,53.97146388046287,centrale (10-90%),,35.0,recording_gap_not_interpolated,False
061_260404082403.csv,Timestamp,recording_gap,168.81666666666666,169.15,56.898101336928434,57.010448264239976,centrale (10-90%),,20.0,recording_gap_not_interpolated,False
061_260404082403.csv,Timestamp,recording_gap,180.91666666666666,182.06666666666666,60.976294798337264,61.363891697562075,centrale (10-90%),,69.0,recording_gap_not_interpolated,False
061_260404082403.csv,Timestamp,recording_gap,201.15,201.61666666666667,67.79575328614763,67.95303898438378,centrale (10-90%),,28.0,recording_gap_not_interpolated,False
061_260404082403.csv,Timestamp,recording_gap,201.65,205.2,67.96427367711493,69.16076845298281,centrale (10-90%),,213.0,recording_gap_not_interpolated,False
061_260404082403.csv,Timestamp,recording_gap,223.71666666666667,223.91666666666666,75.40164026513875,75.46904842152567,centrale (10-90%),,12.0,recording_gap_not_interpolated,False
061_260404082403.csv,Timestamp,recording_gap,224.01666666666668,224.8,75.50275249971914,75.76676777890124,centrale (10-90%),,47.0,recording_gap_not_interpolated,False
061_260404082403.csv,Timestamp,recording_gap,224.95,233.0,75.81732389619144,78.53050219076508,centrale (10-90%),,483.0,recording_gap_not_interpolated,False
061_260404082403.csv,Timestamp,recording_gap,250.43333333333334,252.88333333333333,84.40624648915852,85.23199640489833,centrale (10-90%),,147.0,recording_gap_not_interpolated,False
063_260412113502.csv,Potenza,missing_value,1.7166666666666666,1.7333333333333334,1.3176410387616733,1.3304336702059614,inizio (0-10%),2,3.0,short_but_record_deferred,False
063_260412113502.csv,Potenza,missing_value,20.733333333333334,20.766666666666666,15.914033516694383,15.93961877958296,centrale (10-90%),3,4.0,short_but_record_deferred,False
063_260412113502.csv,Potenza,missing_value,25.066666666666666,25.066666666666666,19.24011769220929,19.24011769220929,centrale (10-90%),1,2.0,short_but_record_deferred,False
063_260412113502.csv,Potenza,missing_value,25.133333333333333,25.166666666666668,19.29128821798644,19.316873480875017,centrale (10-90%),3,4.0,short_but_record_deferred,False
063_260412113502.csv,Potenza,missing_value,34.55,34.56666666666667,26.51912498400921,26.531917615453498,centrale (10-90%),2,3.0,short_but_record_deferred,False
063_260412113502.csv,Potenza,missing_value,50.35,50.416666666666664,38.64653959319432,38.69771011897147,centrale (10-90%),5,6.0,length_ge_5s,False
063_260412113502.csv,Potenza,missing_value,52.083333333333336,52.1,39.97697326340028,39.98976589484457,centrale (10-90%),2,3.0,short_but_record_deferred,False
063_260412113502.csv,Potenza,missing_value,52.28333333333333,52.31666666666667,40.13048484073174,40.156070103620316,centrale (10-90%),3,4.0,short_but_record_deferred,False
063_260412113502.csv,Potenza,missing_value,52.483333333333334,52.516666666666666,40.2839964180632,40.30958168095177,centrale (10-90%),3,4.0,short_but_record_deferred,False
063_260412113502.csv,Potenza,missing_value,52.7,52.71666666666667,40.45030062683894,40.46309325828323,centrale (10-90%),2,3.0,short_but_record_deferred,False
063_260412113502.csv,Potenza,missing_value,53.2,53.21666666666667,40.83407957016758,40.84687220161187,centrale (10-90%),2,3.0,short_but_record_deferred,False
063_260412113502.csv,Potenza,missing_value,53.61666666666667,53.63333333333333,41.15389535627479,41.16668798771907,centrale (10-90%),2,3.0,short_but_record_deferred,False
063_260412113502.csv,Potenza,missing_value,53.81666666666667,54.0,41.307406933606245,41.44812587949341,centrale (10-90%),12,13.0,length_ge_5s,False
063_260412113502.csv,Potenza,missing_value,66.33333333333333,66.45,50.9146731482666,51.004221568376614,centrale (10-90%),8,9.0,length_ge_5s,False
063_260412113502.csv,HR,missing_value,66.0,66.08333333333333,50.65882051938084,50.722783676602276,centrale (10-90%),6,7.0,length_ge_5s,False
066_260424160919.csv,Potenza,missing_value,0.0,1.5166666666666666,0.0,1.9411262798634812,inizio (0-10%),92,,edge,False
066_260424160919.csv,Timestamp,recording_gap,67.53333333333333,67.91666666666667,86.4334470989761,86.9240614334471,centrale (10-90%),,23.0,recording_gap_not_interpolated,False
071_260502130449.csv,Potenza,missing_value,12.3,12.3,27.650805545147996,27.650805545147996,centrale (10-90%),1,2.0,interpolated,True
071_260502130449.csv,Timestamp,recording_gap,21.116666666666667,22.016666666666666,47.47096290745598,49.4941925814912,centrale (10-90%),,54.0,recording_gap_not_interpolated,False
071_260502130449.csv,Timestamp,recording_gap,22.166666666666668,22.266666666666666,49.83139752716373,50.056200824278754,centrale (10-90%),,6.0,recording_gap_not_interpolated,False
071_260502130449.csv,Timestamp,recording_gap,22.433333333333334,25.416666666666668,50.43087298613713,57.13750468340202,centrale (10-90%),,179.0,recording_gap_not_interpolated,False
072_260502140459.csv,Potenza,missing_value,22.1,22.116666666666667,21.72346002621232,21.739842726081257,centrale (10-90%),2,3.0,short_but_record_deferred,False
072_260502140459.csv,Potenza,missing_value,60.96666666666667,61.21666666666667,59.92791612057667,60.17365661861075,centrale (10-90%),16,17.0,length_ge_5s,False
072_260502140459.csv,Potenza,missing_value,61.25,61.25,60.206422018348626,60.206422018348626,centrale (10-90%),1,2.0,short_but_record_deferred,False
072_260502140459.csv,Potenza,missing_value,61.3,61.31666666666667,60.255570117955436,60.27195281782438,centrale (10-90%),2,3.0,short_but_record_deferred,False
072_260502140459.csv,Potenza,missing_value,61.38333333333333,61.38333333333333,60.33748361730013,60.33748361730013,centrale (10-90%),1,2.0,short_but_record_deferred,False
077_260517080120.csv,Potenza,missing_value,35.0,35.016666666666666,19.992383853769994,20.0019040365575,centrale (10-90%),2,3.0,short_but_record_deferred,False
077_260517080120.csv,Potenza,missing_value,37.3,37.333333333333336,21.306169078446306,21.325209444021326,centrale (10-90%),3,4.0,short_but_record_deferred,False
077_260517080120.csv,Potenza,missing_value,37.6,37.6,21.47753236862148,21.47753236862148,centrale (10-90%),1,2.0,short_but_record_deferred,False
077_260517080120.csv,Potenza,missing_value,63.11666666666667,63.18333333333333,36.05293221629855,36.09101294744859,centrale (10-90%),5,6.0,length_ge_5s,False
077_260517080120.csv,Potenza,missing_value,83.93333333333334,83.96666666666667,47.94364051789795,47.96268088347296,centrale (10-90%),3,4.0,short_but_record_deferred,False
077_260517080120.csv,Potenza,missing_value,84.11666666666666,84.16666666666667,48.048362528560546,48.07692307692308,centrale (10-90%),4,5.0,short_but_record_deferred,False
077_260517080120.csv,Potenza,missing_value,84.55,84.58333333333333,48.295887281035796,48.31492764661081,centrale (10-90%),3,4.0,short_but_record_deferred,False
077_260517080120.csv,Timestamp,recording_gap,20.333333333333332,20.416666666666668,11.614623000761615,11.662223914699162,centrale (10-90%),,5.0,recording_gap_not_interpolated,False
077_260517080120.csv,Timestamp,recording_gap,57.71666666666667,57.88333333333333,32.96839299314547,33.063594821020565,centrale (10-90%),,10.0,recording_gap_not_interpolated,False
084_260529161523.csv,Potenza,missing_value,79.88333333333334,80.91666666666667,97.69669792091317,98.96045658377497,fine (90-100%),18,149.0,recording_gap,False
084_260529161523.csv,Potenza,missing_value,81.01666666666667,81.76666666666667,99.08275580921321,100.0,fine (90-100%),19,,edge,False
084_260529161523.csv,Timestamp,recording_gap,0.016666666666666666,0.08333333333333333,0.020383204239706482,0.10191602119853241,inizio (0-10%),,4.0,recording_gap_not_interpolated,False
084_260529161523.csv,Timestamp,recording_gap,3.933333333333333,4.133333333333334,4.81043620057073,5.055034651447207,inizio (0-10%),,12.0,recording_gap_not_interpolated,False
084_260529161523.csv,Timestamp,recording_gap,51.63333333333333,52.55,63.14716673461068,64.26824296779454,centrale (10-90%),,55.0,recording_gap_not_interpolated,False
084_260529161523.csv,Timestamp,recording_gap,76.45,77.6,93.49775784753363,94.90419894007339,fine (90-100%),,69.0,recording_gap_not_interpolated,False
084_260529161523.csv,Timestamp,recording_gap,78.45,79.88333333333334,95.94374235629842,97.69669792091317,fine (90-100%),,86.0,recording_gap_not_interpolated,False
084_260529161523.csv,Timestamp,recording_gap,80.08333333333333,80.85,97.94129637178965,98.87892376681614,fine (90-100%),,46.0,recording_gap_not_interpolated,False
084_260529161523.csv,Timestamp,recording_gap,81.11666666666666,81.58333333333333,99.20505503465145,99.77578475336323,fine (90-100%),,28.0,recording_gap_not_interpolated,False
086_260602100204.csv,Potenza,missing_value,37.21666666666667,37.233333333333334,37.06224066390042,37.07883817427386,centrale (10-90%),2,3.0,short_but_record_deferred,False
086_260602100204.csv,Potenza,missing_value,41.583333333333336,41.6,41.41078838174274,41.427385892116185,centrale (10-90%),2,3.0,short_but_record_deferred,False
086_260602100204.csv,Potenza,missing_value,60.06666666666667,60.083333333333336,59.81742738589212,59.83402489626556,centrale (10-90%),2,3.0,short_but_record_deferred,False
086_260602100204.csv,Potenza,missing_value,60.35,60.43333333333333,60.09958506224066,60.18257261410788,centrale (10-90%),6,7.0,length_ge_5s,False
086_260602100204.csv,Potenza,missing_value,60.96666666666667,60.96666666666667,60.71369294605809,60.71369294605809,centrale (10-90%),1,2.0,short_but_record_deferred,False
086_260602100204.csv,Potenza,missing_value,61.71666666666667,61.733333333333334,61.46058091286307,61.477178423236516,centrale (10-90%),2,3.0,short_but_record_deferred,False
086_260602100204.csv,Potenza,missing_value,62.56666666666667,62.583333333333336,62.30705394190871,62.32365145228216,centrale (10-90%),2,3.0,short_but_record_deferred,False
086_260602100204.csv,Potenza,missing_value,77.33333333333333,77.35,77.01244813278008,77.02904564315352,centrale (10-90%),2,3.0,short_but_record_deferred,False
089_260614094858.csv,Potenza,missing_value,21.083333333333332,21.083333333333332,77.51225490196079,77.51225490196079,centrale (10-90%),1,346.0,recording_gap,False
089_260614094858.csv,Timestamp,recording_gap,13.666666666666666,14.416666666666666,50.245098039215684,53.002450980392155,centrale (10-90%),,45.0,recording_gap_not_interpolated,False
089_260614094858.csv,Timestamp,recording_gap,15.333333333333334,21.083333333333332,56.372549019607845,77.51225490196079,centrale (10-90%),,345.0,recording_gap_not_interpolated,False
089_260614094858.csv,Timestamp,recording_gap,25.683333333333334,26.2,94.42401960784314,96.32352941176471,fine (90-100%),,31.0,recording_gap_not_interpolated,False
089_260614094858.csv,Timestamp,recording_gap,26.416666666666668,26.566666666666666,97.12009803921569,97.67156862745098,fine (90-100%),,9.0,recording_gap_not_interpolated,False
089_260614094858.csv,Timestamp,recording_gap,26.866666666666667,27.1,98.77450980392157,99.63235294117646,fine (90-100%),,14.0,recording_gap_not_interpolated,False
097_260705084902.csv,Potenza,missing_value,2.7666666666666666,2.783333333333333,1.5391747797867408,1.5484469170143718,inizio (0-10%),2,3.0,short_but_record_deferred,False
097_260705084902.csv,Potenza,missing_value,12.733333333333333,12.766666666666667,7.0839128419100605,7.102457116365322,inizio (0-10%),3,4.0,short_but_record_deferred,False
097_260705084902.csv,Potenza,missing_value,15.833333333333334,15.866666666666667,8.808530366249421,8.827074640704682,inizio (0-10%),3,4.0,short_but_record_deferred,False
097_260705084902.csv,Potenza,missing_value,22.716666666666665,22.716666666666665,12.637923041261011,12.637923041261011,centrale (10-90%),1,2.0,short_but_record_deferred,False
097_260705084902.csv,Potenza,missing_value,30.066666666666666,30.066666666666666,16.726935558646268,16.726935558646268,centrale (10-90%),1,2.0,short_but_record_deferred,False
097_260705084902.csv,Potenza,missing_value,92.01666666666667,92.01666666666667,51.19146963375058,51.19146963375058,centrale (10-90%),1,65.0,recording_gap,False
097_260705084902.csv,Potenza,missing_value,119.68333333333334,119.76666666666667,66.58321743161798,66.62957811775614,centrale (10-90%),6,7.0,length_ge_5s,False
097_260705084902.csv,Potenza,missing_value,119.8,119.81666666666666,66.6481223922114,66.65739452943903,centrale (10-90%),2,3.0,short_but_record_deferred,False
097_260705084902.csv,Potenza,missing_value,142.78333333333333,142.85,79.43439962911451,79.47148817802504,centrale (10-90%),5,6.0,length_ge_5s,False
097_260705084902.csv,HR,missing_value,64.56666666666666,64.58333333333333,35.920259619842376,35.92953175707,centrale (10-90%),2,3.0,short_but_record_deferred,False
097_260705084902.csv,HR,missing_value,90.81666666666666,90.91666666666667,50.523875753361146,50.57950857672694,centrale (10-90%),7,8.0,length_ge_5s,False
097_260705084902.csv,HR,missing_value,174.76666666666668,174.91666666666666,97.22763096893834,97.31108020398702,fine (90-100%),10,11.0,length_ge_5s,False
097_260705084902.csv,HR,missing_value,174.96666666666667,175.1,97.33889661566991,97.41307371349096,fine (90-100%),9,10.0,length_ge_5s,False
097_260705084902.csv,Timestamp,recording_gap,28.133333333333333,28.233333333333334,15.651367640241075,15.707000463606862,centrale (10-90%),,6.0,recording_gap_not_interpolated,False
097_260705084902.csv,Timestamp,recording_gap,28.266666666666666,28.4,15.725544738062123,15.79972183588317,centrale (10-90%),,8.0,recording_gap_not_interpolated,False
097_260705084902.csv,Timestamp,recording_gap,43.8,43.96666666666667,24.367176634214186,24.459898006490498,centrale (10-90%),,10.0,recording_gap_not_interpolated,False
097_260705084902.csv,Timestamp,recording_gap,90.95,92.01666666666667,50.598052851182196,51.19146963375058,centrale (10-90%),,64.0,recording_gap_not_interpolated,False
106_260728062911.csv,Potenza,missing_value,60.38333333333333,60.38333333333333,64.59261900517026,64.59261900517026,centrale (10-90%),1,2.0,interpolated,True
106_260728062911.csv,Timestamp,recording_gap,54.36666666666667,54.8,58.15653414155821,58.62007487965769,centrale (10-90%),,26.0,recording_gap_not_interpolated,False
106_260728062911.csv,Timestamp,recording_gap,75.35,75.63333333333334,80.60260295952932,80.90568728828669,centrale (10-90%),,17.0,recording_gap_not_interpolated,False
106_260728062911.csv,Timestamp,recording_gap,75.7,75.91666666666667,80.9770012479943,81.20877161704404,centrale (10-90%),,13.0,recording_gap_not_interpolated,False
108_260801060832.csv,Potenza,missing_value,62.8,62.81666666666667,18.297479726120525,18.30233574515612,centrale (10-90%),2,3.0,short_but_record_deferred,False
108_260801060832.csv,Potenza,missing_value,256.8,256.8,74.8215413004419,74.8215413004419,centrale (10-90%),1,58.0,recording_gap,False
108_260801060832.csv,Potenza,missing_value,272.8666666666667,272.8666666666667,79.50274365075511,79.50274365075511,centrale (10-90%),1,373.0,recording_gap,False
108_260801060832.csv,Timestamp,recording_gap,70.63333333333334,71.98333333333333,20.579808672849996,20.973146214733163,centrale (10-90%),,81.0,recording_gap_not_interpolated,False
108_260801060832.csv,Timestamp,recording_gap,108.61666666666666,109.2,31.646676054970136,31.816636721215946,centrale (10-90%),,35.0,recording_gap_not_interpolated,False
108_260801060832.csv,Timestamp,recording_gap,120.5,122.26666666666667,35.1090176273491,35.62375564512213,centrale (10-90%),,106.0,recording_gap_not_interpolated,False
108_260801060832.csv,Timestamp,recording_gap,172.65,174.61666666666667,50.30350118972466,50.876511435924826,centrale (10-90%),,118.0,recording_gap_not_interpolated,False
108_260801060832.csv,Timestamp,recording_gap,177.96666666666667,178.06666666666666,51.852571262079344,51.881707376292916,centrale (10-90%),,6.0,recording_gap_not_interpolated,False
108_260801060832.csv,Timestamp,recording_gap,180.4,181.21666666666667,52.56155004127616,52.7994949740203,centrale (10-90%),,49.0,recording_gap_not_interpolated,False
108_260801060832.csv,Timestamp,recording_gap,181.28333333333333,184.03333333333333,52.81891905016268,53.62016219103579,centrale (10-90%),,165.0,recording_gap_not_interpolated,False
108_260801060832.csv,Timestamp,recording_gap,231.03333333333333,232.16666666666666,67.31413587141262,67.64434516583304,centrale (10-90%),,68.0,recording_gap_not_interpolated,False
108_260801060832.csv,Timestamp,recording_gap,251.9,251.96666666666667,73.39387170397708,73.41329578011946,centrale (10-90%),,4.0,recording_gap_not_interpolated,False
108_260801060832.csv,Timestamp,recording_gap,255.85,256.8,74.54474821541301,74.8215413004419,centrale (10-90%),,57.0,recording_gap_not_interpolated,False
108_260801060832.csv,Timestamp,recording_gap,266.6666666666667,272.8666666666667,77.69630456951391,79.50274365075511,centrale (10-90%),,372.0,recording_gap_not_interpolated,False
108_260801060832.csv,Timestamp,recording_gap,273.18333333333334,274.1166666666667,79.5950080124314,79.8669450784247,centrale (10-90%),,56.0,recording_gap_not_interpolated,False
108_260801060832.csv,Timestamp,recording_gap,285.6333333333333,285.75,83.2224542320206,83.25644636526975,centrale (10-90%),,7.0,recording_gap_not_interpolated,False
108_260801060832.csv,Timestamp,recording_gap,290.0,290.1666666666667,84.49473121934638,84.54329140970232,centrale (10-90%),,10.0,recording_gap_not_interpolated,False
108_260801060832.csv,Timestamp,recording_gap,327.01666666666665,327.31666666666666,95.27994949740203,95.36735784004273,fine (90-100%),,18.0,recording_gap_not_interpolated,False
108_260801060832.csv,Timestamp,recording_gap,328.81666666666666,330.65,95.80439955324624,96.33856164716165,fine (90-100%),,110.0,recording_gap_not_interpolated,False
118_260827070608.csv,Potenza,missing_value,0.0,4.05,0.0,4.980528796884608,inizio (0-10%),7,,edge,False
118_260827070608.csv,Timestamp,recording_gap,0.08333333333333333,4.05,0.10248001639680263,4.980528796884608,inizio (0-10%),,238.0,recording_gap_not_interpolated,False
118_260827070608.csv,Timestamp,recording_gap,4.283333333333333,5.066666666666666,5.267472842795655,6.2307849969256,inizio (0-10%),,47.0,recording_gap_not_interpolated,False
118_260827070608.csv,Timestamp,recording_gap,41.916666666666664,42.11666666666667,51.54744824759172,51.79340028694405,centrale (10-90%),,12.0,recording_gap_not_interpolated,False
121_260830104514.csv,Potenza,missing_value,18.116666666666667,18.116666666666667,18.87152777777778,18.87152777777778,centrale (10-90%),1,2.0,interpolated,True
121_260830104514.csv,Potenza,missing_value,19.016666666666666,19.033333333333335,19.80902777777778,19.82638888888889,centrale (10-90%),2,3.0,interpolated,True
121_260830104514.csv,Potenza,missing_value,72.01666666666667,72.01666666666667,75.01736111111111,75.01736111111111,centrale (10-90%),1,2.0,interpolated,True
121_260830104514.csv,Potenza,missing_value,74.11666666666666,74.15,77.20486111111111,77.23958333333333,centrale (10-90%),3,4.0,interpolated,True
121_260830104514.csv,Potenza,missing_value,74.41666666666667,74.43333333333334,77.51736111111111,77.53472222222223,centrale (10-90%),2,3.0,interpolated,True
121_260830104514.csv,Potenza,missing_value,76.98333333333333,77.0,80.19097222222223,80.20833333333333,centrale (10-90%),2,3.0,interpolated,True
121_260830104514.csv,Potenza,missing_value,77.2,77.2,80.41666666666667,80.41666666666667,centrale (10-90%),1,2.0,interpolated,True
121_260830104514.csv,Potenza,missing_value,83.08333333333333,83.08333333333333,86.54513888888889,86.54513888888889,centrale (10-90%),1,2.0,interpolated,True
121_260830104514.csv,Potenza,missing_value,86.33333333333333,86.35,89.93055555555556,89.94791666666667,centrale (10-90%),2,3.0,interpolated,True
121_260830104514.csv,Potenza,missing_value,86.78333333333333,86.81666666666666,90.39930555555556,90.43402777777777,fine (90-100%),3,4.0,interpolated,True
126_260905152115.csv,Potenza,missing_value,27.083333333333332,27.116666666666667,30.45352323838081,30.491004497751124,centrale (10-90%),3,4.0,short_but_record_deferred,False
126_260905152115.csv,Potenza,missing_value,32.21666666666667,32.21666666666667,36.2256371814093,36.2256371814093,centrale (10-90%),1,2.0,short_but_record_deferred,False
126_260905152115.csv,Potenza,missing_value,32.36666666666667,32.38333333333333,36.39430284857571,36.41304347826087,centrale (10-90%),2,3.0,short_but_record_deferred,False
126_260905152115.csv,Potenza,missing_value,48.733333333333334,48.75,54.7976011994003,54.81634182908546,centrale (10-90%),2,3.0,short_but_record_deferred,False
126_260905152115.csv,Potenza,missing_value,48.833333333333336,48.833333333333336,54.91004497751124,54.91004497751124,centrale (10-90%),1,2.0,short_but_record_deferred,False
126_260905152115.csv,Potenza,missing_value,80.15,80.16666666666667,90.12368815592204,90.1424287856072,fine (90-100%),2,3.0,short_but_record_deferred,False
126_260905152115.csv,HR,missing_value,71.93333333333334,72.08333333333333,80.88455772113943,81.05322338830585,centrale (10-90%),10,11.0,length_ge_5s,False
128_260908061657.csv,Potenza,missing_value,0.0,0.0,0.0,0.0,inizio (0-10%),1,,edge,False
128_260908061657.csv,Timestamp,recording_gap,20.683333333333334,20.783333333333335,25.7736240913811,25.898234683281412,centrale (10-90%),,6.0,recording_gap_not_interpolated,False
128_260908061657.csv,Timestamp,recording_gap,30.866666666666667,31.566666666666666,38.46313603322949,39.335410176531674,centrale (10-90%),,42.0,recording_gap_not_interpolated,False
128_260908061657.csv,Timestamp,recording_gap,73.76666666666667,74.38333333333334,91.92107995846314,92.6895119418484,fine (90-100%),,37.0,recording_gap_not_interpolated,False
