filename,start_s,end_s,interval_s,excess_over_nominal_s
084_260529161523.csv,1.0,5.0,4.0,3.0
084_260529161523.csv,236.0,248.0,12.0,11.0
084_260529161523.csv,3098.0,3153.0,55.0,54.0
084_260529161523.csv,4587.0,4656.0,69.0,68.0
084_260529161523.csv,4707.0,4793.0,86.0,85.0
084_260529161523.csv,4805.0,4851.0,46.0,45.0
084_260529161523.csv,4867.0,4895.0,28.0,27.0
106_260728062911.csv,3262.0,3288.0,26.0,25.0
106_260728062911.csv,4521.0,4538.0,17.0,16.0
106_260728062911.csv,4542.0,4555.0,13.0,12.0
077_260517080120.csv,1220.0,1225.0,5.0,4.0
077_260517080120.csv,3463.0,3473.0,10.0,9.0
118_260827070608.csv,5.0,243.0,238.0,237.0
118_260827070608.csv,257.0,304.0,47.0,46.0
118_260827070608.csv,2515.0,2527.0,12.0,11.0
089_260614094858.csv,820.0,865.0,45.0,44.0
089_260614094858.csv,920.0,1265.0,345.0,344.0
089_260614094858.csv,1541.0,1572.0,31.0,30.0
089_260614094858.csv,1585.0,1594.0,9.0,8.0
089_260614094858.csv,1612.0,1626.0,14.0,13.0
005_250525105224.csv,0.0,6.0,6.0,5.0
071_260502130449.csv,1267.0,1321.0,54.0,53.0
071_260502130449.csv,1330.0,1336.0,6.0,5.0
071_260502130449.csv,1346.0,1525.0,179.0,178.0
066_260424160919.csv,4052.0,4075.0,23.0,22.0
061_260404082403.csv,2214.0,2792.0,578.0,577.0
061_260404082403.csv,2862.0,2881.0,19.0,18.0
061_260404082403.csv,3680.0,3701.0,21.0,20.0
061_260404082403.csv,3978.0,4179.0,201.0,200.0
061_260404082403.csv,4257.0,4277.0,20.0,19.0
061_260404082403.csv,4312.0,4332.0,20.0,19.0
061_260404082403.csv,4393.0,4412.0,19.0,18.0
061_260404082403.csv,5656.0,5730.0,74.0,73.0
061_260404082403.csv,5740.0,5831.0,91.0,90.0
061_260404082403.csv,7272.0,7303.0,31.0,30.0
061_260404082403.csv,7330.0,7390.0,60.0,59.0
061_260404082403.csv,7425.0,7455.0,30.0,29.0
061_260404082403.csv,8787.0,8848.0,61.0,60.0
061_260404082403.csv,8865.0,8940.0,75.0,74.0
061_260404082403.csv,8950.0,9374.0,424.0,423.0
061_260404082403.csv,9388.0,9465.0,77.0,76.0
061_260404082403.csv,9573.0,9608.0,35.0,34.0
061_260404082403.csv,10129.0,10149.0,20.0,19.0
061_260404082403.csv,10855.0,10924.0,69.0,68.0
061_260404082403.csv,12069.0,12097.0,28.0,27.0
061_260404082403.csv,12099.0,12312.0,213.0,212.0
061_260404082403.csv,13423.0,13435.0,12.0,11.0
061_260404082403.csv,13441.0,13488.0,47.0,46.0
061_260404082403.csv,13497.0,13980.0,483.0,482.0
061_260404082403.csv,15026.0,15173.0,147.0,146.0
040_250906154316.csv,446.0,460.0,14.0,13.0
040_250906154316.csv,645.0,651.0,6.0,5.0
040_250906154316.csv,853.0,927.0,74.0,73.0
040_250906154316.csv,2133.0,2166.0,33.0,32.0
040_250906154316.csv,2501.0,3363.0,862.0,861.0
055_260110082743.csv,3702.0,3736.0,34.0,33.0
055_260110082743.csv,3869.0,3880.0,11.0,10.0
055_260110082743.csv,4424.0,4492.0,68.0,67.0
055_260110082743.csv,5683.0,5705.0,22.0,21.0
055_260110082743.csv,5794.0,5819.0,25.0,24.0
055_260110082743.csv,6120.0,6157.0,37.0,36.0
055_260110082743.csv,8458.0,8503.0,45.0,44.0
055_260110082743.csv,8508.0,8529.0,21.0,20.0
055_260110082743.csv,10373.0,10398.0,25.0,24.0
055_260110082743.csv,10790.0,10794.0,4.0,3.0
055_260110082743.csv,12324.0,12351.0,27.0,26.0
055_260110082743.csv,13989.0,14012.0,23.0,22.0
055_260110082743.csv,14191.0,14237.0,46.0,45.0
018_250628080614.csv,2461.0,2471.0,10.0,9.0
010_250608073054.csv,2235.0,2240.0,5.0,4.0
036_250823070906.csv,1802.0,1816.0,14.0,13.0
036_250823070906.csv,3289.0,3357.0,68.0,67.0
036_250823070906.csv,5540.0,5885.0,345.0,344.0
036_250823070906.csv,6055.0,6084.0,29.0,28.0
036_250823070906.csv,6154.0,6164.0,10.0,9.0
036_250823070906.csv,7563.0,7614.0,51.0,50.0
036_250823070906.csv,9762.0,9968.0,206.0,205.0
036_250823070906.csv,10794.0,10829.0,35.0,34.0
036_250823070906.csv,11945.0,12002.0,57.0,56.0
036_250823070906.csv,14458.0,14662.0,204.0,203.0
036_250823070906.csv,14678.0,14700.0,22.0,21.0
036_250823070906.csv,15350.0,15413.0,63.0,62.0
036_250823070906.csv,16873.0,16893.0,20.0,19.0
036_250823070906.csv,18045.0,18071.0,26.0,25.0
036_250823070906.csv,18221.0,18283.0,62.0,61.0
036_250823070906.csv,18630.0,18636.0,6.0,5.0
128_260908061657.csv,1241.0,1247.0,6.0,5.0
128_260908061657.csv,1852.0,1894.0,42.0,41.0
128_260908061657.csv,4426.0,4463.0,37.0,36.0
108_260801060832.csv,4238.0,4319.0,81.0,80.0
108_260801060832.csv,6517.0,6552.0,35.0,34.0
108_260801060832.csv,7230.0,7336.0,106.0,105.0
108_260801060832.csv,10359.0,10477.0,118.0,117.0
108_260801060832.csv,10678.0,10684.0,6.0,5.0
108_260801060832.csv,10824.0,10873.0,49.0,48.0
108_260801060832.csv,10877.0,11042.0,165.0,164.0
108_260801060832.csv,13862.0,13930.0,68.0,67.0
108_260801060832.csv,15114.0,15118.0,4.0,3.0
108_260801060832.csv,15351.0,15408.0,57.0,56.0
108_260801060832.csv,16000.0,16372.0,372.0,371.0
108_260801060832.csv,16391.0,16447.0,56.0,55.0
108_260801060832.csv,17138.0,17145.0,7.0,6.0
108_260801060832.csv,17400.0,17410.0,10.0,9.0
108_260801060832.csv,19621.0,19639.0,18.0,17.0
108_260801060832.csv,19729.0,19839.0,110.0,109.0
020_250629084934.csv,10731.0,10757.0,26.0,25.0
029_250718101116.csv,2631.0,2636.0,5.0,4.0
029_250718101116.csv,3790.0,3794.0,4.0,3.0
029_250718101116.csv,3805.0,3858.0,53.0,52.0
029_250718101116.csv,4339.0,4380.0,41.0,40.0
029_250718101116.csv,6261.0,6268.0,7.0,6.0
054_260105090043.csv,1771.0,1797.0,26.0,25.0
054_260105090043.csv,6742.0,6864.0,122.0,121.0
054_260105090043.csv,9372.0,9413.0,41.0,40.0
054_260105090043.csv,10998.0,11472.0,474.0,473.0
053_251220083114.csv,4567.0,4573.0,6.0,5.0
053_251220083114.csv,10708.0,11716.0,1008.0,1007.0
053_251220083114.csv,14620.0,14631.0,11.0,10.0
053_251220083114.csv,14853.0,14875.0,22.0,21.0
053_251220083114.csv,14877.0,14895.0,18.0,17.0
097_260705084902.csv,1688.0,1694.0,6.0,5.0
097_260705084902.csv,1696.0,1704.0,8.0,7.0
097_260705084902.csv,2628.0,2638.0,10.0,9.0
097_260705084902.csv,5457.0,5521.0,64.0,63.0
019_250629080321.csv,30.0,550.0,520.0,519.0
019_250629080321.csv,1115.0,1152.0,37.0,36.0
019_250629080321.csv,1154.0,1157.0,3.0,2.0
039_250831123125.csv,477.0,552.0,75.0,74.0
039_250831123125.csv,660.0,1018.0,358.0,357.0
