csv_file,excluded,modified,source_samples,source_duration_s,max_timestamp_interval_s,reason,trimmed,trimmed_head_rows,trimmed_tail_rows,kept_source_start_s,kept_source_end_s,output_samples,inserted_rows,power_imputed,hr_imputed,interpolation_events
activities/001_250511145356.csv,True,False,7511,7789.0,149.0,timestamp_interval_gt_10s,,,,,,,,,,
activities/002_250518083010.csv,False,True,10133,10132.0,1.0,,True,988,0,988.0,10132.0,9145,0,16,2,9
activities/003_250524075639.csv,False,False,3676,3675.0,1.0,,False,0,0,0.0,3675.0,3676,0,0,0,0
activities/004_250525093943.csv,True,False,2520,3589.0,584.0,timestamp_interval_gt_10s,,,,,,,,,,
activities/005_250525105224.csv,False,True,6222,6226.0,6.0,,False,0,0,0.0,6226.0,6227,5,11,11,6
activities/006_250601090758.csv,True,False,1383,1653.0,163.0,timestamp_interval_gt_10s,,,,,,,,,,
activities/007_250601095058.csv,False,True,5950,5949.0,1.0,,True,431,555,431.0,5394.0,4964,0,12,7,5
activities/008_250604173939.csv,False,False,3716,3715.0,1.0,,False,0,0,0.0,3715.0,3716,0,0,0,0
activities/009_250607081806.csv,True,False,3607,3660.0,51.0,timestamp_interval_gt_10s,,,,,,,,,,
activities/010_250608073054.csv,False,True,8276,8279.0,5.0,,True,601,0,601.0,8279.0,7679,4,11,4,5
activities/011_250611110321.csv,False,False,3775,3774.0,1.0,,False,0,0,0.0,3774.0,3775,0,0,0,0
activities/012_250615095052.csv,True,False,718,1431.0,218.0,timestamp_interval_gt_10s,,,,,,,,,,
activities/013_250615104019.csv,False,True,8374,8373.0,1.0,,True,841,681,841.0,7692.0,6852,0,16,26,10
activities/014_250618105426.csv,False,True,220,219.0,1.0,,True,1,0,1.0,219.0,219,0,0,0,0
activities/015_250622100132.csv,True,False,1521,1588.0,63.0,timestamp_interval_gt_10s,,,,,,,,,,
activities/016_250622105241.csv,False,True,6666,6665.0,1.0,,True,1,0,1.0,6665.0,6665,0,1,0,1
activities/017_250625105513.csv,False,False,4371,4370.0,1.0,,False,0,0,0.0,4370.0,4371,0,0,0,0
activities/018_250628080614.csv,False,True,3338,3346.0,10.0,,True,1,0,1.0,3346.0,3346,9,9,9,2
activities/019_250629080321.csv,True,False,1032,1588.0,520.0,timestamp_interval_gt_10s,,,,,,,,,,
activities/020_250629084934.csv,True,False,14193,14217.0,26.0,timestamp_interval_gt_10s,,,,,,,,,,
activities/021_250701180337.csv,True,False,4844,4897.0,39.0,timestamp_interval_gt_10s,,,,,,,,,,
activities/022_250706152531.csv,True,False,11385,11663.0,128.0,timestamp_interval_gt_10s,,,,,,,,,,
activities/023_250708171459.csv,False,True,5016,5028.0,10.0,,False,0,0,0.0,5028.0,5029,13,13,13,4
activities/024_250709173010.csv,True,False,4678,4706.0,17.0,timestamp_interval_gt_10s,,,,,,,,,,
activities/025_250712072905.csv,True,False,17094,17688.0,295.0,timestamp_interval_gt_10s,,,,,,,,,,
activities/026_250715165154.csv,True,False,5487,5644.0,77.0,timestamp_interval_gt_10s,,,,,,,,,,
activities/027_250716153128.csv,False,True,4691,4697.0,8.0,,False,0,0,0.0,4697.0,4698,7,7,7,2
activities/028_250717102658.csv,True,False,4947,5081.0,65.0,timestamp_interval_gt_10s,,,,,,,,,,
activities/029_250718101116.csv,True,False,6656,6760.0,53.0,timestamp_interval_gt_10s,,,,,,,,,,
activities/030_250722170310.csv,True,False,5202,5368.0,140.0,timestamp_interval_gt_10s,,,,,,,,,,
activities/031_250723173905.csv,True,False,5230,5355.0,127.0,timestamp_interval_gt_10s,,,,,,,,,,
activities/032_250726080238.csv,True,False,16130,17008.0,195.0,timestamp_interval_gt_10s,,,,,,,,,,
activities/033_250729173622.csv,False,False,4980,4979.0,1.0,,False,0,0,0.0,4979.0,4980,0,0,0,0
activities/034_250731170346.csv,True,False,8354,8563.0,66.0,timestamp_interval_gt_10s,,,,,,,,,,
activities/035_250815073628.csv,True,False,7306,7538.0,108.0,timestamp_interval_gt_10s,,,,,,,,,,
activities/036_250823070906.csv,True,False,17568,18769.0,345.0,timestamp_interval_gt_10s,,,,,,,,,,
activities/037_250830074715.csv,False,False,6942,6941.0,1.0,,False,0,0,0.0,6941.0,6942,0,0,0,0
activities/038_250831104855.csv,True,False,5865,5979.0,85.0,timestamp_interval_gt_10s,,,,,,,,,,
activities/039_250831123125.csv,True,False,592,1022.0,358.0,timestamp_interval_gt_10s,,,,,,,,,,
activities/040_250906154316.csv,True,False,2453,3436.0,862.0,timestamp_interval_gt_10s,,,,,,,,,,
activities/041_250906164426.csv,False,True,4684,4683.0,1.0,,False,0,0,0.0,4683.0,4684,0,14,0,4
activities/042_250907080204.csv,True,False,6395,6584.0,89.0,timestamp_interval_gt_10s,,,,,,,,,,
activities/043_250913140208.csv,True,False,2688,3053.0,132.0,timestamp_interval_gt_10s,,,,,,,,,,
activities/044_250913145805.csv,False,True,5136,5138.0,4.0,,False,0,0,0.0,5138.0,5139,3,29,3,9
activities/045_250914163102.csv,True,False,4039,4259.0,153.0,timestamp_interval_gt_10s,,,,,,,,,,
activities/046_250920081438.csv,True,False,5442,5510.0,61.0,timestamp_interval_gt_10s,,,,,,,,,,
activities/047_250921082448.csv,True,False,1504,1548.0,46.0,timestamp_interval_gt_10s,,,,,,,,,,
activities/048_250921090114.csv,False,True,7391,7393.0,4.0,,True,445,0,448.0,7393.0,6946,0,10,16,7
activities/049_251011081438.csv,True,False,13330,13871.0,214.0,timestamp_interval_gt_10s,,,,,,,,,,
activities/050_251015170431.csv,True,False,4896,4982.0,35.0,timestamp_interval_gt_10s,,,,,,,,,,
activities/051_251018083143.csv,True,False,13628,13767.0,40.0,timestamp_interval_gt_10s,,,,,,,,,,
activities/052_251025083018.csv,True,False,14243,14739.0,262.0,timestamp_interval_gt_10s,,,,,,,,,,
activities/053_251220083114.csv,True,False,13932,14991.0,1008.0,timestamp_interval_gt_10s,,,,,,,,,,
activities/054_260105090043.csv,True,False,12660,13318.0,474.0,timestamp_interval_gt_10s,,,,,,,,,,
activities/055_260110082743.csv,True,False,14248,14622.0,68.0,timestamp_interval_gt_10s,,,,,,,,,,
activities/056_260117082736.csv,True,False,13536,13807.0,132.0,timestamp_interval_gt_10s,,,,,,,,,,
activities/057_260221081917.csv,True,False,13675,14379.0,439.0,timestamp_interval_gt_10s,,,,,,,,,,
activities/058_260301114610.csv,False,True,7915,7914.0,1.0,,True,1,645,1.0,7269.0,7269,0,69,1,23
activities/059_260321102409.csv,True,False,5482,5499.0,19.0,timestamp_interval_gt_10s,,,,,,,,,,
activities/060_260322111400.csv,False,True,5156,5158.0,4.0,,True,383,327,386.0,4831.0,4446,0,1,10,2
activities/061_260404082403.csv,True,False,14973,17802.0,578.0,timestamp_interval_gt_10s,,,,,,,,,,
activities/062_260407082440.csv,False,False,5157,5156.0,1.0,,False,0,0,0.0,5156.0,5157,0,0,0,0
activities/063_260412113502.csv,False,True,7818,7817.0,1.0,,True,105,0,105.0,7817.0,7713,0,48,6,14
activities/064_260418073226.csv,True,False,14455,14732.0,98.0,timestamp_interval_gt_10s,,,,,,,,,,
activities/065_260419082508.csv,False,True,2766,2770.0,6.0,,False,0,0,0.0,2770.0,2771,5,5,5,2
activities/066_260424160919.csv,True,False,4667,4688.0,23.0,timestamp_interval_gt_10s,,,,,,,,,,
activities/067_260425073220.csv,True,False,16934,17664.0,481.0,timestamp_interval_gt_10s,,,,,,,,,,
activities/068_260427170343.csv,True,False,5136,5402.0,202.0,timestamp_interval_gt_10s,,,,,,,,,,
activities/069_260428165622.csv,False,True,4364,4367.0,5.0,,False,0,0,0.0,4367.0,4368,4,4,4,2
activities/070_260501094312.csv,False,False,4477,4476.0,1.0,,False,0,0,0.0,4476.0,4477,0,0,0,0
activities/071_260502130449.csv,True,False,2434,2669.0,179.0,timestamp_interval_gt_10s,,,,,,,,,,
activities/072_260502140459.csv,False,True,6105,6104.0,1.0,,False,0,0,0.0,6104.0,6105,0,22,0,5
activities/073_260509140032.csv,True,False,2886,2910.0,16.0,timestamp_interval_gt_10s,,,,,,,,,,
activities/074_260509150834.csv,False,True,5835,5834.0,1.0,,True,506,0,506.0,5834.0,5329,0,6,3,3
activities/075_260512171641.csv,True,False,5216,5337.0,53.0,timestamp_interval_gt_10s,,,,,,,,,,
activities/076_260513170002.csv,True,False,5777,5896.0,72.0,timestamp_interval_gt_10s,,,,,,,,,,
activities/077_260517080120.csv,False,True,10492,10504.0,10.0,,False,0,0,0.0,10504.0,10505,13,34,13,11
activities/078_260519170927.csv,True,False,5632,5885.0,121.0,timestamp_interval_gt_10s,,,,,,,,,,
activities/079_260522164831.csv,True,False,4382,4445.0,37.0,timestamp_interval_gt_10s,,,,,,,,,,
activities/080_260523080618.csv,True,False,3907,3950.0,41.0,timestamp_interval_gt_10s,,,,,,,,,,
activities/081_260524095636.csv,True,False,2209,2658.0,271.0,timestamp_interval_gt_10s,,,,,,,,,,
activities/082_260524104617.csv,False,True,5968,5967.0,1.0,,True,0,84,0.0,5883.0,5884,0,5,0,2
activities/083_260526170146.csv,True,False,5983,6416.0,398.0,timestamp_interval_gt_10s,,,,,,,,,,
activities/084_260529161523.csv,True,False,4614,4906.0,86.0,timestamp_interval_gt_10s,,,,,,,,,,
activities/085_260602090418.csv,True,False,2387,2919.0,230.0,timestamp_interval_gt_10s,,,,,,,,,,
activities/086_260602100204.csv,False,True,6026,6025.0,1.0,,False,0,0,0.0,6025.0,6026,0,19,0,8
activities/087_260606075342.csv,True,False,14402,14512.0,58.0,timestamp_interval_gt_10s,,,,,,,,,,
activities/088_260609170059.csv,True,False,5131,5146.0,14.0,timestamp_interval_gt_10s,,,,,,,,,,
activities/089_260614094858.csv,True,False,1194,1632.0,345.0,timestamp_interval_gt_10s,,,,,,,,,,
activities/090_260614104013.csv,False,True,8803,8805.0,4.0,,True,783,0,783.0,8805.0,8023,3,12,3,6
activities/091_260616171138.csv,True,False,5566,5658.0,44.0,timestamp_interval_gt_10s,,,,,,,,,,
activities/092_260621094805.csv,True,False,2400,2898.0,241.0,timestamp_interval_gt_10s,,,,,,,,,,
activities/093_260621150426.csv,True,False,9386,9659.0,72.0,timestamp_interval_gt_10s,,,,,,,,,,
activities/094_260623171613.csv,True,False,6654,6701.0,28.0,timestamp_interval_gt_10s,,,,,,,,,,
activities/095_260624171412.csv,False,True,4495,4519.0,8.0,,False,0,0,0.0,4519.0,4520,25,25,25,10
activities/096_260625062641.csv,True,False,3826,4156.0,256.0,timestamp_interval_gt_10s,,,,,,,,,,
activities/097_260705084902.csv,True,False,10702,10785.0,64.0,timestamp_interval_gt_10s,,,,,,,,,,
activities/098_260707172316.csv,True,False,5854,5892.0,40.0,timestamp_interval_gt_10s,,,,,,,,,,
activities/099_260708172128.csv,True,False,5666,5772.0,63.0,timestamp_interval_gt_10s,,,,,,,,,,
activities/100_260712080105.csv,False,False,5774,5773.0,1.0,,False,0,0,0.0,5773.0,5774,0,0,0,0
activities/101_260714172507.csv,True,False,5183,5288.0,44.0,timestamp_interval_gt_10s,,,,,,,,,,
activities/102_260715173151.csv,True,False,4921,5152.0,165.0,timestamp_interval_gt_10s,,,,,,,,,,
activities/103_260716153012.csv,True,False,4792,4841.0,35.0,timestamp_interval_gt_10s,,,,,,,,,,
activities/104_260721071628.csv,True,False,5976,6063.0,59.0,timestamp_interval_gt_10s,,,,,,,,,,
activities/105_260722172413.csv,True,False,3788,3900.0,57.0,timestamp_interval_gt_10s,,,,,,,,,,
activities/106_260728062911.csv,True,False,5557,5609.0,26.0,timestamp_interval_gt_10s,,,,,,,,,,
activities/107_260729172451.csv,True,False,3766,3785.0,17.0,timestamp_interval_gt_10s,,,,,,,,,,
activities/108_260801060832.csv,True,False,19348,20593.0,372.0,timestamp_interval_gt_10s,,,,,,,,,,
activities/109_260802064005.csv,True,False,3851,3868.0,19.0,timestamp_interval_gt_10s,,,,,,,,,,
activities/110_260811165713.csv,True,False,5228,5287.0,43.0,timestamp_interval_gt_10s,,,,,,,,,,
activities/111_260815064223.csv,True,False,17433,18277.0,329.0,timestamp_interval_gt_10s,,,,,,,,,,
activities/112_260816063546.csv,True,False,3963,4054.0,93.0,timestamp_interval_gt_10s,,,,,,,,,,
activities/113_260818062429.csv,True,False,5331,5342.0,13.0,timestamp_interval_gt_10s,,,,,,,,,,
activities/114_260819062707.csv,True,False,5297,5501.0,206.0,timestamp_interval_gt_10s,,,,,,,,,,
activities/115_260822080018.csv,True,False,18273,20955.0,931.0,timestamp_interval_gt_10s,,,,,,,,,,
activities/116_260824074938.csv,True,False,23603,24911.0,169.0,timestamp_interval_gt_10s,,,,,,,,,,
activities/117_260826062619.csv,True,False,5048,5069.0,13.0,timestamp_interval_gt_10s,,,,,,,,,,
activities/118_260827070608.csv,True,False,4586,4879.0,238.0,timestamp_interval_gt_10s,,,,,,,,,,
activities/119_260829063044.csv,False,False,4545,4544.0,1.0,,False,0,0,0.0,4544.0,4545,0,0,0,0
activities/120_260830095410.csv,True,False,2145,2339.0,172.0,timestamp_interval_gt_10s,,,,,,,,,,
activities/121_260830104514.csv,False,True,5761,5760.0,1.0,,True,0,554,0.0,5206.0,5207,0,15,0,9
activities/122_260901062237.csv,True,False,4787,4882.0,58.0,timestamp_interval_gt_10s,,,,,,,,,,
activities/123_260902062649.csv,True,False,5046,5070.0,16.0,timestamp_interval_gt_10s,,,,,,,,,,
activities/124_260904062108.csv,True,False,4631,4655.0,20.0,timestamp_interval_gt_10s,,,,,,,,,,
activities/125_260905142842.csv,True,False,2248,2559.0,113.0,timestamp_interval_gt_10s,,,,,,,,,,
activities/126_260905152115.csv,False,True,5337,5336.0,1.0,,True,0,528,0.0,4808.0,4809,0,9,10,6
activities/127_260906074723.csv,False,False,4046,4045.0,1.0,,False,0,0,0.0,4045.0,4046,0,0,0,0
activities/128_260908061657.csv,True,False,4734,4815.0,42.0,timestamp_interval_gt_10s,,,,,,,,,,
activities/129_260915062325.csv,False,False,4547,4546.0,1.0,,False,0,0,0.0,4546.0,4547,0,0,0,0
activities/130_260916062309.csv,True,False,3760,3839.0,47.0,timestamp_interval_gt_10s,,,,,,,,,,
activities/131_260919065417.csv,True,False,4541,4632.0,90.0,timestamp_interval_gt_10s,,,,,,,,,,
